[0.000000] (-) TimerEvent: {}
[0.000896] (yolo_msgs) JobQueued: {'identifier': 'yolo_msgs', 'dependencies': OrderedDict()}
[0.000958] (yolo_ros) JobQueued: {'identifier': 'yolo_ros', 'dependencies': OrderedDict({'yolo_msgs': '/home/csilab/yolo_ws/install/yolo_msgs'})}
[0.000991] (yolo_bringup) JobQueued: {'identifier': 'yolo_bringup', 'dependencies': OrderedDict({'yolo_msgs': '/home/csilab/yolo_ws/install/yolo_msgs', 'yolo_ros': '/home/csilab/yolo_ws/install/yolo_ros'})}
[0.001017] (yolo_msgs) JobStarted: {'identifier': 'yolo_msgs'}
[0.018052] (yolo_msgs) JobProgress: {'identifier': 'yolo_msgs', 'progress': 'cmake'}
[0.019049] (yolo_msgs) Command: {'cmd': ['/usr/bin/cmake', '/home/csilab/yolo_ws/src/yolo_ros/yolo_msgs', '-DAMENT_CMAKE_SYMLINK_INSTALL=1', '-DCMAKE_INSTALL_PREFIX=/home/csilab/yolo_ws/install/yolo_msgs'], 'cwd': '/home/csilab/yolo_ws/build/yolo_msgs', 'env': OrderedDict({'LESSOPEN': '| /usr/bin/lesspipe %s', 'LANGUAGE': 'ko:en', 'USER': 'csilab', 'LC_TIME': 'en_US.UTF-8', 'GZ_CONFIG_PATH': '/opt/ros/jazzy/opt/gz_sim_vendor/share/gz:/opt/ros/jazzy/opt/sdformat_vendor/share/gz:/opt/ros/jazzy/opt/gz_gui_vendor/share/gz:/opt/ros/jazzy/opt/gz_transport_vendor/share/gz:/opt/ros/jazzy/opt/gz_rendering_vendor/share/gz:/opt/ros/jazzy/opt/gz_plugin_vendor/share/gz:/opt/ros/jazzy/opt/gz_fuel_tools_vendor/share/gz:/opt/ros/jazzy/opt/gz_msgs_vendor/share/gz:/opt/ros/jazzy/opt/gz_common_vendor/share/gz', 'XDG_SESSION_TYPE': 'wayland', 'CLUTTER_DISABLE_MIPMAPPED_TEXT': '1', 'SHLVL': '1', 'LD_LIBRARY_PATH': '/home/csilab/turtlebot3_ws/install/dynamixel_sdk_custom_interfaces/lib:/home/csilab/turtlebot3_ws/install/dynamixel_sdk/lib:/opt/ros/jazzy/opt/gz_sim_vendor/lib:/opt/ros/jazzy/opt/gz_sensors_vendor/lib:/opt/ros/jazzy/opt/gz_physics_vendor/lib:/opt/ros/jazzy/opt/sdformat_vendor/lib:/opt/ros/jazzy/opt/rviz_ogre_vendor/lib:/opt/ros/jazzy/lib/x86_64-linux-gnu:/opt/ros/jazzy/opt/gz_gui_vendor/lib:/opt/ros/jazzy/opt/gz_transport_vendor/lib:/opt/ros/jazzy/opt/gz_rendering_vendor/lib:/opt/ros/jazzy/opt/gz_plugin_vendor/lib:/opt/ros/jazzy/opt/gz_fuel_tools_vendor/lib:/opt/ros/jazzy/opt/gz_msgs_vendor/lib:/opt/ros/jazzy/opt/gz_common_vendor/lib:/opt/ros/jazzy/opt/gz_math_vendor/lib:/opt/ros/jazzy/opt/gz_utils_vendor/lib:/opt/ros/jazzy/opt/gz_tools_vendor/lib:/opt/ros/jazzy/opt/gz_ogre_next_vendor/lib:/opt/ros/jazzy/opt/gz_dartsim_vendor/lib:/opt/ros/jazzy/opt/gz_cmake_vendor/lib:/opt/ros/jazzy/lib', 'HOME': '/home/csilab', 'OLDPWD': '/home/csilab/yolo_ws/src/yolo_ros', 'DESKTOP_SESSION': 'ubuntu', 'ROS_PYTHON_VERSION': '3', 'GNOME_SHELL_SESSION_MODE': 'ubuntu', 'GTK_MODULES': 'gail:atk-bridge', 'LC_MONETARY': 'en_US.UTF-8', 'ROS_STATIC_PEERS': '10.8.141.26', 'SYSTEMD_EXEC_PID': '2535', 'GSM_SKIP_SSH_AGENT_WORKAROUND': 'true', 'DBUS_SESSION_BUS_ADDRESS': 'unix:path=/run/user/1000/bus', 'COLORTERM': 'truecolor', 'DEBUGINFOD_URLS': 'https://debuginfod.ubuntu.com', 'IM_CONFIG_PHASE': '1', 'WAYLAND_DISPLAY': 'wayland-0', 'COLCON_PREFIX_PATH': '/home/csilab/turtlebot3_ws/install', 'ROS_DISTRO': 'jazzy', 'LOGNAME': 'csilab', '_': '/usr/bin/colcon', 'ROS_VERSION': '2', 'MEMORY_PRESSURE_WATCH': '/sys/fs/cgroup/user.slice/user-1000.slice/user@1000.service/session.slice/org.gnome.Shell@wayland.service/memory.pressure', 'XDG_SESSION_CLASS': 'user', 'USERNAME': 'csilab', 'TERM': 'xterm-256color', 'GNOME_DESKTOP_SESSION_ID': 'this-is-deprecated', 'ROS_LOCALHOST_ONLY': '0', 'PATH': '/home/csilab/.local/bin:/opt/ros/jazzy/opt/gz_msgs_vendor/bin:/opt/ros/jazzy/opt/gz_tools_vendor/bin:/opt/ros/jazzy/opt/gz_ogre_next_vendor/bin:/opt/ros/jazzy/bin:/home/csilab/.local/bin:/usr/local/sbin:/usr/local/bin:/usr/sbin:/usr/bin:/sbin:/bin:/usr/games:/usr/local/games:/snap/bin:/snap/bin', 'SESSION_MANAGER': 'local/turtle-jeong-pc:@/tmp/.ICE-unix/2504,unix/turtle-jeong-pc:/tmp/.ICE-unix/2504', 'PAPERSIZE': 'letter', 'XDG_MENU_PREFIX': 'gnome-', 'LC_ADDRESS': 'en_US.UTF-8', 'GNOME_TERMINAL_SCREEN': '/org/gnome/Terminal/screen/95e2ff0f_152b_4019_a1da_739bb2262291', 'GNOME_SETUP_DISPLAY': ':1', 'XDG_RUNTIME_DIR': '/run/user/1000', 'DISPLAY': ':0', 'LANG': 'ko_KR.UTF-8', 'XDG_CURRENT_DESKTOP': 'ubuntu:GNOME', 'LC_TELEPHONE': 'en_US.UTF-8', 'XMODIFIERS': '@im=ibus', 'XDG_SESSION_DESKTOP': 'ubuntu', 'XAUTHORITY': '/run/user/1000/.mutter-Xwaylandauth.XT2BS3', 'LS_COLORS': 'rs=0:di=01;34:ln=01;36:mh=00:pi=40;33:so=01;35:do=01;35:bd=40;33;01:cd=40;33;01:or=40;31;01:mi=00:su=37;41:sg=30;43:ca=00:tw=30;42:ow=34;42:st=37;44:ex=01;32:*.tar=01;31:*.tgz=01;31:*.arc=01;31:*.arj=01;31:*.taz=01;31:*.lha=01;31:*.lz4=01;31:*.lzh=01;31:*.lzma=01;31:*.tlz=01;31:*.txz=01;31:*.tzo=01;31:*.t7z=01;31:*.zip=01;31:*.z=01;31:*.dz=01;31:*.gz=01;31:*.lrz=01;31:*.lz=01;31:*.lzo=01;31:*.xz=01;31:*.zst=01;31:*.tzst=01;31:*.bz2=01;31:*.bz=01;31:*.tbz=01;31:*.tbz2=01;31:*.tz=01;31:*.deb=01;31:*.rpm=01;31:*.jar=01;31:*.war=01;31:*.ear=01;31:*.sar=01;31:*.rar=01;31:*.alz=01;31:*.ace=01;31:*.zoo=01;31:*.cpio=01;31:*.7z=01;31:*.rz=01;31:*.cab=01;31:*.wim=01;31:*.swm=01;31:*.dwm=01;31:*.esd=01;31:*.avif=01;35:*.jpg=01;35:*.jpeg=01;35:*.mjpg=01;35:*.mjpeg=01;35:*.gif=01;35:*.bmp=01;35:*.pbm=01;35:*.pgm=01;35:*.ppm=01;35:*.tga=01;35:*.xbm=01;35:*.xpm=01;35:*.tif=01;35:*.tiff=01;35:*.png=01;35:*.svg=01;35:*.svgz=01;35:*.mng=01;35:*.pcx=01;35:*.mov=01;35:*.mpg=01;35:*.mpeg=01;35:*.m2v=01;35:*.mkv=01;35:*.webm=01;35:*.webp=01;35:*.ogm=01;35:*.mp4=01;35:*.m4v=01;35:*.mp4v=01;35:*.vob=01;35:*.qt=01;35:*.nuv=01;35:*.wmv=01;35:*.asf=01;35:*.rm=01;35:*.rmvb=01;35:*.flc=01;35:*.avi=01;35:*.fli=01;35:*.flv=01;35:*.gl=01;35:*.dl=01;35:*.xcf=01;35:*.xwd=01;35:*.yuv=01;35:*.cgm=01;35:*.emf=01;35:*.ogv=01;35:*.ogx=01;35:*.aac=00;36:*.au=00;36:*.flac=00;36:*.m4a=00;36:*.mid=00;36:*.midi=00;36:*.mka=00;36:*.mp3=00;36:*.mpc=00;36:*.ogg=00;36:*.ra=00;36:*.wav=00;36:*.oga=00;36:*.opus=00;36:*.spx=00;36:*.xspf=00;36:*~=00;90:*#=00;90:*.bak=00;90:*.crdownload=00;90:*.dpkg-dist=00;90:*.dpkg-new=00;90:*.dpkg-old=00;90:*.dpkg-tmp=00;90:*.old=00;90:*.orig=00;90:*.part=00;90:*.rej=00;90:*.rpmnew=00;90:*.rpmorig=00;90:*.rpmsave=00;90:*.swp=00;90:*.tmp=00;90:*.ucf-dist=00;90:*.ucf-new=00;90:*.ucf-old=00;90:', 'GNOME_TERMINAL_SERVICE': ':1.181', 'SSH_AUTH_SOCK': '/run/user/1000/keyring/ssh', 'ROS_DOMAIN_ID': '30', 'AMENT_PREFIX_PATH': '/home/csilab/turtlebot3_ws/install/dynamixel_sdk_examples:/home/csilab/turtlebot3_ws/install/dynamixel_sdk_custom_interfaces:/home/csilab/turtlebot3_ws/install/dynamixel_sdk:/opt/ros/jazzy', 'SHELL': '/bin/bash', 'LC_NAME': 'en_US.UTF-8', 'QT_ACCESSIBILITY': '1', 'GDMSESSION': 'ubuntu', 'LESSCLOSE': '/usr/bin/lesspipe %s %s', 'LC_MEASUREMENT': 'en_US.UTF-8', 'LC_IDENTIFICATION': 'en_US.UTF-8', 'ROS_AUTOMATIC_DISCOVERY_RANGE': 'SUBNET', 'QT_IM_MODULE': 'ibus', 'PWD': '/home/csilab/yolo_ws/build/yolo_msgs', 'TURTLEBOT3_MODEL': 'burger', 'LC_ALL': 'en_US.UTF-8', 'XDG_CONFIG_DIRS': '/etc/xdg/xdg-ubuntu:/etc/xdg', 'XDG_DATA_DIRS': '/usr/share/ubuntu:/usr/share/gnome:/usr/local/share/:/usr/share/:/var/lib/snapd/desktop', 'LDS_MODEL': 'LDS-02', 'PYTHONPATH': '/home/csilab/turtlebot3_ws/install/dynamixel_sdk_custom_interfaces/lib/python3.12/site-packages:/home/csilab/turtlebot3_ws/install/dynamixel_sdk/lib/python3.12/site-packages:/opt/ros/jazzy/lib/python3.12/site-packages', 'LC_NUMERIC': 'en_US.UTF-8', 'LC_PAPER': 'en_US.UTF-8', 'COLCON': '1', 'MEMORY_PRESSURE_WRITE': 'c29tZSAyMDAwMDAgMjAwMDAwMAA=', 'VTE_VERSION': '7600', 'CMAKE_PREFIX_PATH': '/home/csilab/turtlebot3_ws/install/dynamixel_sdk_examples:/home/csilab/turtlebot3_ws/install/dynamixel_sdk_custom_interfaces:/home/csilab/turtlebot3_ws/install/dynamixel_sdk:/opt/ros/jazzy/opt/gz_sim_vendor:/opt/ros/jazzy/opt/gz_sensors_vendor:/opt/ros/jazzy/opt/gz_physics_vendor:/opt/ros/jazzy/opt/sdformat_vendor:/opt/ros/jazzy/opt/gz_gui_vendor:/opt/ros/jazzy/opt/gz_transport_vendor:/opt/ros/jazzy/opt/gz_rendering_vendor:/opt/ros/jazzy/opt/gz_plugin_vendor:/opt/ros/jazzy/opt/gz_fuel_tools_vendor:/opt/ros/jazzy/opt/gz_msgs_vendor:/opt/ros/jazzy/opt/gz_common_vendor:/opt/ros/jazzy/opt/gz_math_vendor:/opt/ros/jazzy/opt/gz_utils_vendor:/opt/ros/jazzy/opt/gz_tools_vendor:/opt/ros/jazzy/opt/gz_ogre_next_vendor:/opt/ros/jazzy/opt/gz_dartsim_vendor:/opt/ros/jazzy/opt/gz_cmake_vendor:/opt/ros/jazzy'}), 'shell': False}
[0.099753] (-) TimerEvent: {}
[0.200149] (-) TimerEvent: {}
[0.252533] (yolo_msgs) StdoutLine: {'line': b'-- The C compiler identification is GNU 13.3.0\n'}
[0.300292] (-) TimerEvent: {}
[0.400645] (-) TimerEvent: {}
[0.405656] (yolo_msgs) StdoutLine: {'line': b'-- The CXX compiler identification is GNU 13.3.0\n'}
[0.443578] (yolo_msgs) StdoutLine: {'line': b'-- Detecting C compiler ABI info\n'}
[0.500913] (-) TimerEvent: {}
[0.601289] (-) TimerEvent: {}
[0.631550] (yolo_msgs) StdoutLine: {'line': b'-- Detecting C compiler ABI info - done\n'}
[0.647083] (yolo_msgs) StdoutLine: {'line': b'-- Check for working C compiler: /usr/bin/cc - skipped\n'}
[0.649039] (yolo_msgs) StdoutLine: {'line': b'-- Detecting C compile features\n'}
[0.650339] (yolo_msgs) StdoutLine: {'line': b'-- Detecting C compile features - done\n'}
[0.670021] (yolo_msgs) StdoutLine: {'line': b'-- Detecting CXX compiler ABI info\n'}
[0.701433] (-) TimerEvent: {}
[0.801783] (-) TimerEvent: {}
[0.864053] (yolo_msgs) StdoutLine: {'line': b'-- Detecting CXX compiler ABI info - done\n'}
[0.879493] (yolo_msgs) StdoutLine: {'line': b'-- Check for working CXX compiler: /usr/bin/c++ - skipped\n'}
[0.879987] (yolo_msgs) StdoutLine: {'line': b'-- Detecting CXX compile features\n'}
[0.880803] (yolo_msgs) StdoutLine: {'line': b'-- Detecting CXX compile features - done\n'}
[0.901927] (-) TimerEvent: {}
[0.902787] (yolo_msgs) StdoutLine: {'line': b'-- Found ament_cmake: 2.5.6 (/opt/ros/jazzy/share/ament_cmake/cmake)\n'}
[1.002045] (-) TimerEvent: {}
[1.102305] (-) TimerEvent: {}
[1.163733] (yolo_msgs) StdoutLine: {'line': b'-- Found Python3: /usr/bin/python3 (found version "3.12.3") found components: Interpreter \n'}
[1.202385] (-) TimerEvent: {}
[1.240747] (yolo_msgs) StdoutLine: {'line': b'-- Override CMake install command with custom implementation using symlinks instead of copying resources\n'}
[1.302504] (-) TimerEvent: {}
[1.325787] (yolo_msgs) StdoutLine: {'line': b'-- Found rosidl_default_generators: 1.6.1 (/opt/ros/jazzy/share/rosidl_default_generators/cmake)\n'}
[1.338182] (yolo_msgs) StdoutLine: {'line': b'-- Using all available rosidl_typesupport_c: rosidl_typesupport_fastrtps_c;rosidl_typesupport_introspection_c\n'}
[1.402602] (-) TimerEvent: {}
[1.419394] (yolo_msgs) StdoutLine: {'line': b'-- Using all available rosidl_typesupport_cpp: rosidl_typesupport_fastrtps_cpp;rosidl_typesupport_introspection_cpp\n'}
[1.491508] (yolo_msgs) StdoutLine: {'line': b'-- Found rosidl_adapter: 4.6.9 (/opt/ros/jazzy/share/rosidl_adapter/cmake)\n'}
[1.499024] (yolo_msgs) StdoutLine: {'line': b'-- Found std_msgs: 5.3.8 (/opt/ros/jazzy/share/std_msgs/cmake)\n'}
[1.502707] (-) TimerEvent: {}
[1.547400] (yolo_msgs) StdoutLine: {'line': b'-- Found geometry_msgs: 5.3.8 (/opt/ros/jazzy/share/geometry_msgs/cmake)\n'}
[1.602785] (-) TimerEvent: {}
[1.703030] (-) TimerEvent: {}
[1.803324] (-) TimerEvent: {}
[1.903587] (-) TimerEvent: {}
[2.003852] (-) TimerEvent: {}
[2.104142] (-) TimerEvent: {}
[2.165376] (yolo_msgs) StdoutLine: {'line': b'-- Found ament_cmake_ros: 0.12.1 (/opt/ros/jazzy/share/ament_cmake_ros/cmake)\n'}
[2.204274] (-) TimerEvent: {}
[2.304568] (-) TimerEvent: {}
[2.404847] (-) TimerEvent: {}
[2.505084] (-) TimerEvent: {}
[2.605376] (-) TimerEvent: {}
[2.623295] (yolo_msgs) StdoutLine: {'line': b'-- Using all available rosidl_typesupport_c: rosidl_typesupport_fastrtps_c;rosidl_typesupport_introspection_c\n'}
[2.705500] (-) TimerEvent: {}
[2.805791] (-) TimerEvent: {}
[2.906080] (-) TimerEvent: {}
[3.006377] (-) TimerEvent: {}
[3.106667] (-) TimerEvent: {}
[3.205766] (yolo_msgs) StdoutLine: {'line': b'-- Using all available rosidl_typesupport_cpp: rosidl_typesupport_fastrtps_cpp;rosidl_typesupport_introspection_cpp\n'}
[3.206771] (-) TimerEvent: {}
[3.213747] (yolo_msgs) StdoutLine: {'line': b'-- Found python_cmake_module: 0.11.1 (/opt/ros/jazzy/share/python_cmake_module/cmake)\n'}
[3.306914] (-) TimerEvent: {}
[3.329287] (yolo_msgs) StdoutLine: {'line': b'-- Found PythonExtra: /usr/bin/python3  \n'}
[3.407037] (-) TimerEvent: {}
[3.507336] (-) TimerEvent: {}
[3.607641] (-) TimerEvent: {}
[3.703038] (yolo_msgs) StdoutLine: {'line': b'-- Found Python3: /usr/bin/python3 (found version "3.12.3") found components: Interpreter Development NumPy Development.Module Development.Embed \n'}
[3.707728] (-) TimerEvent: {}
[3.807935] (-) TimerEvent: {}
[3.814413] (yolo_msgs) StdoutLine: {'line': b'-- Found Python3: /usr/bin/python3 (found version "3.12.3") found components: Interpreter \n'}
[3.838089] (yolo_msgs) StdoutLine: {'line': b'-- Configuring done (3.7s)\n'}
[3.892687] (yolo_msgs) StdoutLine: {'line': b'-- Generating done (0.0s)\n'}
[3.904547] (yolo_msgs) StdoutLine: {'line': b'-- Build files have been written to: /home/csilab/yolo_ws/build/yolo_msgs\n'}
[3.908041] (-) TimerEvent: {}
[3.916068] (yolo_msgs) CommandEnded: {'returncode': 0}
[3.916662] (yolo_msgs) JobProgress: {'identifier': 'yolo_msgs', 'progress': 'build'}
[3.917332] (yolo_msgs) Command: {'cmd': ['/usr/bin/cmake', '--build', '/home/csilab/yolo_ws/build/yolo_msgs', '--', '-j12', '-l12'], 'cwd': '/home/csilab/yolo_ws/build/yolo_msgs', 'env': OrderedDict({'LESSOPEN': '| /usr/bin/lesspipe %s', 'LANGUAGE': 'ko:en', 'USER': 'csilab', 'LC_TIME': 'en_US.UTF-8', 'GZ_CONFIG_PATH': '/opt/ros/jazzy/opt/gz_sim_vendor/share/gz:/opt/ros/jazzy/opt/sdformat_vendor/share/gz:/opt/ros/jazzy/opt/gz_gui_vendor/share/gz:/opt/ros/jazzy/opt/gz_transport_vendor/share/gz:/opt/ros/jazzy/opt/gz_rendering_vendor/share/gz:/opt/ros/jazzy/opt/gz_plugin_vendor/share/gz:/opt/ros/jazzy/opt/gz_fuel_tools_vendor/share/gz:/opt/ros/jazzy/opt/gz_msgs_vendor/share/gz:/opt/ros/jazzy/opt/gz_common_vendor/share/gz', 'XDG_SESSION_TYPE': 'wayland', 'CLUTTER_DISABLE_MIPMAPPED_TEXT': '1', 'SHLVL': '1', 'LD_LIBRARY_PATH': '/home/csilab/turtlebot3_ws/install/dynamixel_sdk_custom_interfaces/lib:/home/csilab/turtlebot3_ws/install/dynamixel_sdk/lib:/opt/ros/jazzy/opt/gz_sim_vendor/lib:/opt/ros/jazzy/opt/gz_sensors_vendor/lib:/opt/ros/jazzy/opt/gz_physics_vendor/lib:/opt/ros/jazzy/opt/sdformat_vendor/lib:/opt/ros/jazzy/opt/rviz_ogre_vendor/lib:/opt/ros/jazzy/lib/x86_64-linux-gnu:/opt/ros/jazzy/opt/gz_gui_vendor/lib:/opt/ros/jazzy/opt/gz_transport_vendor/lib:/opt/ros/jazzy/opt/gz_rendering_vendor/lib:/opt/ros/jazzy/opt/gz_plugin_vendor/lib:/opt/ros/jazzy/opt/gz_fuel_tools_vendor/lib:/opt/ros/jazzy/opt/gz_msgs_vendor/lib:/opt/ros/jazzy/opt/gz_common_vendor/lib:/opt/ros/jazzy/opt/gz_math_vendor/lib:/opt/ros/jazzy/opt/gz_utils_vendor/lib:/opt/ros/jazzy/opt/gz_tools_vendor/lib:/opt/ros/jazzy/opt/gz_ogre_next_vendor/lib:/opt/ros/jazzy/opt/gz_dartsim_vendor/lib:/opt/ros/jazzy/opt/gz_cmake_vendor/lib:/opt/ros/jazzy/lib', 'HOME': '/home/csilab', 'OLDPWD': '/home/csilab/yolo_ws/src/yolo_ros', 'DESKTOP_SESSION': 'ubuntu', 'ROS_PYTHON_VERSION': '3', 'GNOME_SHELL_SESSION_MODE': 'ubuntu', 'GTK_MODULES': 'gail:atk-bridge', 'LC_MONETARY': 'en_US.UTF-8', 'ROS_STATIC_PEERS': '10.8.141.26', 'SYSTEMD_EXEC_PID': '2535', 'GSM_SKIP_SSH_AGENT_WORKAROUND': 'true', 'DBUS_SESSION_BUS_ADDRESS': 'unix:path=/run/user/1000/bus', 'COLORTERM': 'truecolor', 'DEBUGINFOD_URLS': 'https://debuginfod.ubuntu.com', 'IM_CONFIG_PHASE': '1', 'WAYLAND_DISPLAY': 'wayland-0', 'COLCON_PREFIX_PATH': '/home/csilab/turtlebot3_ws/install', 'ROS_DISTRO': 'jazzy', 'LOGNAME': 'csilab', '_': '/usr/bin/colcon', 'ROS_VERSION': '2', 'MEMORY_PRESSURE_WATCH': '/sys/fs/cgroup/user.slice/user-1000.slice/user@1000.service/session.slice/org.gnome.Shell@wayland.service/memory.pressure', 'XDG_SESSION_CLASS': 'user', 'USERNAME': 'csilab', 'TERM': 'xterm-256color', 'GNOME_DESKTOP_SESSION_ID': 'this-is-deprecated', 'ROS_LOCALHOST_ONLY': '0', 'PATH': '/home/csilab/.local/bin:/opt/ros/jazzy/opt/gz_msgs_vendor/bin:/opt/ros/jazzy/opt/gz_tools_vendor/bin:/opt/ros/jazzy/opt/gz_ogre_next_vendor/bin:/opt/ros/jazzy/bin:/home/csilab/.local/bin:/usr/local/sbin:/usr/local/bin:/usr/sbin:/usr/bin:/sbin:/bin:/usr/games:/usr/local/games:/snap/bin:/snap/bin', 'SESSION_MANAGER': 'local/turtle-jeong-pc:@/tmp/.ICE-unix/2504,unix/turtle-jeong-pc:/tmp/.ICE-unix/2504', 'PAPERSIZE': 'letter', 'XDG_MENU_PREFIX': 'gnome-', 'LC_ADDRESS': 'en_US.UTF-8', 'GNOME_TERMINAL_SCREEN': '/org/gnome/Terminal/screen/95e2ff0f_152b_4019_a1da_739bb2262291', 'GNOME_SETUP_DISPLAY': ':1', 'XDG_RUNTIME_DIR': '/run/user/1000', 'DISPLAY': ':0', 'LANG': 'ko_KR.UTF-8', 'XDG_CURRENT_DESKTOP': 'ubuntu:GNOME', 'LC_TELEPHONE': 'en_US.UTF-8', 'XMODIFIERS': '@im=ibus', 'XDG_SESSION_DESKTOP': 'ubuntu', 'XAUTHORITY': '/run/user/1000/.mutter-Xwaylandauth.XT2BS3', 'LS_COLORS': 'rs=0:di=01;34:ln=01;36:mh=00:pi=40;33:so=01;35:do=01;35:bd=40;33;01:cd=40;33;01:or=40;31;01:mi=00:su=37;41:sg=30;43:ca=00:tw=30;42:ow=34;42:st=37;44:ex=01;32:*.tar=01;31:*.tgz=01;31:*.arc=01;31:*.arj=01;31:*.taz=01;31:*.lha=01;31:*.lz4=01;31:*.lzh=01;31:*.lzma=01;31:*.tlz=01;31:*.txz=01;31:*.tzo=01;31:*.t7z=01;31:*.zip=01;31:*.z=01;31:*.dz=01;31:*.gz=01;31:*.lrz=01;31:*.lz=01;31:*.lzo=01;31:*.xz=01;31:*.zst=01;31:*.tzst=01;31:*.bz2=01;31:*.bz=01;31:*.tbz=01;31:*.tbz2=01;31:*.tz=01;31:*.deb=01;31:*.rpm=01;31:*.jar=01;31:*.war=01;31:*.ear=01;31:*.sar=01;31:*.rar=01;31:*.alz=01;31:*.ace=01;31:*.zoo=01;31:*.cpio=01;31:*.7z=01;31:*.rz=01;31:*.cab=01;31:*.wim=01;31:*.swm=01;31:*.dwm=01;31:*.esd=01;31:*.avif=01;35:*.jpg=01;35:*.jpeg=01;35:*.mjpg=01;35:*.mjpeg=01;35:*.gif=01;35:*.bmp=01;35:*.pbm=01;35:*.pgm=01;35:*.ppm=01;35:*.tga=01;35:*.xbm=01;35:*.xpm=01;35:*.tif=01;35:*.tiff=01;35:*.png=01;35:*.svg=01;35:*.svgz=01;35:*.mng=01;35:*.pcx=01;35:*.mov=01;35:*.mpg=01;35:*.mpeg=01;35:*.m2v=01;35:*.mkv=01;35:*.webm=01;35:*.webp=01;35:*.ogm=01;35:*.mp4=01;35:*.m4v=01;35:*.mp4v=01;35:*.vob=01;35:*.qt=01;35:*.nuv=01;35:*.wmv=01;35:*.asf=01;35:*.rm=01;35:*.rmvb=01;35:*.flc=01;35:*.avi=01;35:*.fli=01;35:*.flv=01;35:*.gl=01;35:*.dl=01;35:*.xcf=01;35:*.xwd=01;35:*.yuv=01;35:*.cgm=01;35:*.emf=01;35:*.ogv=01;35:*.ogx=01;35:*.aac=00;36:*.au=00;36:*.flac=00;36:*.m4a=00;36:*.mid=00;36:*.midi=00;36:*.mka=00;36:*.mp3=00;36:*.mpc=00;36:*.ogg=00;36:*.ra=00;36:*.wav=00;36:*.oga=00;36:*.opus=00;36:*.spx=00;36:*.xspf=00;36:*~=00;90:*#=00;90:*.bak=00;90:*.crdownload=00;90:*.dpkg-dist=00;90:*.dpkg-new=00;90:*.dpkg-old=00;90:*.dpkg-tmp=00;90:*.old=00;90:*.orig=00;90:*.part=00;90:*.rej=00;90:*.rpmnew=00;90:*.rpmorig=00;90:*.rpmsave=00;90:*.swp=00;90:*.tmp=00;90:*.ucf-dist=00;90:*.ucf-new=00;90:*.ucf-old=00;90:', 'GNOME_TERMINAL_SERVICE': ':1.181', 'SSH_AUTH_SOCK': '/run/user/1000/keyring/ssh', 'ROS_DOMAIN_ID': '30', 'AMENT_PREFIX_PATH': '/home/csilab/turtlebot3_ws/install/dynamixel_sdk_examples:/home/csilab/turtlebot3_ws/install/dynamixel_sdk_custom_interfaces:/home/csilab/turtlebot3_ws/install/dynamixel_sdk:/opt/ros/jazzy', 'SHELL': '/bin/bash', 'LC_NAME': 'en_US.UTF-8', 'QT_ACCESSIBILITY': '1', 'GDMSESSION': 'ubuntu', 'LESSCLOSE': '/usr/bin/lesspipe %s %s', 'LC_MEASUREMENT': 'en_US.UTF-8', 'LC_IDENTIFICATION': 'en_US.UTF-8', 'ROS_AUTOMATIC_DISCOVERY_RANGE': 'SUBNET', 'QT_IM_MODULE': 'ibus', 'PWD': '/home/csilab/yolo_ws/build/yolo_msgs', 'TURTLEBOT3_MODEL': 'burger', 'LC_ALL': 'en_US.UTF-8', 'XDG_CONFIG_DIRS': '/etc/xdg/xdg-ubuntu:/etc/xdg', 'XDG_DATA_DIRS': '/usr/share/ubuntu:/usr/share/gnome:/usr/local/share/:/usr/share/:/var/lib/snapd/desktop', 'LDS_MODEL': 'LDS-02', 'PYTHONPATH': '/home/csilab/turtlebot3_ws/install/dynamixel_sdk_custom_interfaces/lib/python3.12/site-packages:/home/csilab/turtlebot3_ws/install/dynamixel_sdk/lib/python3.12/site-packages:/opt/ros/jazzy/lib/python3.12/site-packages', 'LC_NUMERIC': 'en_US.UTF-8', 'LC_PAPER': 'en_US.UTF-8', 'COLCON': '1', 'MEMORY_PRESSURE_WRITE': 'c29tZSAyMDAwMDAgMjAwMDAwMAA=', 'VTE_VERSION': '7600', 'CMAKE_PREFIX_PATH': '/home/csilab/turtlebot3_ws/install/dynamixel_sdk_examples:/home/csilab/turtlebot3_ws/install/dynamixel_sdk_custom_interfaces:/home/csilab/turtlebot3_ws/install/dynamixel_sdk:/opt/ros/jazzy/opt/gz_sim_vendor:/opt/ros/jazzy/opt/gz_sensors_vendor:/opt/ros/jazzy/opt/gz_physics_vendor:/opt/ros/jazzy/opt/sdformat_vendor:/opt/ros/jazzy/opt/gz_gui_vendor:/opt/ros/jazzy/opt/gz_transport_vendor:/opt/ros/jazzy/opt/gz_rendering_vendor:/opt/ros/jazzy/opt/gz_plugin_vendor:/opt/ros/jazzy/opt/gz_fuel_tools_vendor:/opt/ros/jazzy/opt/gz_msgs_vendor:/opt/ros/jazzy/opt/gz_common_vendor:/opt/ros/jazzy/opt/gz_math_vendor:/opt/ros/jazzy/opt/gz_utils_vendor:/opt/ros/jazzy/opt/gz_tools_vendor:/opt/ros/jazzy/opt/gz_ogre_next_vendor:/opt/ros/jazzy/opt/gz_dartsim_vendor:/opt/ros/jazzy/opt/gz_cmake_vendor:/opt/ros/jazzy'}), 'shell': False}
[3.978611] (yolo_msgs) StdoutLine: {'line': b'[  1%] \x1b[34m\x1b[1mGenerating Rust code for ROS interfaces\x1b[0m\n'}
[3.993374] (yolo_msgs) StdoutLine: {'line': b'[  2%] \x1b[34m\x1b[1mGenerating type hashes for ROS interfaces\x1b[0m\n'}
[3.993500] (yolo_msgs) StdoutLine: {'line': b'[  2%] Built target ament_cmake_python_symlink_yolo_msgs\n'}
[4.008150] (-) TimerEvent: {}
[4.108459] (-) TimerEvent: {}
[4.192168] (yolo_msgs) StdoutLine: {'line': b'running egg_info\n'}
[4.192835] (yolo_msgs) StdoutLine: {'line': b'creating yolo_msgs.egg-info\n'}
[4.208551] (-) TimerEvent: {}
[4.213204] (yolo_msgs) StdoutLine: {'line': b'writing yolo_msgs.egg-info/PKG-INFO\n'}
[4.213442] (yolo_msgs) StdoutLine: {'line': b'writing dependency_links to yolo_msgs.egg-info/dependency_links.txt\n'}
[4.213609] (yolo_msgs) StdoutLine: {'line': b'writing top-level names to yolo_msgs.egg-info/top_level.txt\n'}
[4.213776] (yolo_msgs) StdoutLine: {'line': b"writing manifest file 'yolo_msgs.egg-info/SOURCES.txt'\n"}
[4.275191] (yolo_msgs) StdoutLine: {'line': b"reading manifest file 'yolo_msgs.egg-info/SOURCES.txt'\n"}
[4.275586] (yolo_msgs) StdoutLine: {'line': b"writing manifest file 'yolo_msgs.egg-info/SOURCES.txt'\n"}
[4.300071] (yolo_msgs) StdoutLine: {'line': b'[  2%] Built target ament_cmake_python_build_yolo_msgs_egg\n'}
[4.308666] (-) TimerEvent: {}
[4.408942] (-) TimerEvent: {}
[4.422171] (yolo_msgs) StdoutLine: {'line': b'[  2%] Built target yolo_msgs__rosidl_generator_type_description\n'}
[4.434928] (yolo_msgs) StdoutLine: {'line': b'[  2%] \x1b[34m\x1b[1mGenerating C code for ROS interfaces\x1b[0m\n'}
[4.448611] (yolo_msgs) StdoutLine: {'line': b'[  2%] \x1b[34m\x1b[1mGenerating C++ code for ROS interfaces\x1b[0m\n'}
[4.464639] (yolo_msgs) StdoutLine: {'line': b'[  2%] Built target yolo_msgs__rs\n'}
[4.509065] (-) TimerEvent: {}
[4.609362] (-) TimerEvent: {}
[4.709646] (-) TimerEvent: {}
[4.809950] (-) TimerEvent: {}
[4.910189] (-) TimerEvent: {}
[5.010553] (-) TimerEvent: {}
[5.110851] (-) TimerEvent: {}
[5.203056] (yolo_msgs) StdoutLine: {'line': b'[  2%] Built target yolo_msgs__cpp\n'}
[5.210953] (-) TimerEvent: {}
[5.311532] (-) TimerEvent: {}
[5.412450] (-) TimerEvent: {}
[5.423362] (yolo_msgs) StdoutLine: {'line': b'[  7%] \x1b[32mBuilding C object CMakeFiles/yolo_msgs__rosidl_generator_c.dir/rosidl_generator_c/yolo_msgs/msg/detail/bounding_box2_d__description.c.o\x1b[0m\n'}
[5.424619] (yolo_msgs) StdoutLine: {'line': b'[  7%] \x1b[32mBuilding C object CMakeFiles/yolo_msgs__rosidl_generator_c.dir/rosidl_generator_c/yolo_msgs/msg/detail/pose2_d__functions.c.o\x1b[0m\n'}
[5.424760] (yolo_msgs) StdoutLine: {'line': b'[  7%] \x1b[32mBuilding C object CMakeFiles/yolo_msgs__rosidl_generator_c.dir/rosidl_generator_c/yolo_msgs/msg/detail/point2_d__type_support.c.o\x1b[0m\n'}
[5.424830] (yolo_msgs) StdoutLine: {'line': b'[  7%] \x1b[32mBuilding C object CMakeFiles/yolo_msgs__rosidl_generator_c.dir/rosidl_generator_c/yolo_msgs/msg/detail/bounding_box2_d__functions.c.o\x1b[0m\n'}
[5.424915] (yolo_msgs) StdoutLine: {'line': b'[  9%] \x1b[32mBuilding C object CMakeFiles/yolo_msgs__rosidl_generator_c.dir/rosidl_generator_c/yolo_msgs/msg/detail/vector2__functions.c.o\x1b[0m\n'}
[5.424978] (yolo_msgs) StdoutLine: {'line': b'[  9%] \x1b[32mBuilding C object CMakeFiles/yolo_msgs__rosidl_generator_c.dir/rosidl_generator_c/yolo_msgs/msg/detail/pose2_d__type_support.c.o\x1b[0m\n'}
[5.425042] (yolo_msgs) StdoutLine: {'line': b'[  9%] \x1b[32mBuilding C object CMakeFiles/yolo_msgs__rosidl_generator_c.dir/rosidl_generator_c/yolo_msgs/msg/detail/vector2__description.c.o\x1b[0m\n'}
[5.425144] (yolo_msgs) StdoutLine: {'line': b'[  9%] \x1b[32mBuilding C object CMakeFiles/yolo_msgs__rosidl_generator_c.dir/rosidl_generator_c/yolo_msgs/msg/detail/point2_d__functions.c.o\x1b[0m\n'}
[5.425245] (yolo_msgs) StdoutLine: {'line': b'[  7%] \x1b[32mBuilding C object CMakeFiles/yolo_msgs__rosidl_generator_c.dir/rosidl_generator_c/yolo_msgs/msg/detail/pose2_d__description.c.o\x1b[0m\n'}
[5.425308] (yolo_msgs) StdoutLine: {'line': b'[  9%] \x1b[32mBuilding C object CMakeFiles/yolo_msgs__rosidl_generator_c.dir/rosidl_generator_c/yolo_msgs/msg/detail/bounding_box2_d__type_support.c.o\x1b[0m\n'}
[5.425381] (yolo_msgs) StdoutLine: {'line': b'[  7%] \x1b[32mBuilding C object CMakeFiles/yolo_msgs__rosidl_generator_c.dir/rosidl_generator_c/yolo_msgs/msg/detail/vector2__type_support.c.o\x1b[0m\n'}
[5.425448] (yolo_msgs) StdoutLine: {'line': b'[ 10%] \x1b[32mBuilding C object CMakeFiles/yolo_msgs__rosidl_generator_c.dir/rosidl_generator_c/yolo_msgs/msg/detail/point2_d__description.c.o\x1b[0m\n'}
[5.481296] (yolo_msgs) StdoutLine: {'line': b'[ 10%] \x1b[32mBuilding C object CMakeFiles/yolo_msgs__rosidl_generator_c.dir/rosidl_generator_c/yolo_msgs/msg/detail/bounding_box3_d__functions.c.o\x1b[0m\n'}
[5.481540] (yolo_msgs) StdoutLine: {'line': b'[ 12%] \x1b[32mBuilding C object CMakeFiles/yolo_msgs__rosidl_generator_c.dir/rosidl_generator_c/yolo_msgs/msg/detail/bounding_box3_d__type_support.c.o\x1b[0m\n'}
[5.481627] (yolo_msgs) StdoutLine: {'line': b'[ 12%] \x1b[32mBuilding C object CMakeFiles/yolo_msgs__rosidl_generator_c.dir/rosidl_generator_c/yolo_msgs/msg/detail/bounding_box3_d__description.c.o\x1b[0m\n'}
[5.482498] (yolo_msgs) StdoutLine: {'line': b'[ 13%] \x1b[32mBuilding C object CMakeFiles/yolo_msgs__rosidl_generator_c.dir/rosidl_generator_c/yolo_msgs/msg/detail/mask__description.c.o\x1b[0m\n'}
[5.494791] (yolo_msgs) StdoutLine: {'line': b'[ 15%] \x1b[32mBuilding C object CMakeFiles/yolo_msgs__rosidl_generator_c.dir/rosidl_generator_c/yolo_msgs/msg/detail/mask__type_support.c.o\x1b[0m\n'}
[5.495007] (yolo_msgs) StdoutLine: {'line': b'[ 15%] \x1b[32mBuilding C object CMakeFiles/yolo_msgs__rosidl_generator_c.dir/rosidl_generator_c/yolo_msgs/msg/detail/key_point2_d__description.c.o\x1b[0m\n'}
[5.495080] (yolo_msgs) StdoutLine: {'line': b'[ 15%] \x1b[32mBuilding C object CMakeFiles/yolo_msgs__rosidl_generator_c.dir/rosidl_generator_c/yolo_msgs/msg/detail/mask__functions.c.o\x1b[0m\n'}
[5.495166] (yolo_msgs) StdoutLine: {'line': b'[ 15%] \x1b[32mBuilding C object CMakeFiles/yolo_msgs__rosidl_generator_c.dir/rosidl_generator_c/yolo_msgs/msg/detail/key_point2_d__functions.c.o\x1b[0m\n'}
[5.511046] (yolo_msgs) StdoutLine: {'line': b'[ 15%] \x1b[32mBuilding C object CMakeFiles/yolo_msgs__rosidl_generator_c.dir/rosidl_generator_c/yolo_msgs/msg/detail/key_point2_d_array__functions.c.o\x1b[0m\n'}
[5.511777] (yolo_msgs) StdoutLine: {'line': b'[ 17%] \x1b[32mBuilding C object CMakeFiles/yolo_msgs__rosidl_generator_c.dir/rosidl_generator_c/yolo_msgs/msg/detail/key_point2_d_array__description.c.o\x1b[0m\n'}
[5.511944] (yolo_msgs) StdoutLine: {'line': b'[ 17%] \x1b[32mBuilding C object CMakeFiles/yolo_msgs__rosidl_generator_c.dir/rosidl_generator_c/yolo_msgs/msg/detail/key_point2_d__type_support.c.o\x1b[0m\n'}
[5.512454] (-) TimerEvent: {}
[5.513502] (yolo_msgs) StdoutLine: {'line': b'[ 18%] \x1b[32mBuilding C object CMakeFiles/yolo_msgs__rosidl_generator_c.dir/rosidl_generator_c/yolo_msgs/msg/detail/key_point2_d_array__type_support.c.o\x1b[0m\n'}
[5.534078] (yolo_msgs) StdoutLine: {'line': b'[ 19%] \x1b[32mBuilding C object CMakeFiles/yolo_msgs__rosidl_generator_c.dir/rosidl_generator_c/yolo_msgs/msg/detail/key_point3_d__description.c.o\x1b[0m\n'}
[5.537615] (yolo_msgs) StdoutLine: {'line': b'[ 19%] \x1b[32mBuilding C object CMakeFiles/yolo_msgs__rosidl_generator_c.dir/rosidl_generator_c/yolo_msgs/msg/detail/key_point3_d__functions.c.o\x1b[0m\n'}
[5.540896] (yolo_msgs) StdoutLine: {'line': b'[ 20%] \x1b[32mBuilding C object CMakeFiles/yolo_msgs__rosidl_generator_c.dir/rosidl_generator_c/yolo_msgs/msg/detail/key_point3_d__type_support.c.o\x1b[0m\n'}
[5.541878] (yolo_msgs) StdoutLine: {'line': b'[ 21%] \x1b[32mBuilding C object CMakeFiles/yolo_msgs__rosidl_generator_c.dir/rosidl_generator_c/yolo_msgs/msg/detail/key_point3_d_array__description.c.o\x1b[0m\n'}
[5.549052] (yolo_msgs) StdoutLine: {'line': b'[ 22%] \x1b[32mBuilding C object CMakeFiles/yolo_msgs__rosidl_generator_c.dir/rosidl_generator_c/yolo_msgs/msg/detail/key_point3_d_array__functions.c.o\x1b[0m\n'}
[5.549292] (yolo_msgs) StdoutLine: {'line': b'[ 22%] \x1b[32mBuilding C object CMakeFiles/yolo_msgs__rosidl_generator_c.dir/rosidl_generator_c/yolo_msgs/msg/detail/key_point3_d_array__type_support.c.o\x1b[0m\n'}
[5.559668] (yolo_msgs) StdoutLine: {'line': b'[ 22%] \x1b[32mBuilding C object CMakeFiles/yolo_msgs__rosidl_generator_c.dir/rosidl_generator_c/yolo_msgs/msg/detail/detection__description.c.o\x1b[0m\n'}
[5.563261] (yolo_msgs) StdoutLine: {'line': b'[ 23%] \x1b[32mBuilding C object CMakeFiles/yolo_msgs__rosidl_generator_c.dir/rosidl_generator_c/yolo_msgs/msg/detail/detection__functions.c.o\x1b[0m\n'}
[5.563532] (yolo_msgs) StdoutLine: {'line': b'[ 24%] \x1b[32mBuilding C object CMakeFiles/yolo_msgs__rosidl_generator_c.dir/rosidl_generator_c/yolo_msgs/msg/detail/detection__type_support.c.o\x1b[0m\n'}
[5.564305] (yolo_msgs) StdoutLine: {'line': b'[ 24%] \x1b[32mBuilding C object CMakeFiles/yolo_msgs__rosidl_generator_c.dir/rosidl_generator_c/yolo_msgs/msg/detail/detection_array__description.c.o\x1b[0m\n'}
[5.575805] (yolo_msgs) StdoutLine: {'line': b'[ 25%] \x1b[32mBuilding C object CMakeFiles/yolo_msgs__rosidl_generator_c.dir/rosidl_generator_c/yolo_msgs/msg/detail/detection_array__functions.c.o\x1b[0m\n'}
[5.580728] (yolo_msgs) StdoutLine: {'line': b'[ 26%] \x1b[32mBuilding C object CMakeFiles/yolo_msgs__rosidl_generator_c.dir/rosidl_generator_c/yolo_msgs/msg/detail/detection_array__type_support.c.o\x1b[0m\n'}
[5.585940] (yolo_msgs) StdoutLine: {'line': b'[ 26%] \x1b[32mBuilding C object CMakeFiles/yolo_msgs__rosidl_generator_c.dir/rosidl_generator_c/yolo_msgs/srv/detail/set_classes__description.c.o\x1b[0m\n'}
[5.589308] (yolo_msgs) StdoutLine: {'line': b'[ 27%] \x1b[32mBuilding C object CMakeFiles/yolo_msgs__rosidl_generator_c.dir/rosidl_generator_c/yolo_msgs/srv/detail/set_classes__functions.c.o\x1b[0m\n'}
[5.595106] (yolo_msgs) StdoutLine: {'line': b'[ 28%] \x1b[32mBuilding C object CMakeFiles/yolo_msgs__rosidl_generator_c.dir/rosidl_generator_c/yolo_msgs/srv/detail/set_classes__type_support.c.o\x1b[0m\n'}
[5.612565] (-) TimerEvent: {}
[5.665595] (yolo_msgs) StdoutLine: {'line': b'[ 28%] \x1b[32m\x1b[1mLinking C shared library libyolo_msgs__rosidl_generator_c.so\x1b[0m\n'}
[5.712655] (-) TimerEvent: {}
[5.713413] (yolo_msgs) StdoutLine: {'line': b'[ 28%] Built target yolo_msgs__rosidl_generator_c\n'}
[5.725908] (yolo_msgs) StdoutLine: {'line': b'[ 32%] \x1b[34m\x1b[1mGenerating C type support for eProsima Fast-RTPS\x1b[0m\n'}
[5.726099] (yolo_msgs) StdoutLine: {'line': b'[ 32%] \x1b[34m\x1b[1mGenerating C++ type support for eProsima Fast-RTPS\x1b[0m\n'}
[5.726176] (yolo_msgs) StdoutLine: {'line': b'[ 32%] \x1b[34m\x1b[1mGenerating C++ type support dispatch for ROS interfaces\x1b[0m\n'}
[5.726246] (yolo_msgs) StdoutLine: {'line': b'[ 32%] \x1b[34m\x1b[1mGenerating C++ introspection for ROS interfaces\x1b[0m\n'}
[5.726314] (yolo_msgs) StdoutLine: {'line': b'[ 32%] \x1b[34m\x1b[1mGenerating C type support dispatch for ROS interfaces\x1b[0m\n'}
[5.726385] (yolo_msgs) StdoutLine: {'line': b'[ 32%] \x1b[34m\x1b[1mGenerating C introspection for ROS interfaces\x1b[0m\n'}
[5.812755] (-) TimerEvent: {}
[5.912997] (-) TimerEvent: {}
[6.013224] (-) TimerEvent: {}
[6.113455] (-) TimerEvent: {}
[6.213686] (-) TimerEvent: {}
[6.314323] (-) TimerEvent: {}
[6.351099] (yolo_msgs) StdoutLine: {'line': b'[ 34%] \x1b[32mBuilding CXX object CMakeFiles/yolo_msgs__rosidl_typesupport_cpp.dir/rosidl_typesupport_cpp/yolo_msgs/msg/bounding_box3_d__type_support.cpp.o\x1b[0m\n'}
[6.351332] (yolo_msgs) StdoutLine: {'line': b'[ 34%] \x1b[32mBuilding CXX object CMakeFiles/yolo_msgs__rosidl_typesupport_cpp.dir/rosidl_typesupport_cpp/yolo_msgs/msg/mask__type_support.cpp.o\x1b[0m\n'}
[6.351432] (yolo_msgs) StdoutLine: {'line': b'[ 34%] \x1b[32mBuilding CXX object CMakeFiles/yolo_msgs__rosidl_typesupport_cpp.dir/rosidl_typesupport_cpp/yolo_msgs/msg/bounding_box2_d__type_support.cpp.o\x1b[0m\n'}
[6.351545] (yolo_msgs) StdoutLine: {'line': b'[ 35%] \x1b[32mBuilding CXX object CMakeFiles/yolo_msgs__rosidl_typesupport_cpp.dir/rosidl_typesupport_cpp/yolo_msgs/msg/vector2__type_support.cpp.o\x1b[0m\n'}
[6.351823] (yolo_msgs) StdoutLine: {'line': b'[ 35%] \x1b[32mBuilding CXX object CMakeFiles/yolo_msgs__rosidl_typesupport_cpp.dir/rosidl_typesupport_cpp/yolo_msgs/msg/pose2_d__type_support.cpp.o\x1b[0m\n'}
[6.351988] (yolo_msgs) StdoutLine: {'line': b'[ 37%] \x1b[32mBuilding CXX object CMakeFiles/yolo_msgs__rosidl_typesupport_cpp.dir/rosidl_typesupport_cpp/yolo_msgs/msg/key_point2_d__type_support.cpp.o\x1b[0m\n'}
[6.352148] (yolo_msgs) StdoutLine: {'line': b'[ 36%] \x1b[32mBuilding CXX object CMakeFiles/yolo_msgs__rosidl_typesupport_cpp.dir/rosidl_typesupport_cpp/yolo_msgs/msg/point2_d__type_support.cpp.o\x1b[0m\n'}
[6.366570] (yolo_msgs) StdoutLine: {'line': b'[ 37%] \x1b[32mBuilding CXX object CMakeFiles/yolo_msgs__rosidl_typesupport_c.dir/rosidl_typesupport_c/yolo_msgs/msg/point2_d__type_support.cpp.o\x1b[0m\n'}
[6.414760] (-) TimerEvent: {}
[6.442140] (yolo_msgs) StdoutLine: {'line': b'[ 38%] \x1b[32mBuilding CXX object CMakeFiles/yolo_msgs__rosidl_typesupport_c.dir/rosidl_typesupport_c/yolo_msgs/msg/vector2__type_support.cpp.o\x1b[0m\n'}
[6.508705] (yolo_msgs) StdoutLine: {'line': b'[ 39%] \x1b[32mBuilding CXX object CMakeFiles/yolo_msgs__rosidl_typesupport_c.dir/rosidl_typesupport_c/yolo_msgs/msg/pose2_d__type_support.cpp.o\x1b[0m\n'}
[6.515767] (-) TimerEvent: {}
[6.573621] (yolo_msgs) StdoutLine: {'line': b'[ 39%] \x1b[32mBuilding CXX object CMakeFiles/yolo_msgs__rosidl_typesupport_c.dir/rosidl_typesupport_c/yolo_msgs/msg/bounding_box2_d__type_support.cpp.o\x1b[0m\n'}
[6.615864] (-) TimerEvent: {}
[6.639776] (yolo_msgs) StdoutLine: {'line': b'[ 40%] \x1b[32mBuilding CXX object CMakeFiles/yolo_msgs__rosidl_typesupport_c.dir/rosidl_typesupport_c/yolo_msgs/msg/bounding_box3_d__type_support.cpp.o\x1b[0m\n'}
[6.715966] (-) TimerEvent: {}
[6.718556] (yolo_msgs) StdoutLine: {'line': b'[ 40%] \x1b[32mBuilding CXX object CMakeFiles/yolo_msgs__rosidl_typesupport_c.dir/rosidl_typesupport_c/yolo_msgs/msg/mask__type_support.cpp.o\x1b[0m\n'}
[6.777400] (yolo_msgs) StdoutLine: {'line': b'[ 41%] \x1b[32mBuilding CXX object CMakeFiles/yolo_msgs__rosidl_typesupport_introspection_cpp.dir/rosidl_typesupport_introspection_cpp/yolo_msgs/msg/detail/point2_d__type_support.cpp.o\x1b[0m\n'}
[6.796408] (yolo_msgs) StdoutLine: {'line': b'[ 42%] \x1b[32mBuilding CXX object CMakeFiles/yolo_msgs__rosidl_typesupport_c.dir/rosidl_typesupport_c/yolo_msgs/msg/key_point2_d__type_support.cpp.o\x1b[0m\n'}
[6.799072] (yolo_msgs) StdoutLine: {'line': b'[ 42%] \x1b[32mBuilding CXX object CMakeFiles/yolo_msgs__rosidl_typesupport_introspection_cpp.dir/rosidl_typesupport_introspection_cpp/yolo_msgs/msg/detail/vector2__type_support.cpp.o\x1b[0m\n'}
[6.807397] (yolo_msgs) StdoutLine: {'line': b'[ 43%] \x1b[32mBuilding CXX object CMakeFiles/yolo_msgs__rosidl_typesupport_c.dir/rosidl_typesupport_c/yolo_msgs/msg/key_point2_d_array__type_support.cpp.o\x1b[0m\n'}
[6.816764] (-) TimerEvent: {}
[6.832333] (yolo_msgs) StdoutLine: {'line': b'[ 44%] \x1b[32mBuilding CXX object CMakeFiles/yolo_msgs__rosidl_typesupport_introspection_cpp.dir/rosidl_typesupport_introspection_cpp/yolo_msgs/msg/detail/pose2_d__type_support.cpp.o\x1b[0m\n'}
[6.834802] (yolo_msgs) StdoutLine: {'line': b'[ 44%] \x1b[32mBuilding CXX object CMakeFiles/yolo_msgs__rosidl_typesupport_cpp.dir/rosidl_typesupport_cpp/yolo_msgs/msg/key_point2_d_array__type_support.cpp.o\x1b[0m\n'}
[6.840120] (yolo_msgs) StdoutLine: {'line': b'[ 44%] \x1b[32mBuilding CXX object CMakeFiles/yolo_msgs__rosidl_typesupport_c.dir/rosidl_typesupport_c/yolo_msgs/msg/key_point3_d__type_support.cpp.o\x1b[0m\n'}
[6.868735] (yolo_msgs) StdoutLine: {'line': b'[ 45%] \x1b[32mBuilding CXX object CMakeFiles/yolo_msgs__rosidl_typesupport_cpp.dir/rosidl_typesupport_cpp/yolo_msgs/msg/key_point3_d__type_support.cpp.o\x1b[0m\n'}
[6.871269] (yolo_msgs) StdoutLine: {'line': b'[ 46%] \x1b[32mBuilding CXX object CMakeFiles/yolo_msgs__rosidl_typesupport_introspection_cpp.dir/rosidl_typesupport_introspection_cpp/yolo_msgs/msg/detail/bounding_box2_d__type_support.cpp.o\x1b[0m\n'}
[6.876527] (yolo_msgs) StdoutLine: {'line': b'[ 46%] \x1b[32mBuilding CXX object CMakeFiles/yolo_msgs__rosidl_typesupport_introspection_cpp.dir/rosidl_typesupport_introspection_cpp/yolo_msgs/msg/detail/bounding_box3_d__type_support.cpp.o\x1b[0m\n'}
[6.890835] (yolo_msgs) StdoutLine: {'line': b'[ 47%] \x1b[32mBuilding C object CMakeFiles/yolo_msgs__rosidl_typesupport_introspection_c.dir/rosidl_typesupport_introspection_c/yolo_msgs/msg/detail/point2_d__type_support.c.o\x1b[0m\n'}
[6.902003] (yolo_msgs) StdoutLine: {'line': b'[ 48%] \x1b[32mBuilding CXX object CMakeFiles/yolo_msgs__rosidl_typesupport_introspection_cpp.dir/rosidl_typesupport_introspection_cpp/yolo_msgs/msg/detail/mask__type_support.cpp.o\x1b[0m\n'}
[6.906747] (yolo_msgs) StdoutLine: {'line': b'[ 49%] \x1b[32mBuilding CXX object CMakeFiles/yolo_msgs__rosidl_typesupport_c.dir/rosidl_typesupport_c/yolo_msgs/msg/key_point3_d_array__type_support.cpp.o\x1b[0m\n'}
[6.916875] (-) TimerEvent: {}
[6.952565] (yolo_msgs) StdoutLine: {'line': b'[ 50%] \x1b[32mBuilding C object CMakeFiles/yolo_msgs__rosidl_typesupport_introspection_c.dir/rosidl_typesupport_introspection_c/yolo_msgs/msg/detail/vector2__type_support.c.o\x1b[0m\n'}
[6.970315] (yolo_msgs) StdoutLine: {'line': b'[ 51%] \x1b[32mBuilding CXX object CMakeFiles/yolo_msgs__rosidl_typesupport_c.dir/rosidl_typesupport_c/yolo_msgs/msg/detection__type_support.cpp.o\x1b[0m\n'}
[7.018048] (-) TimerEvent: {}
[7.020373] (yolo_msgs) StdoutLine: {'line': b'[ 51%] \x1b[32mBuilding C object CMakeFiles/yolo_msgs__rosidl_typesupport_introspection_c.dir/rosidl_typesupport_introspection_c/yolo_msgs/msg/detail/pose2_d__type_support.c.o\x1b[0m\n'}
[7.077963] (yolo_msgs) StdoutLine: {'line': b'[ 51%] \x1b[32mBuilding CXX object CMakeFiles/yolo_msgs__rosidl_typesupport_c.dir/rosidl_typesupport_c/yolo_msgs/msg/detection_array__type_support.cpp.o\x1b[0m\n'}
[7.089327] (yolo_msgs) StdoutLine: {'line': b'[ 52%] \x1b[32mBuilding C object CMakeFiles/yolo_msgs__rosidl_typesupport_introspection_c.dir/rosidl_typesupport_introspection_c/yolo_msgs/msg/detail/bounding_box2_d__type_support.c.o\x1b[0m\n'}
[7.118169] (-) TimerEvent: {}
[7.155081] (yolo_msgs) StdoutLine: {'line': b'[ 53%] \x1b[32mBuilding C object CMakeFiles/yolo_msgs__rosidl_typesupport_introspection_c.dir/rosidl_typesupport_introspection_c/yolo_msgs/msg/detail/bounding_box3_d__type_support.c.o\x1b[0m\n'}
[7.156792] (yolo_msgs) StdoutLine: {'line': b'[ 54%] \x1b[32mBuilding CXX object CMakeFiles/yolo_msgs__rosidl_typesupport_c.dir/rosidl_typesupport_c/yolo_msgs/srv/set_classes__type_support.cpp.o\x1b[0m\n'}
[7.171020] (yolo_msgs) StdoutLine: {'line': b'[ 54%] \x1b[32mBuilding CXX object CMakeFiles/yolo_msgs__rosidl_typesupport_fastrtps_cpp.dir/rosidl_typesupport_fastrtps_cpp/yolo_msgs/msg/detail/dds_fastrtps/point2_d__type_support.cpp.o\x1b[0m\n'}
[7.218283] (-) TimerEvent: {}
[7.234290] (yolo_msgs) StdoutLine: {'line': b'[ 55%] \x1b[32mBuilding CXX object CMakeFiles/yolo_msgs__rosidl_typesupport_fastrtps_cpp.dir/rosidl_typesupport_fastrtps_cpp/yolo_msgs/msg/detail/dds_fastrtps/vector2__type_support.cpp.o\x1b[0m\n'}
[7.237407] (yolo_msgs) StdoutLine: {'line': b'[ 55%] \x1b[32mBuilding C object CMakeFiles/yolo_msgs__rosidl_typesupport_introspection_c.dir/rosidl_typesupport_introspection_c/yolo_msgs/msg/detail/mask__type_support.c.o\x1b[0m\n'}
[7.247624] (yolo_msgs) StdoutLine: {'line': b'[ 56%] \x1b[32m\x1b[1mLinking CXX shared library libyolo_msgs__rosidl_typesupport_c.so\x1b[0m\n'}
[7.270446] (yolo_msgs) StdoutLine: {'line': b'[ 57%] \x1b[32mBuilding CXX object CMakeFiles/yolo_msgs__rosidl_typesupport_cpp.dir/rosidl_typesupport_cpp/yolo_msgs/msg/key_point3_d_array__type_support.cpp.o\x1b[0m\n'}
[7.271276] (yolo_msgs) StdoutLine: {'line': b'[ 57%] \x1b[32mBuilding CXX object CMakeFiles/yolo_msgs__rosidl_typesupport_cpp.dir/rosidl_typesupport_cpp/yolo_msgs/msg/detection__type_support.cpp.o\x1b[0m\n'}
[7.299091] (yolo_msgs) StdoutLine: {'line': b'[ 58%] \x1b[32mBuilding CXX object CMakeFiles/yolo_msgs__rosidl_typesupport_fastrtps_cpp.dir/rosidl_typesupport_fastrtps_cpp/yolo_msgs/msg/detail/dds_fastrtps/pose2_d__type_support.cpp.o\x1b[0m\n'}
[7.305217] (yolo_msgs) StdoutLine: {'line': b'[ 59%] \x1b[32mBuilding CXX object CMakeFiles/yolo_msgs__rosidl_typesupport_fastrtps_c.dir/rosidl_typesupport_fastrtps_c/yolo_msgs/msg/detail/point2_d__type_support_c.cpp.o\x1b[0m\n'}
[7.318053] (yolo_msgs) StdoutLine: {'line': b'[ 60%] \x1b[32mBuilding C object CMakeFiles/yolo_msgs__rosidl_typesupport_introspection_c.dir/rosidl_typesupport_introspection_c/yolo_msgs/msg/detail/key_point2_d__type_support.c.o\x1b[0m\n'}
[7.318296] (-) TimerEvent: {}
[7.324072] (yolo_msgs) StdoutLine: {'line': b'[ 60%] \x1b[32mBuilding CXX object CMakeFiles/yolo_msgs__rosidl_typesupport_fastrtps_cpp.dir/rosidl_typesupport_fastrtps_cpp/yolo_msgs/msg/detail/dds_fastrtps/bounding_box2_d__type_support.cpp.o\x1b[0m\n'}
[7.330842] (yolo_msgs) StdoutLine: {'line': b'[ 61%] \x1b[32mBuilding CXX object CMakeFiles/yolo_msgs__rosidl_typesupport_cpp.dir/rosidl_typesupport_cpp/yolo_msgs/msg/detection_array__type_support.cpp.o\x1b[0m\n'}
[7.348324] (yolo_msgs) StdoutLine: {'line': b'[ 62%] \x1b[32mBuilding CXX object CMakeFiles/yolo_msgs__rosidl_typesupport_fastrtps_cpp.dir/rosidl_typesupport_fastrtps_cpp/yolo_msgs/msg/detail/dds_fastrtps/bounding_box3_d__type_support.cpp.o\x1b[0m\n'}
[7.348668] (yolo_msgs) StdoutLine: {'line': b'[ 62%] Built target yolo_msgs__rosidl_typesupport_c\n'}
[7.365240] (yolo_msgs) StdoutLine: {'line': b'[ 62%] \x1b[32mBuilding CXX object CMakeFiles/yolo_msgs__rosidl_typesupport_fastrtps_cpp.dir/rosidl_typesupport_fastrtps_cpp/yolo_msgs/msg/detail/dds_fastrtps/mask__type_support.cpp.o\x1b[0m\n'}
[7.383965] (yolo_msgs) StdoutLine: {'line': b'[ 62%] \x1b[32mBuilding C object CMakeFiles/yolo_msgs__rosidl_typesupport_introspection_c.dir/rosidl_typesupport_introspection_c/yolo_msgs/msg/detail/key_point2_d_array__type_support.c.o\x1b[0m\n'}
[7.420582] (-) TimerEvent: {}
[7.473621] (yolo_msgs) StdoutLine: {'line': b'[ 63%] \x1b[32mBuilding C object CMakeFiles/yolo_msgs__rosidl_typesupport_introspection_c.dir/rosidl_typesupport_introspection_c/yolo_msgs/msg/detail/key_point3_d__type_support.c.o\x1b[0m\n'}
[7.476522] (yolo_msgs) StdoutLine: {'line': b'[ 63%] \x1b[32mBuilding CXX object CMakeFiles/yolo_msgs__rosidl_typesupport_introspection_cpp.dir/rosidl_typesupport_introspection_cpp/yolo_msgs/msg/detail/key_point2_d__type_support.cpp.o\x1b[0m\n'}
[7.521787] (-) TimerEvent: {}
[7.563781] (yolo_msgs) StdoutLine: {'line': b'[ 64%] \x1b[32mBuilding C object CMakeFiles/yolo_msgs__rosidl_typesupport_introspection_c.dir/rosidl_typesupport_introspection_c/yolo_msgs/msg/detail/key_point3_d_array__type_support.c.o\x1b[0m\n'}
[7.621906] (-) TimerEvent: {}
[7.632086] (yolo_msgs) StdoutLine: {'line': b'[ 64%] \x1b[32mBuilding C object CMakeFiles/yolo_msgs__rosidl_typesupport_introspection_c.dir/rosidl_typesupport_introspection_c/yolo_msgs/msg/detail/detection__type_support.c.o\x1b[0m\n'}
[7.708016] (yolo_msgs) StdoutLine: {'line': b'[ 65%] \x1b[32mBuilding C object CMakeFiles/yolo_msgs__rosidl_typesupport_introspection_c.dir/rosidl_typesupport_introspection_c/yolo_msgs/msg/detail/detection_array__type_support.c.o\x1b[0m\n'}
[7.722020] (-) TimerEvent: {}
[7.725570] (yolo_msgs) StdoutLine: {'line': b'[ 66%] \x1b[32mBuilding CXX object CMakeFiles/yolo_msgs__rosidl_typesupport_fastrtps_cpp.dir/rosidl_typesupport_fastrtps_cpp/yolo_msgs/msg/detail/dds_fastrtps/key_point2_d__type_support.cpp.o\x1b[0m\n'}
[7.731228] (yolo_msgs) StdoutLine: {'line': b'[ 66%] \x1b[32mBuilding CXX object CMakeFiles/yolo_msgs__rosidl_typesupport_fastrtps_c.dir/rosidl_typesupport_fastrtps_c/yolo_msgs/msg/detail/vector2__type_support_c.cpp.o\x1b[0m\n'}
[7.791185] (yolo_msgs) StdoutLine: {'line': b'[ 67%] \x1b[32mBuilding CXX object CMakeFiles/yolo_msgs__rosidl_typesupport_cpp.dir/rosidl_typesupport_cpp/yolo_msgs/srv/set_classes__type_support.cpp.o\x1b[0m\n'}
[7.814079] (yolo_msgs) StdoutLine: {'line': b'[ 68%] \x1b[32mBuilding C object CMakeFiles/yolo_msgs__rosidl_typesupport_introspection_c.dir/rosidl_typesupport_introspection_c/yolo_msgs/srv/detail/set_classes__type_support.c.o\x1b[0m\n'}
[7.822781] (-) TimerEvent: {}
[7.903369] (yolo_msgs) StdoutLine: {'line': b'[ 68%] \x1b[32m\x1b[1mLinking C shared library libyolo_msgs__rosidl_typesupport_introspection_c.so\x1b[0m\n'}
[7.923785] (-) TimerEvent: {}
[7.937004] (yolo_msgs) StdoutLine: {'line': b'[ 69%] \x1b[32mBuilding CXX object CMakeFiles/yolo_msgs__rosidl_typesupport_introspection_cpp.dir/rosidl_typesupport_introspection_cpp/yolo_msgs/msg/detail/key_point2_d_array__type_support.cpp.o\x1b[0m\n'}
[7.959223] (yolo_msgs) StdoutLine: {'line': b'[ 70%] \x1b[32mBuilding CXX object CMakeFiles/yolo_msgs__rosidl_typesupport_fastrtps_c.dir/rosidl_typesupport_fastrtps_c/yolo_msgs/msg/detail/pose2_d__type_support_c.cpp.o\x1b[0m\n'}
[7.966377] (yolo_msgs) StdoutLine: {'line': b'[ 70%] Built target yolo_msgs__rosidl_typesupport_introspection_c\n'}
[7.982814] (yolo_msgs) StdoutLine: {'line': b'[ 72%] \x1b[32mBuilding CXX object CMakeFiles/yolo_msgs__rosidl_typesupport_fastrtps_c.dir/rosidl_typesupport_fastrtps_c/yolo_msgs/msg/detail/bounding_box2_d__type_support_c.cpp.o\x1b[0m\n'}
[7.983082] (yolo_msgs) StdoutLine: {'line': b'[ 72%] \x1b[32mBuilding CXX object CMakeFiles/yolo_msgs__rosidl_typesupport_fastrtps_cpp.dir/rosidl_typesupport_fastrtps_cpp/yolo_msgs/msg/detail/dds_fastrtps/key_point2_d_array__type_support.cpp.o\x1b[0m\n'}
[7.985243] (yolo_msgs) StdoutLine: {'line': b'[ 73%] \x1b[32mBuilding CXX object CMakeFiles/yolo_msgs__rosidl_typesupport_introspection_cpp.dir/rosidl_typesupport_introspection_cpp/yolo_msgs/msg/detail/key_point3_d__type_support.cpp.o\x1b[0m\n'}
[7.996065] (yolo_msgs) StdoutLine: {'line': b'[ 73%] \x1b[32mBuilding CXX object CMakeFiles/yolo_msgs__rosidl_typesupport_fastrtps_c.dir/rosidl_typesupport_fastrtps_c/yolo_msgs/msg/detail/bounding_box3_d__type_support_c.cpp.o\x1b[0m\n'}
[8.018176] (yolo_msgs) StdoutLine: {'line': b'[ 73%] \x1b[32mBuilding CXX object CMakeFiles/yolo_msgs__rosidl_typesupport_introspection_cpp.dir/rosidl_typesupport_introspection_cpp/yolo_msgs/msg/detail/key_point3_d_array__type_support.cpp.o\x1b[0m\n'}
[8.023881] (-) TimerEvent: {}
[8.069219] (yolo_msgs) StdoutLine: {'line': b'[ 74%] \x1b[32mBuilding CXX object CMakeFiles/yolo_msgs__rosidl_typesupport_fastrtps_c.dir/rosidl_typesupport_fastrtps_c/yolo_msgs/msg/detail/mask__type_support_c.cpp.o\x1b[0m\n'}
[8.071173] (yolo_msgs) StdoutLine: {'line': b'[ 74%] \x1b[32mBuilding CXX object CMakeFiles/yolo_msgs__rosidl_typesupport_fastrtps_cpp.dir/rosidl_typesupport_fastrtps_cpp/yolo_msgs/msg/detail/dds_fastrtps/key_point3_d__type_support.cpp.o\x1b[0m\n'}
[8.123993] (-) TimerEvent: {}
[8.224342] (-) TimerEvent: {}
[8.327961] (-) TimerEvent: {}
[8.385878] (yolo_msgs) StdoutLine: {'line': b'[ 75%] \x1b[32mBuilding CXX object CMakeFiles/yolo_msgs__rosidl_typesupport_introspection_cpp.dir/rosidl_typesupport_introspection_cpp/yolo_msgs/msg/detail/detection__type_support.cpp.o\x1b[0m\n'}
[8.424846] (yolo_msgs) StdoutLine: {'line': b'[ 75%] \x1b[32m\x1b[1mLinking CXX shared library libyolo_msgs__rosidl_typesupport_cpp.so\x1b[0m\n'}
[8.428050] (-) TimerEvent: {}
[8.436291] (yolo_msgs) StdoutLine: {'line': b'[ 76%] \x1b[32mBuilding CXX object CMakeFiles/yolo_msgs__rosidl_typesupport_introspection_cpp.dir/rosidl_typesupport_introspection_cpp/yolo_msgs/msg/detail/detection_array__type_support.cpp.o\x1b[0m\n'}
[8.464508] (yolo_msgs) StdoutLine: {'line': b'[ 76%] \x1b[32mBuilding CXX object CMakeFiles/yolo_msgs__rosidl_typesupport_fastrtps_c.dir/rosidl_typesupport_fastrtps_c/yolo_msgs/msg/detail/key_point2_d__type_support_c.cpp.o\x1b[0m\n'}
[8.477792] (yolo_msgs) StdoutLine: {'line': b'[ 77%] \x1b[32mBuilding CXX object CMakeFiles/yolo_msgs__rosidl_typesupport_fastrtps_c.dir/rosidl_typesupport_fastrtps_c/yolo_msgs/msg/detail/key_point2_d_array__type_support_c.cpp.o\x1b[0m\n'}
[8.528804] (-) TimerEvent: {}
[8.612327] (yolo_msgs) StdoutLine: {'line': b'[ 77%] \x1b[32mBuilding CXX object CMakeFiles/yolo_msgs__rosidl_typesupport_introspection_cpp.dir/rosidl_typesupport_introspection_cpp/yolo_msgs/srv/detail/set_classes__type_support.cpp.o\x1b[0m\n'}
[8.622375] (yolo_msgs) StdoutLine: {'line': b'[ 77%] Built target yolo_msgs__rosidl_typesupport_cpp\n'}
[8.628911] (-) TimerEvent: {}
[8.635693] (yolo_msgs) StdoutLine: {'line': b'[ 78%] \x1b[32mBuilding CXX object CMakeFiles/yolo_msgs__rosidl_typesupport_fastrtps_c.dir/rosidl_typesupport_fastrtps_c/yolo_msgs/msg/detail/key_point3_d__type_support_c.cpp.o\x1b[0m\n'}
[8.648773] (yolo_msgs) StdoutLine: {'line': b'[ 78%] \x1b[32mBuilding CXX object CMakeFiles/yolo_msgs__rosidl_typesupport_fastrtps_c.dir/rosidl_typesupport_fastrtps_c/yolo_msgs/msg/detail/key_point3_d_array__type_support_c.cpp.o\x1b[0m\n'}
[8.677225] (yolo_msgs) StdoutLine: {'line': b'[ 79%] \x1b[32mBuilding CXX object CMakeFiles/yolo_msgs__rosidl_typesupport_fastrtps_cpp.dir/rosidl_typesupport_fastrtps_cpp/yolo_msgs/msg/detail/dds_fastrtps/key_point3_d_array__type_support.cpp.o\x1b[0m\n'}
[8.705023] (yolo_msgs) StdoutLine: {'line': b'[ 80%] \x1b[32mBuilding CXX object CMakeFiles/yolo_msgs__rosidl_typesupport_fastrtps_cpp.dir/rosidl_typesupport_fastrtps_cpp/yolo_msgs/msg/detail/dds_fastrtps/detection__type_support.cpp.o\x1b[0m\n'}
[8.729020] (-) TimerEvent: {}
[8.748301] (yolo_msgs) StdoutLine: {'line': b'[ 80%] \x1b[32mBuilding CXX object CMakeFiles/yolo_msgs__rosidl_typesupport_fastrtps_cpp.dir/rosidl_typesupport_fastrtps_cpp/yolo_msgs/msg/detail/dds_fastrtps/detection_array__type_support.cpp.o\x1b[0m\n'}
[8.755779] (yolo_msgs) StdoutLine: {'line': b'[ 81%] \x1b[32mBuilding CXX object CMakeFiles/yolo_msgs__rosidl_typesupport_fastrtps_cpp.dir/rosidl_typesupport_fastrtps_cpp/yolo_msgs/srv/detail/dds_fastrtps/set_classes__type_support.cpp.o\x1b[0m\n'}
[8.786404] (yolo_msgs) StdoutLine: {'line': b'[ 82%] \x1b[32mBuilding CXX object CMakeFiles/yolo_msgs__rosidl_typesupport_fastrtps_c.dir/rosidl_typesupport_fastrtps_c/yolo_msgs/msg/detail/detection__type_support_c.cpp.o\x1b[0m\n'}
[8.829141] (-) TimerEvent: {}
[8.923999] (yolo_msgs) StdoutLine: {'line': b'[ 83%] \x1b[32mBuilding CXX object CMakeFiles/yolo_msgs__rosidl_typesupport_fastrtps_c.dir/rosidl_typesupport_fastrtps_c/yolo_msgs/msg/detail/detection_array__type_support_c.cpp.o\x1b[0m\n'}
[8.929252] (-) TimerEvent: {}
[9.029572] (-) TimerEvent: {}
[9.125759] (yolo_msgs) StdoutLine: {'line': b'[ 83%] \x1b[32mBuilding CXX object CMakeFiles/yolo_msgs__rosidl_typesupport_fastrtps_c.dir/rosidl_typesupport_fastrtps_c/yolo_msgs/srv/detail/set_classes__type_support_c.cpp.o\x1b[0m\n'}
[9.129686] (-) TimerEvent: {}
[9.230045] (-) TimerEvent: {}
[9.320801] (yolo_msgs) StdoutLine: {'line': b'[ 84%] \x1b[32m\x1b[1mLinking CXX shared library libyolo_msgs__rosidl_typesupport_introspection_cpp.so\x1b[0m\n'}
[9.330162] (-) TimerEvent: {}
[9.430503] (-) TimerEvent: {}
[9.442684] (yolo_msgs) StdoutLine: {'line': b'[ 84%] Built target yolo_msgs__rosidl_typesupport_introspection_cpp\n'}
[9.530634] (-) TimerEvent: {}
[9.582772] (yolo_msgs) StdoutLine: {'line': b'[ 85%] \x1b[32m\x1b[1mLinking CXX shared library libyolo_msgs__rosidl_typesupport_fastrtps_cpp.so\x1b[0m\n'}
[9.622758] (yolo_msgs) StdoutLine: {'line': b'[ 86%] \x1b[32m\x1b[1mLinking CXX shared library libyolo_msgs__rosidl_typesupport_fastrtps_c.so\x1b[0m\n'}
[9.630753] (-) TimerEvent: {}
[9.662624] (yolo_msgs) StdoutLine: {'line': b'[ 86%] Built target yolo_msgs__rosidl_typesupport_fastrtps_cpp\n'}
[9.700890] (yolo_msgs) StdoutLine: {'line': b'[ 86%] Built target yolo_msgs__rosidl_typesupport_fastrtps_c\n'}
[9.728137] (yolo_msgs) StdoutLine: {'line': b'[ 86%] Built target yolo_msgs\n'}
[9.730853] (-) TimerEvent: {}
[9.754000] (yolo_msgs) StdoutLine: {'line': b'[ 87%] \x1b[34m\x1b[1mGenerating Python code for ROS interfaces\x1b[0m\n'}
[9.830978] (-) TimerEvent: {}
[9.931273] (-) TimerEvent: {}
[10.031555] (-) TimerEvent: {}
[10.131796] (-) TimerEvent: {}
[10.232092] (-) TimerEvent: {}
[10.332377] (-) TimerEvent: {}
[10.432666] (-) TimerEvent: {}
[10.532969] (-) TimerEvent: {}
[10.633200] (-) TimerEvent: {}
[10.733489] (-) TimerEvent: {}
[10.833836] (-) TimerEvent: {}
[10.891870] (yolo_msgs) StdoutLine: {'line': b'[ 87%] Built target yolo_msgs__py\n'}
[10.917669] (yolo_msgs) StdoutLine: {'line': b'[ 88%] \x1b[32mBuilding C object CMakeFiles/yolo_msgs__rosidl_generator_py.dir/rosidl_generator_py/yolo_msgs/msg/_mask_s.c.o\x1b[0m\n'}
[10.917963] (yolo_msgs) StdoutLine: {'line': b'[ 90%] \x1b[32mBuilding C object CMakeFiles/yolo_msgs__rosidl_generator_py.dir/rosidl_generator_py/yolo_msgs/msg/_bounding_box2_d_s.c.o\x1b[0m\n'}
[10.918074] (yolo_msgs) StdoutLine: {'line': b'[ 90%] \x1b[32mBuilding C object CMakeFiles/yolo_msgs__rosidl_generator_py.dir/rosidl_generator_py/yolo_msgs/msg/_bounding_box3_d_s.c.o\x1b[0m\n'}
[10.918154] (yolo_msgs) StdoutLine: {'line': b'[ 90%] \x1b[32mBuilding C object CMakeFiles/yolo_msgs__rosidl_generator_py.dir/rosidl_generator_py/yolo_msgs/msg/_vector2_s.c.o\x1b[0m\n'}
[10.918288] (yolo_msgs) StdoutLine: {'line': b'[ 91%] \x1b[32mBuilding C object CMakeFiles/yolo_msgs__rosidl_generator_py.dir/rosidl_generator_py/yolo_msgs/msg/_key_point2_d_s.c.o\x1b[0m\n'}
[10.918380] (yolo_msgs) StdoutLine: {'line': b'[ 91%] \x1b[32mBuilding C object CMakeFiles/yolo_msgs__rosidl_generator_py.dir/rosidl_generator_py/yolo_msgs/msg/_pose2_d_s.c.o\x1b[0m\n'}
[10.918455] (yolo_msgs) StdoutLine: {'line': b'[ 91%] \x1b[32mBuilding C object CMakeFiles/yolo_msgs__rosidl_generator_py.dir/rosidl_generator_py/yolo_msgs/msg/_key_point2_d_array_s.c.o\x1b[0m\n'}
[10.918601] (yolo_msgs) StdoutLine: {'line': b'[ 92%] \x1b[32mBuilding C object CMakeFiles/yolo_msgs__rosidl_generator_py.dir/rosidl_generator_py/yolo_msgs/msg/_key_point3_d_array_s.c.o\x1b[0m\n'}
[10.919205] (yolo_msgs) StdoutLine: {'line': b'[ 93%] \x1b[32mBuilding C object CMakeFiles/yolo_msgs__rosidl_generator_py.dir/rosidl_generator_py/yolo_msgs/msg/_key_point3_d_s.c.o\x1b[0m\n'}
[10.919598] (yolo_msgs) StdoutLine: {'line': b'[ 94%] \x1b[32mBuilding C object CMakeFiles/yolo_msgs__rosidl_generator_py.dir/rosidl_generator_py/yolo_msgs/msg/_point2_d_s.c.o\x1b[0m\n'}
[10.920145] (yolo_msgs) StdoutLine: {'line': b'[ 94%] \x1b[32mBuilding C object CMakeFiles/yolo_msgs__rosidl_generator_py.dir/rosidl_generator_py/yolo_msgs/msg/_detection_s.c.o\x1b[0m\n'}
[10.928468] (yolo_msgs) StdoutLine: {'line': b'[ 95%] \x1b[32mBuilding C object CMakeFiles/yolo_msgs__rosidl_generator_py.dir/rosidl_generator_py/yolo_msgs/msg/_detection_array_s.c.o\x1b[0m\n'}
[10.933949] (-) TimerEvent: {}
[11.034229] (-) TimerEvent: {}
[11.118798] (yolo_msgs) StdoutLine: {'line': b'[ 96%] \x1b[32mBuilding C object CMakeFiles/yolo_msgs__rosidl_generator_py.dir/rosidl_generator_py/yolo_msgs/srv/_set_classes_s.c.o\x1b[0m\n'}
[11.134341] (-) TimerEvent: {}
[11.234604] (-) TimerEvent: {}
[11.241250] (yolo_msgs) StdoutLine: {'line': b'[ 96%] \x1b[32m\x1b[1mLinking C shared library libyolo_msgs__rosidl_generator_py.so\x1b[0m\n'}
[11.295375] (yolo_msgs) StdoutLine: {'line': b'[ 96%] Built target yolo_msgs__rosidl_generator_py\n'}
[11.316676] (yolo_msgs) StdoutLine: {'line': b'[ 97%] \x1b[32mBuilding C object CMakeFiles/yolo_msgs_s__rosidl_typesupport_c.dir/rosidl_generator_py/yolo_msgs/_yolo_msgs_s.ep.rosidl_typesupport_c.c.o\x1b[0m\n'}
[11.316880] (yolo_msgs) StdoutLine: {'line': b'[ 97%] \x1b[32mBuilding C object CMakeFiles/yolo_msgs_s__rosidl_typesupport_introspection_c.dir/rosidl_generator_py/yolo_msgs/_yolo_msgs_s.ep.rosidl_typesupport_introspection_c.c.o\x1b[0m\n'}
[11.317029] (yolo_msgs) StdoutLine: {'line': b'[ 98%] \x1b[32mBuilding C object CMakeFiles/yolo_msgs_s__rosidl_typesupport_fastrtps_c.dir/rosidl_generator_py/yolo_msgs/_yolo_msgs_s.ep.rosidl_typesupport_fastrtps_c.c.o\x1b[0m\n'}
[11.334732] (-) TimerEvent: {}
[11.433780] (yolo_msgs) StdoutLine: {'line': b'[100%] \x1b[32m\x1b[1mLinking C shared module rosidl_generator_py/yolo_msgs/yolo_msgs_s__rosidl_typesupport_c.so\x1b[0m\n'}
[11.433970] (yolo_msgs) StdoutLine: {'line': b'[100%] \x1b[32m\x1b[1mLinking C shared module rosidl_generator_py/yolo_msgs/yolo_msgs_s__rosidl_typesupport_introspection_c.so\x1b[0m\n'}
[11.434765] (-) TimerEvent: {}
[11.442370] (yolo_msgs) StdoutLine: {'line': b'[100%] \x1b[32m\x1b[1mLinking C shared module rosidl_generator_py/yolo_msgs/yolo_msgs_s__rosidl_typesupport_fastrtps_c.so\x1b[0m\n'}
[11.467094] (yolo_msgs) StdoutLine: {'line': b'[100%] Built target yolo_msgs_s__rosidl_typesupport_c\n'}
[11.467296] (yolo_msgs) StdoutLine: {'line': b'[100%] Built target yolo_msgs_s__rosidl_typesupport_introspection_c\n'}
[11.479471] (yolo_msgs) StdoutLine: {'line': b'[100%] Built target yolo_msgs_s__rosidl_typesupport_fastrtps_c\n'}
[11.494343] (yolo_msgs) CommandEnded: {'returncode': 0}
[11.494892] (yolo_msgs) JobProgress: {'identifier': 'yolo_msgs', 'progress': 'install'}
[11.506449] (yolo_msgs) Command: {'cmd': ['/usr/bin/cmake', '--install', '/home/csilab/yolo_ws/build/yolo_msgs'], 'cwd': '/home/csilab/yolo_ws/build/yolo_msgs', 'env': OrderedDict({'LESSOPEN': '| /usr/bin/lesspipe %s', 'LANGUAGE': 'ko:en', 'USER': 'csilab', 'LC_TIME': 'en_US.UTF-8', 'GZ_CONFIG_PATH': '/opt/ros/jazzy/opt/gz_sim_vendor/share/gz:/opt/ros/jazzy/opt/sdformat_vendor/share/gz:/opt/ros/jazzy/opt/gz_gui_vendor/share/gz:/opt/ros/jazzy/opt/gz_transport_vendor/share/gz:/opt/ros/jazzy/opt/gz_rendering_vendor/share/gz:/opt/ros/jazzy/opt/gz_plugin_vendor/share/gz:/opt/ros/jazzy/opt/gz_fuel_tools_vendor/share/gz:/opt/ros/jazzy/opt/gz_msgs_vendor/share/gz:/opt/ros/jazzy/opt/gz_common_vendor/share/gz', 'XDG_SESSION_TYPE': 'wayland', 'CLUTTER_DISABLE_MIPMAPPED_TEXT': '1', 'SHLVL': '1', 'LD_LIBRARY_PATH': '/home/csilab/turtlebot3_ws/install/dynamixel_sdk_custom_interfaces/lib:/home/csilab/turtlebot3_ws/install/dynamixel_sdk/lib:/opt/ros/jazzy/opt/gz_sim_vendor/lib:/opt/ros/jazzy/opt/gz_sensors_vendor/lib:/opt/ros/jazzy/opt/gz_physics_vendor/lib:/opt/ros/jazzy/opt/sdformat_vendor/lib:/opt/ros/jazzy/opt/rviz_ogre_vendor/lib:/opt/ros/jazzy/lib/x86_64-linux-gnu:/opt/ros/jazzy/opt/gz_gui_vendor/lib:/opt/ros/jazzy/opt/gz_transport_vendor/lib:/opt/ros/jazzy/opt/gz_rendering_vendor/lib:/opt/ros/jazzy/opt/gz_plugin_vendor/lib:/opt/ros/jazzy/opt/gz_fuel_tools_vendor/lib:/opt/ros/jazzy/opt/gz_msgs_vendor/lib:/opt/ros/jazzy/opt/gz_common_vendor/lib:/opt/ros/jazzy/opt/gz_math_vendor/lib:/opt/ros/jazzy/opt/gz_utils_vendor/lib:/opt/ros/jazzy/opt/gz_tools_vendor/lib:/opt/ros/jazzy/opt/gz_ogre_next_vendor/lib:/opt/ros/jazzy/opt/gz_dartsim_vendor/lib:/opt/ros/jazzy/opt/gz_cmake_vendor/lib:/opt/ros/jazzy/lib', 'HOME': '/home/csilab', 'OLDPWD': '/home/csilab/yolo_ws/src/yolo_ros', 'DESKTOP_SESSION': 'ubuntu', 'ROS_PYTHON_VERSION': '3', 'GNOME_SHELL_SESSION_MODE': 'ubuntu', 'GTK_MODULES': 'gail:atk-bridge', 'LC_MONETARY': 'en_US.UTF-8', 'ROS_STATIC_PEERS': '10.8.141.26', 'SYSTEMD_EXEC_PID': '2535', 'GSM_SKIP_SSH_AGENT_WORKAROUND': 'true', 'DBUS_SESSION_BUS_ADDRESS': 'unix:path=/run/user/1000/bus', 'COLORTERM': 'truecolor', 'DEBUGINFOD_URLS': 'https://debuginfod.ubuntu.com', 'IM_CONFIG_PHASE': '1', 'WAYLAND_DISPLAY': 'wayland-0', 'COLCON_PREFIX_PATH': '/home/csilab/turtlebot3_ws/install', 'ROS_DISTRO': 'jazzy', 'LOGNAME': 'csilab', '_': '/usr/bin/colcon', 'ROS_VERSION': '2', 'MEMORY_PRESSURE_WATCH': '/sys/fs/cgroup/user.slice/user-1000.slice/user@1000.service/session.slice/org.gnome.Shell@wayland.service/memory.pressure', 'XDG_SESSION_CLASS': 'user', 'USERNAME': 'csilab', 'TERM': 'xterm-256color', 'GNOME_DESKTOP_SESSION_ID': 'this-is-deprecated', 'ROS_LOCALHOST_ONLY': '0', 'PATH': '/home/csilab/.local/bin:/opt/ros/jazzy/opt/gz_msgs_vendor/bin:/opt/ros/jazzy/opt/gz_tools_vendor/bin:/opt/ros/jazzy/opt/gz_ogre_next_vendor/bin:/opt/ros/jazzy/bin:/home/csilab/.local/bin:/usr/local/sbin:/usr/local/bin:/usr/sbin:/usr/bin:/sbin:/bin:/usr/games:/usr/local/games:/snap/bin:/snap/bin', 'SESSION_MANAGER': 'local/turtle-jeong-pc:@/tmp/.ICE-unix/2504,unix/turtle-jeong-pc:/tmp/.ICE-unix/2504', 'PAPERSIZE': 'letter', 'XDG_MENU_PREFIX': 'gnome-', 'LC_ADDRESS': 'en_US.UTF-8', 'GNOME_TERMINAL_SCREEN': '/org/gnome/Terminal/screen/95e2ff0f_152b_4019_a1da_739bb2262291', 'GNOME_SETUP_DISPLAY': ':1', 'XDG_RUNTIME_DIR': '/run/user/1000', 'DISPLAY': ':0', 'LANG': 'ko_KR.UTF-8', 'XDG_CURRENT_DESKTOP': 'ubuntu:GNOME', 'LC_TELEPHONE': 'en_US.UTF-8', 'XMODIFIERS': '@im=ibus', 'XDG_SESSION_DESKTOP': 'ubuntu', 'XAUTHORITY': '/run/user/1000/.mutter-Xwaylandauth.XT2BS3', 'LS_COLORS': 'rs=0:di=01;34:ln=01;36:mh=00:pi=40;33:so=01;35:do=01;35:bd=40;33;01:cd=40;33;01:or=40;31;01:mi=00:su=37;41:sg=30;43:ca=00:tw=30;42:ow=34;42:st=37;44:ex=01;32:*.tar=01;31:*.tgz=01;31:*.arc=01;31:*.arj=01;31:*.taz=01;31:*.lha=01;31:*.lz4=01;31:*.lzh=01;31:*.lzma=01;31:*.tlz=01;31:*.txz=01;31:*.tzo=01;31:*.t7z=01;31:*.zip=01;31:*.z=01;31:*.dz=01;31:*.gz=01;31:*.lrz=01;31:*.lz=01;31:*.lzo=01;31:*.xz=01;31:*.zst=01;31:*.tzst=01;31:*.bz2=01;31:*.bz=01;31:*.tbz=01;31:*.tbz2=01;31:*.tz=01;31:*.deb=01;31:*.rpm=01;31:*.jar=01;31:*.war=01;31:*.ear=01;31:*.sar=01;31:*.rar=01;31:*.alz=01;31:*.ace=01;31:*.zoo=01;31:*.cpio=01;31:*.7z=01;31:*.rz=01;31:*.cab=01;31:*.wim=01;31:*.swm=01;31:*.dwm=01;31:*.esd=01;31:*.avif=01;35:*.jpg=01;35:*.jpeg=01;35:*.mjpg=01;35:*.mjpeg=01;35:*.gif=01;35:*.bmp=01;35:*.pbm=01;35:*.pgm=01;35:*.ppm=01;35:*.tga=01;35:*.xbm=01;35:*.xpm=01;35:*.tif=01;35:*.tiff=01;35:*.png=01;35:*.svg=01;35:*.svgz=01;35:*.mng=01;35:*.pcx=01;35:*.mov=01;35:*.mpg=01;35:*.mpeg=01;35:*.m2v=01;35:*.mkv=01;35:*.webm=01;35:*.webp=01;35:*.ogm=01;35:*.mp4=01;35:*.m4v=01;35:*.mp4v=01;35:*.vob=01;35:*.qt=01;35:*.nuv=01;35:*.wmv=01;35:*.asf=01;35:*.rm=01;35:*.rmvb=01;35:*.flc=01;35:*.avi=01;35:*.fli=01;35:*.flv=01;35:*.gl=01;35:*.dl=01;35:*.xcf=01;35:*.xwd=01;35:*.yuv=01;35:*.cgm=01;35:*.emf=01;35:*.ogv=01;35:*.ogx=01;35:*.aac=00;36:*.au=00;36:*.flac=00;36:*.m4a=00;36:*.mid=00;36:*.midi=00;36:*.mka=00;36:*.mp3=00;36:*.mpc=00;36:*.ogg=00;36:*.ra=00;36:*.wav=00;36:*.oga=00;36:*.opus=00;36:*.spx=00;36:*.xspf=00;36:*~=00;90:*#=00;90:*.bak=00;90:*.crdownload=00;90:*.dpkg-dist=00;90:*.dpkg-new=00;90:*.dpkg-old=00;90:*.dpkg-tmp=00;90:*.old=00;90:*.orig=00;90:*.part=00;90:*.rej=00;90:*.rpmnew=00;90:*.rpmorig=00;90:*.rpmsave=00;90:*.swp=00;90:*.tmp=00;90:*.ucf-dist=00;90:*.ucf-new=00;90:*.ucf-old=00;90:', 'GNOME_TERMINAL_SERVICE': ':1.181', 'SSH_AUTH_SOCK': '/run/user/1000/keyring/ssh', 'ROS_DOMAIN_ID': '30', 'AMENT_PREFIX_PATH': '/home/csilab/turtlebot3_ws/install/dynamixel_sdk_examples:/home/csilab/turtlebot3_ws/install/dynamixel_sdk_custom_interfaces:/home/csilab/turtlebot3_ws/install/dynamixel_sdk:/opt/ros/jazzy', 'SHELL': '/bin/bash', 'LC_NAME': 'en_US.UTF-8', 'QT_ACCESSIBILITY': '1', 'GDMSESSION': 'ubuntu', 'LESSCLOSE': '/usr/bin/lesspipe %s %s', 'LC_MEASUREMENT': 'en_US.UTF-8', 'LC_IDENTIFICATION': 'en_US.UTF-8', 'ROS_AUTOMATIC_DISCOVERY_RANGE': 'SUBNET', 'QT_IM_MODULE': 'ibus', 'PWD': '/home/csilab/yolo_ws/build/yolo_msgs', 'TURTLEBOT3_MODEL': 'burger', 'LC_ALL': 'en_US.UTF-8', 'XDG_CONFIG_DIRS': '/etc/xdg/xdg-ubuntu:/etc/xdg', 'XDG_DATA_DIRS': '/usr/share/ubuntu:/usr/share/gnome:/usr/local/share/:/usr/share/:/var/lib/snapd/desktop', 'LDS_MODEL': 'LDS-02', 'PYTHONPATH': '/home/csilab/turtlebot3_ws/install/dynamixel_sdk_custom_interfaces/lib/python3.12/site-packages:/home/csilab/turtlebot3_ws/install/dynamixel_sdk/lib/python3.12/site-packages:/opt/ros/jazzy/lib/python3.12/site-packages', 'LC_NUMERIC': 'en_US.UTF-8', 'LC_PAPER': 'en_US.UTF-8', 'COLCON': '1', 'MEMORY_PRESSURE_WRITE': 'c29tZSAyMDAwMDAgMjAwMDAwMAA=', 'VTE_VERSION': '7600', 'CMAKE_PREFIX_PATH': '/home/csilab/turtlebot3_ws/install/dynamixel_sdk_examples:/home/csilab/turtlebot3_ws/install/dynamixel_sdk_custom_interfaces:/home/csilab/turtlebot3_ws/install/dynamixel_sdk:/opt/ros/jazzy/opt/gz_sim_vendor:/opt/ros/jazzy/opt/gz_sensors_vendor:/opt/ros/jazzy/opt/gz_physics_vendor:/opt/ros/jazzy/opt/sdformat_vendor:/opt/ros/jazzy/opt/gz_gui_vendor:/opt/ros/jazzy/opt/gz_transport_vendor:/opt/ros/jazzy/opt/gz_rendering_vendor:/opt/ros/jazzy/opt/gz_plugin_vendor:/opt/ros/jazzy/opt/gz_fuel_tools_vendor:/opt/ros/jazzy/opt/gz_msgs_vendor:/opt/ros/jazzy/opt/gz_common_vendor:/opt/ros/jazzy/opt/gz_math_vendor:/opt/ros/jazzy/opt/gz_utils_vendor:/opt/ros/jazzy/opt/gz_tools_vendor:/opt/ros/jazzy/opt/gz_ogre_next_vendor:/opt/ros/jazzy/opt/gz_dartsim_vendor:/opt/ros/jazzy/opt/gz_cmake_vendor:/opt/ros/jazzy'}), 'shell': False}
[11.515864] (yolo_msgs) StdoutLine: {'line': b'-- Install configuration: ""\n'}
[11.516402] (yolo_msgs) StdoutLine: {'line': b'-- Execute custom install script\n'}
[11.516694] (yolo_msgs) StdoutLine: {'line': b'-- Symlinking: /home/csilab/yolo_ws/install/yolo_msgs/share/ament_index/resource_index/rosidl_interfaces/yolo_msgs\n'}
[11.526902] (yolo_msgs) StdoutLine: {'line': b'-- Symlinking: /home/csilab/yolo_ws/install/yolo_msgs/share/yolo_msgs/msg/Point2D.json\n'}
[11.534878] (-) TimerEvent: {}
[11.537263] (yolo_msgs) StdoutLine: {'line': b'-- Symlinking: /home/csilab/yolo_ws/install/yolo_msgs/share/yolo_msgs/msg/Vector2.json\n'}
[11.548214] (yolo_msgs) StdoutLine: {'line': b'-- Symlinking: /home/csilab/yolo_ws/install/yolo_msgs/share/yolo_msgs/msg/Pose2D.json\n'}
[11.558555] (yolo_msgs) StdoutLine: {'line': b'-- Symlinking: /home/csilab/yolo_ws/install/yolo_msgs/share/yolo_msgs/msg/BoundingBox2D.json\n'}
[11.569251] (yolo_msgs) StdoutLine: {'line': b'-- Symlinking: /home/csilab/yolo_ws/install/yolo_msgs/share/yolo_msgs/msg/BoundingBox3D.json\n'}
[11.579133] (yolo_msgs) StdoutLine: {'line': b'-- Symlinking: /home/csilab/yolo_ws/install/yolo_msgs/share/yolo_msgs/msg/Mask.json\n'}
[11.588793] (yolo_msgs) StdoutLine: {'line': b'-- Symlinking: /home/csilab/yolo_ws/install/yolo_msgs/share/yolo_msgs/msg/KeyPoint2D.json\n'}
[11.597575] (yolo_msgs) StdoutLine: {'line': b'-- Symlinking: /home/csilab/yolo_ws/install/yolo_msgs/share/yolo_msgs/msg/KeyPoint2DArray.json\n'}
[11.606638] (yolo_msgs) StdoutLine: {'line': b'-- Symlinking: /home/csilab/yolo_ws/install/yolo_msgs/share/yolo_msgs/msg/KeyPoint3D.json\n'}
[11.616073] (yolo_msgs) StdoutLine: {'line': b'-- Symlinking: /home/csilab/yolo_ws/install/yolo_msgs/share/yolo_msgs/msg/KeyPoint3DArray.json\n'}
[11.624833] (yolo_msgs) StdoutLine: {'line': b'-- Symlinking: /home/csilab/yolo_ws/install/yolo_msgs/share/yolo_msgs/msg/Detection.json\n'}
[11.634375] (yolo_msgs) StdoutLine: {'line': b'-- Symlinking: /home/csilab/yolo_ws/install/yolo_msgs/share/yolo_msgs/msg/DetectionArray.json\n'}
[11.634955] (-) TimerEvent: {}
[11.644541] (yolo_msgs) StdoutLine: {'line': b'-- Symlinking: /home/csilab/yolo_ws/install/yolo_msgs/share/yolo_msgs/srv/SetClasses.json\n'}
[11.656135] (yolo_msgs) StdoutLine: {'line': b'-- Symlinking: /home/csilab/yolo_ws/install/yolo_msgs/include/yolo_msgs/yolo_msgs/msg/bounding_box2_d.h\n'}
[11.667055] (yolo_msgs) StdoutLine: {'line': b'-- Symlinking: /home/csilab/yolo_ws/install/yolo_msgs/include/yolo_msgs/yolo_msgs/msg/bounding_box3_d.h\n'}
[11.675900] (yolo_msgs) StdoutLine: {'line': b'-- Symlinking: /home/csilab/yolo_ws/install/yolo_msgs/include/yolo_msgs/yolo_msgs/msg/detail/bounding_box2_d__functions.h\n'}
[11.686156] (yolo_msgs) StdoutLine: {'line': b'-- Symlinking: /home/csilab/yolo_ws/install/yolo_msgs/include/yolo_msgs/yolo_msgs/msg/detail/bounding_box2_d__struct.h\n'}
[11.696328] (yolo_msgs) StdoutLine: {'line': b'-- Symlinking: /home/csilab/yolo_ws/install/yolo_msgs/include/yolo_msgs/yolo_msgs/msg/detail/bounding_box2_d__type_support.h\n'}
[11.708461] (yolo_msgs) StdoutLine: {'line': b'-- Symlinking: /home/csilab/yolo_ws/install/yolo_msgs/include/yolo_msgs/yolo_msgs/msg/detail/bounding_box3_d__functions.h\n'}
[11.719629] (yolo_msgs) StdoutLine: {'line': b'-- Symlinking: /home/csilab/yolo_ws/install/yolo_msgs/include/yolo_msgs/yolo_msgs/msg/detail/bounding_box3_d__struct.h\n'}
[11.729437] (yolo_msgs) StdoutLine: {'line': b'-- Symlinking: /home/csilab/yolo_ws/install/yolo_msgs/include/yolo_msgs/yolo_msgs/msg/detail/bounding_box3_d__type_support.h\n'}
[11.735066] (-) TimerEvent: {}
[11.739655] (yolo_msgs) StdoutLine: {'line': b'-- Symlinking: /home/csilab/yolo_ws/install/yolo_msgs/include/yolo_msgs/yolo_msgs/msg/detail/detection__functions.h\n'}
[11.751694] (yolo_msgs) StdoutLine: {'line': b'-- Symlinking: /home/csilab/yolo_ws/install/yolo_msgs/include/yolo_msgs/yolo_msgs/msg/detail/detection__struct.h\n'}
[11.761443] (yolo_msgs) StdoutLine: {'line': b'-- Symlinking: /home/csilab/yolo_ws/install/yolo_msgs/include/yolo_msgs/yolo_msgs/msg/detail/detection__type_support.h\n'}
[11.770783] (yolo_msgs) StdoutLine: {'line': b'-- Symlinking: /home/csilab/yolo_ws/install/yolo_msgs/include/yolo_msgs/yolo_msgs/msg/detail/detection_array__functions.h\n'}
[11.780404] (yolo_msgs) StdoutLine: {'line': b'-- Symlinking: /home/csilab/yolo_ws/install/yolo_msgs/include/yolo_msgs/yolo_msgs/msg/detail/detection_array__struct.h\n'}
[11.790716] (yolo_msgs) StdoutLine: {'line': b'-- Symlinking: /home/csilab/yolo_ws/install/yolo_msgs/include/yolo_msgs/yolo_msgs/msg/detail/detection_array__type_support.h\n'}
[11.801206] (yolo_msgs) StdoutLine: {'line': b'-- Symlinking: /home/csilab/yolo_ws/install/yolo_msgs/include/yolo_msgs/yolo_msgs/msg/detail/key_point2_d__functions.h\n'}
[11.810458] (yolo_msgs) StdoutLine: {'line': b'-- Symlinking: /home/csilab/yolo_ws/install/yolo_msgs/include/yolo_msgs/yolo_msgs/msg/detail/key_point2_d__struct.h\n'}
[11.820597] (yolo_msgs) StdoutLine: {'line': b'-- Symlinking: /home/csilab/yolo_ws/install/yolo_msgs/include/yolo_msgs/yolo_msgs/msg/detail/key_point2_d__type_support.h\n'}
[11.830418] (yolo_msgs) StdoutLine: {'line': b'-- Symlinking: /home/csilab/yolo_ws/install/yolo_msgs/include/yolo_msgs/yolo_msgs/msg/detail/key_point2_d_array__functions.h\n'}
[11.835170] (-) TimerEvent: {}
[11.840705] (yolo_msgs) StdoutLine: {'line': b'-- Symlinking: /home/csilab/yolo_ws/install/yolo_msgs/include/yolo_msgs/yolo_msgs/msg/detail/key_point2_d_array__struct.h\n'}
[11.850507] (yolo_msgs) StdoutLine: {'line': b'-- Symlinking: /home/csilab/yolo_ws/install/yolo_msgs/include/yolo_msgs/yolo_msgs/msg/detail/key_point2_d_array__type_support.h\n'}
[11.862591] (yolo_msgs) StdoutLine: {'line': b'-- Symlinking: /home/csilab/yolo_ws/install/yolo_msgs/include/yolo_msgs/yolo_msgs/msg/detail/key_point3_d__functions.h\n'}
[11.873796] (yolo_msgs) StdoutLine: {'line': b'-- Symlinking: /home/csilab/yolo_ws/install/yolo_msgs/include/yolo_msgs/yolo_msgs/msg/detail/key_point3_d__struct.h\n'}
[11.882975] (yolo_msgs) StdoutLine: {'line': b'-- Symlinking: /home/csilab/yolo_ws/install/yolo_msgs/include/yolo_msgs/yolo_msgs/msg/detail/key_point3_d__type_support.h\n'}
[11.892565] (yolo_msgs) StdoutLine: {'line': b'-- Symlinking: /home/csilab/yolo_ws/install/yolo_msgs/include/yolo_msgs/yolo_msgs/msg/detail/key_point3_d_array__functions.h\n'}
[11.901486] (yolo_msgs) StdoutLine: {'line': b'-- Symlinking: /home/csilab/yolo_ws/install/yolo_msgs/include/yolo_msgs/yolo_msgs/msg/detail/key_point3_d_array__struct.h\n'}
[11.910252] (yolo_msgs) StdoutLine: {'line': b'-- Symlinking: /home/csilab/yolo_ws/install/yolo_msgs/include/yolo_msgs/yolo_msgs/msg/detail/key_point3_d_array__type_support.h\n'}
[11.919184] (yolo_msgs) StdoutLine: {'line': b'-- Symlinking: /home/csilab/yolo_ws/install/yolo_msgs/include/yolo_msgs/yolo_msgs/msg/detail/mask__functions.h\n'}
[11.928077] (yolo_msgs) StdoutLine: {'line': b'-- Symlinking: /home/csilab/yolo_ws/install/yolo_msgs/include/yolo_msgs/yolo_msgs/msg/detail/mask__struct.h\n'}
[11.935272] (-) TimerEvent: {}
[11.937501] (yolo_msgs) StdoutLine: {'line': b'-- Symlinking: /home/csilab/yolo_ws/install/yolo_msgs/include/yolo_msgs/yolo_msgs/msg/detail/mask__type_support.h\n'}
[11.948101] (yolo_msgs) StdoutLine: {'line': b'-- Symlinking: /home/csilab/yolo_ws/install/yolo_msgs/include/yolo_msgs/yolo_msgs/msg/detail/point2_d__functions.h\n'}
[11.958361] (yolo_msgs) StdoutLine: {'line': b'-- Symlinking: /home/csilab/yolo_ws/install/yolo_msgs/include/yolo_msgs/yolo_msgs/msg/detail/point2_d__struct.h\n'}
[11.968325] (yolo_msgs) StdoutLine: {'line': b'-- Symlinking: /home/csilab/yolo_ws/install/yolo_msgs/include/yolo_msgs/yolo_msgs/msg/detail/point2_d__type_support.h\n'}
[11.977393] (yolo_msgs) StdoutLine: {'line': b'-- Symlinking: /home/csilab/yolo_ws/install/yolo_msgs/include/yolo_msgs/yolo_msgs/msg/detail/pose2_d__functions.h\n'}
[11.988484] (yolo_msgs) StdoutLine: {'line': b'-- Symlinking: /home/csilab/yolo_ws/install/yolo_msgs/include/yolo_msgs/yolo_msgs/msg/detail/pose2_d__struct.h\n'}
[11.998139] (yolo_msgs) StdoutLine: {'line': b'-- Symlinking: /home/csilab/yolo_ws/install/yolo_msgs/include/yolo_msgs/yolo_msgs/msg/detail/pose2_d__type_support.h\n'}
[12.008109] (yolo_msgs) StdoutLine: {'line': b'-- Symlinking: /home/csilab/yolo_ws/install/yolo_msgs/include/yolo_msgs/yolo_msgs/msg/detail/vector2__functions.h\n'}
[12.019169] (yolo_msgs) StdoutLine: {'line': b'-- Symlinking: /home/csilab/yolo_ws/install/yolo_msgs/include/yolo_msgs/yolo_msgs/msg/detail/vector2__struct.h\n'}
[12.029765] (yolo_msgs) StdoutLine: {'line': b'-- Symlinking: /home/csilab/yolo_ws/install/yolo_msgs/include/yolo_msgs/yolo_msgs/msg/detail/vector2__type_support.h\n'}
[12.035381] (-) TimerEvent: {}
[12.040353] (yolo_msgs) StdoutLine: {'line': b'-- Symlinking: /home/csilab/yolo_ws/install/yolo_msgs/include/yolo_msgs/yolo_msgs/msg/detection.h\n'}
[12.050839] (yolo_msgs) StdoutLine: {'line': b'-- Symlinking: /home/csilab/yolo_ws/install/yolo_msgs/include/yolo_msgs/yolo_msgs/msg/detection_array.h\n'}
[12.060314] (yolo_msgs) StdoutLine: {'line': b'-- Symlinking: /home/csilab/yolo_ws/install/yolo_msgs/include/yolo_msgs/yolo_msgs/msg/key_point2_d.h\n'}
[12.071282] (yolo_msgs) StdoutLine: {'line': b'-- Symlinking: /home/csilab/yolo_ws/install/yolo_msgs/include/yolo_msgs/yolo_msgs/msg/key_point2_d_array.h\n'}
[12.081102] (yolo_msgs) StdoutLine: {'line': b'-- Symlinking: /home/csilab/yolo_ws/install/yolo_msgs/include/yolo_msgs/yolo_msgs/msg/key_point3_d.h\n'}
[12.092203] (yolo_msgs) StdoutLine: {'line': b'-- Symlinking: /home/csilab/yolo_ws/install/yolo_msgs/include/yolo_msgs/yolo_msgs/msg/key_point3_d_array.h\n'}
[12.102493] (yolo_msgs) StdoutLine: {'line': b'-- Symlinking: /home/csilab/yolo_ws/install/yolo_msgs/include/yolo_msgs/yolo_msgs/msg/mask.h\n'}
[12.112567] (yolo_msgs) StdoutLine: {'line': b'-- Symlinking: /home/csilab/yolo_ws/install/yolo_msgs/include/yolo_msgs/yolo_msgs/msg/point2_d.h\n'}
[12.123323] (yolo_msgs) StdoutLine: {'line': b'-- Symlinking: /home/csilab/yolo_ws/install/yolo_msgs/include/yolo_msgs/yolo_msgs/msg/pose2_d.h\n'}
[12.132923] (yolo_msgs) StdoutLine: {'line': b'-- Symlinking: /home/csilab/yolo_ws/install/yolo_msgs/include/yolo_msgs/yolo_msgs/msg/rosidl_generator_c__visibility_control.h\n'}
[12.135490] (-) TimerEvent: {}
[12.142404] (yolo_msgs) StdoutLine: {'line': b'-- Symlinking: /home/csilab/yolo_ws/install/yolo_msgs/include/yolo_msgs/yolo_msgs/msg/vector2.h\n'}
[12.152661] (yolo_msgs) StdoutLine: {'line': b'-- Symlinking: /home/csilab/yolo_ws/install/yolo_msgs/include/yolo_msgs/yolo_msgs/srv/detail/set_classes__functions.h\n'}
[12.161597] (yolo_msgs) StdoutLine: {'line': b'-- Symlinking: /home/csilab/yolo_ws/install/yolo_msgs/include/yolo_msgs/yolo_msgs/srv/detail/set_classes__struct.h\n'}
[12.171623] (yolo_msgs) StdoutLine: {'line': b'-- Symlinking: /home/csilab/yolo_ws/install/yolo_msgs/include/yolo_msgs/yolo_msgs/srv/detail/set_classes__type_support.h\n'}
[12.182658] (yolo_msgs) StdoutLine: {'line': b'-- Symlinking: /home/csilab/yolo_ws/install/yolo_msgs/include/yolo_msgs/yolo_msgs/srv/set_classes.h\n'}
[12.192460] (yolo_msgs) StdoutLine: {'line': b'-- Symlinking: /home/csilab/yolo_ws/install/yolo_msgs/share/yolo_msgs/environment/library_path.sh\n'}
[12.201472] (yolo_msgs) StdoutLine: {'line': b'-- Symlinking: /home/csilab/yolo_ws/install/yolo_msgs/share/yolo_msgs/environment/library_path.dsv\n'}
[12.212596] (yolo_msgs) StdoutLine: {'line': b'-- Symlinking: /home/csilab/yolo_ws/install/yolo_msgs/include/yolo_msgs/yolo_msgs/msg/detail/bounding_box2_d__rosidl_typesupport_fastrtps_c.h\n'}
[12.221750] (yolo_msgs) StdoutLine: {'line': b'-- Symlinking: /home/csilab/yolo_ws/install/yolo_msgs/include/yolo_msgs/yolo_msgs/msg/detail/bounding_box3_d__rosidl_typesupport_fastrtps_c.h\n'}
[12.231491] (yolo_msgs) StdoutLine: {'line': b'-- Symlinking: /home/csilab/yolo_ws/install/yolo_msgs/include/yolo_msgs/yolo_msgs/msg/detail/detection__rosidl_typesupport_fastrtps_c.h\n'}
[12.235599] (-) TimerEvent: {}
[12.242142] (yolo_msgs) StdoutLine: {'line': b'-- Symlinking: /home/csilab/yolo_ws/install/yolo_msgs/include/yolo_msgs/yolo_msgs/msg/detail/detection_array__rosidl_typesupport_fastrtps_c.h\n'}
[12.251817] (yolo_msgs) StdoutLine: {'line': b'-- Symlinking: /home/csilab/yolo_ws/install/yolo_msgs/include/yolo_msgs/yolo_msgs/msg/detail/key_point2_d__rosidl_typesupport_fastrtps_c.h\n'}
[12.262342] (yolo_msgs) StdoutLine: {'line': b'-- Symlinking: /home/csilab/yolo_ws/install/yolo_msgs/include/yolo_msgs/yolo_msgs/msg/detail/key_point2_d_array__rosidl_typesupport_fastrtps_c.h\n'}
[12.272136] (yolo_msgs) StdoutLine: {'line': b'-- Symlinking: /home/csilab/yolo_ws/install/yolo_msgs/include/yolo_msgs/yolo_msgs/msg/detail/key_point3_d__rosidl_typesupport_fastrtps_c.h\n'}
[12.282779] (yolo_msgs) StdoutLine: {'line': b'-- Symlinking: /home/csilab/yolo_ws/install/yolo_msgs/include/yolo_msgs/yolo_msgs/msg/detail/key_point3_d_array__rosidl_typesupport_fastrtps_c.h\n'}
[12.292230] (yolo_msgs) StdoutLine: {'line': b'-- Symlinking: /home/csilab/yolo_ws/install/yolo_msgs/include/yolo_msgs/yolo_msgs/msg/detail/mask__rosidl_typesupport_fastrtps_c.h\n'}
[12.302146] (yolo_msgs) StdoutLine: {'line': b'-- Symlinking: /home/csilab/yolo_ws/install/yolo_msgs/include/yolo_msgs/yolo_msgs/msg/detail/point2_d__rosidl_typesupport_fastrtps_c.h\n'}
[12.313332] (yolo_msgs) StdoutLine: {'line': b'-- Symlinking: /home/csilab/yolo_ws/install/yolo_msgs/include/yolo_msgs/yolo_msgs/msg/detail/pose2_d__rosidl_typesupport_fastrtps_c.h\n'}
[12.325345] (yolo_msgs) StdoutLine: {'line': b'-- Symlinking: /home/csilab/yolo_ws/install/yolo_msgs/include/yolo_msgs/yolo_msgs/msg/detail/vector2__rosidl_typesupport_fastrtps_c.h\n'}
[12.335215] (yolo_msgs) StdoutLine: {'line': b'-- Symlinking: /home/csilab/yolo_ws/install/yolo_msgs/include/yolo_msgs/yolo_msgs/msg/rosidl_typesupport_fastrtps_c__visibility_control.h\n'}
[12.335699] (-) TimerEvent: {}
[12.344520] (yolo_msgs) StdoutLine: {'line': b'-- Symlinking: /home/csilab/yolo_ws/install/yolo_msgs/include/yolo_msgs/yolo_msgs/srv/detail/set_classes__rosidl_typesupport_fastrtps_c.h\n'}
[12.356568] (yolo_msgs) StdoutLine: {'line': b'-- Symlinking: /home/csilab/yolo_ws/install/yolo_msgs/include/yolo_msgs/yolo_msgs/msg/detail/bounding_box2_d__rosidl_typesupport_introspection_c.h\n'}
[12.368288] (yolo_msgs) StdoutLine: {'line': b'-- Symlinking: /home/csilab/yolo_ws/install/yolo_msgs/include/yolo_msgs/yolo_msgs/msg/detail/bounding_box3_d__rosidl_typesupport_introspection_c.h\n'}
[12.378035] (yolo_msgs) StdoutLine: {'line': b'-- Symlinking: /home/csilab/yolo_ws/install/yolo_msgs/include/yolo_msgs/yolo_msgs/msg/detail/detection__rosidl_typesupport_introspection_c.h\n'}
[12.388210] (yolo_msgs) StdoutLine: {'line': b'-- Symlinking: /home/csilab/yolo_ws/install/yolo_msgs/include/yolo_msgs/yolo_msgs/msg/detail/detection_array__rosidl_typesupport_introspection_c.h\n'}
[12.397059] (yolo_msgs) StdoutLine: {'line': b'-- Symlinking: /home/csilab/yolo_ws/install/yolo_msgs/include/yolo_msgs/yolo_msgs/msg/detail/key_point2_d__rosidl_typesupport_introspection_c.h\n'}
[12.407249] (yolo_msgs) StdoutLine: {'line': b'-- Symlinking: /home/csilab/yolo_ws/install/yolo_msgs/include/yolo_msgs/yolo_msgs/msg/detail/key_point2_d_array__rosidl_typesupport_introspection_c.h\n'}
[12.417148] (yolo_msgs) StdoutLine: {'line': b'-- Symlinking: /home/csilab/yolo_ws/install/yolo_msgs/include/yolo_msgs/yolo_msgs/msg/detail/key_point3_d__rosidl_typesupport_introspection_c.h\n'}
[12.427348] (yolo_msgs) StdoutLine: {'line': b'-- Symlinking: /home/csilab/yolo_ws/install/yolo_msgs/include/yolo_msgs/yolo_msgs/msg/detail/key_point3_d_array__rosidl_typesupport_introspection_c.h\n'}
[12.435784] (-) TimerEvent: {}
[12.436797] (yolo_msgs) StdoutLine: {'line': b'-- Symlinking: /home/csilab/yolo_ws/install/yolo_msgs/include/yolo_msgs/yolo_msgs/msg/detail/mask__rosidl_typesupport_introspection_c.h\n'}
[12.449062] (yolo_msgs) StdoutLine: {'line': b'-- Symlinking: /home/csilab/yolo_ws/install/yolo_msgs/include/yolo_msgs/yolo_msgs/msg/detail/point2_d__rosidl_typesupport_introspection_c.h\n'}
[12.457657] (yolo_msgs) StdoutLine: {'line': b'-- Symlinking: /home/csilab/yolo_ws/install/yolo_msgs/include/yolo_msgs/yolo_msgs/msg/detail/pose2_d__rosidl_typesupport_introspection_c.h\n'}
[12.467866] (yolo_msgs) StdoutLine: {'line': b'-- Symlinking: /home/csilab/yolo_ws/install/yolo_msgs/include/yolo_msgs/yolo_msgs/msg/detail/vector2__rosidl_typesupport_introspection_c.h\n'}
[12.477693] (yolo_msgs) StdoutLine: {'line': b'-- Symlinking: /home/csilab/yolo_ws/install/yolo_msgs/include/yolo_msgs/yolo_msgs/msg/rosidl_typesupport_introspection_c__visibility_control.h\n'}
[12.489263] (yolo_msgs) StdoutLine: {'line': b'-- Symlinking: /home/csilab/yolo_ws/install/yolo_msgs/include/yolo_msgs/yolo_msgs/srv/detail/set_classes__rosidl_typesupport_introspection_c.h\n'}
[12.500494] (yolo_msgs) StdoutLine: {'line': b'-- Symlinking: /home/csilab/yolo_ws/install/yolo_msgs/include/yolo_msgs/yolo_msgs/msg/bounding_box2_d.hpp\n'}
[12.510374] (yolo_msgs) StdoutLine: {'line': b'-- Symlinking: /home/csilab/yolo_ws/install/yolo_msgs/include/yolo_msgs/yolo_msgs/msg/bounding_box3_d.hpp\n'}
[12.521254] (yolo_msgs) StdoutLine: {'line': b'-- Symlinking: /home/csilab/yolo_ws/install/yolo_msgs/include/yolo_msgs/yolo_msgs/msg/detail/bounding_box2_d__builder.hpp\n'}
[12.531342] (yolo_msgs) StdoutLine: {'line': b'-- Symlinking: /home/csilab/yolo_ws/install/yolo_msgs/include/yolo_msgs/yolo_msgs/msg/detail/bounding_box2_d__struct.hpp\n'}
[12.535885] (-) TimerEvent: {}
[12.541743] (yolo_msgs) StdoutLine: {'line': b'-- Symlinking: /home/csilab/yolo_ws/install/yolo_msgs/include/yolo_msgs/yolo_msgs/msg/detail/bounding_box2_d__traits.hpp\n'}
[12.552303] (yolo_msgs) StdoutLine: {'line': b'-- Symlinking: /home/csilab/yolo_ws/install/yolo_msgs/include/yolo_msgs/yolo_msgs/msg/detail/bounding_box2_d__type_support.hpp\n'}
[12.563006] (yolo_msgs) StdoutLine: {'line': b'-- Symlinking: /home/csilab/yolo_ws/install/yolo_msgs/include/yolo_msgs/yolo_msgs/msg/detail/bounding_box3_d__builder.hpp\n'}
[12.573487] (yolo_msgs) StdoutLine: {'line': b'-- Symlinking: /home/csilab/yolo_ws/install/yolo_msgs/include/yolo_msgs/yolo_msgs/msg/detail/bounding_box3_d__struct.hpp\n'}
[12.582663] (yolo_msgs) StdoutLine: {'line': b'-- Symlinking: /home/csilab/yolo_ws/install/yolo_msgs/include/yolo_msgs/yolo_msgs/msg/detail/bounding_box3_d__traits.hpp\n'}
[12.592804] (yolo_msgs) StdoutLine: {'line': b'-- Symlinking: /home/csilab/yolo_ws/install/yolo_msgs/include/yolo_msgs/yolo_msgs/msg/detail/bounding_box3_d__type_support.hpp\n'}
[12.602792] (yolo_msgs) StdoutLine: {'line': b'-- Symlinking: /home/csilab/yolo_ws/install/yolo_msgs/include/yolo_msgs/yolo_msgs/msg/detail/detection__builder.hpp\n'}
[12.611873] (yolo_msgs) StdoutLine: {'line': b'-- Symlinking: /home/csilab/yolo_ws/install/yolo_msgs/include/yolo_msgs/yolo_msgs/msg/detail/detection__struct.hpp\n'}
[12.621073] (yolo_msgs) StdoutLine: {'line': b'-- Symlinking: /home/csilab/yolo_ws/install/yolo_msgs/include/yolo_msgs/yolo_msgs/msg/detail/detection__traits.hpp\n'}
[12.630707] (yolo_msgs) StdoutLine: {'line': b'-- Symlinking: /home/csilab/yolo_ws/install/yolo_msgs/include/yolo_msgs/yolo_msgs/msg/detail/detection__type_support.hpp\n'}
[12.635996] (-) TimerEvent: {}
[12.641389] (yolo_msgs) StdoutLine: {'line': b'-- Symlinking: /home/csilab/yolo_ws/install/yolo_msgs/include/yolo_msgs/yolo_msgs/msg/detail/detection_array__builder.hpp\n'}
[12.650634] (yolo_msgs) StdoutLine: {'line': b'-- Symlinking: /home/csilab/yolo_ws/install/yolo_msgs/include/yolo_msgs/yolo_msgs/msg/detail/detection_array__struct.hpp\n'}
[12.660314] (yolo_msgs) StdoutLine: {'line': b'-- Symlinking: /home/csilab/yolo_ws/install/yolo_msgs/include/yolo_msgs/yolo_msgs/msg/detail/detection_array__traits.hpp\n'}
[12.670473] (yolo_msgs) StdoutLine: {'line': b'-- Symlinking: /home/csilab/yolo_ws/install/yolo_msgs/include/yolo_msgs/yolo_msgs/msg/detail/detection_array__type_support.hpp\n'}
[12.681586] (yolo_msgs) StdoutLine: {'line': b'-- Symlinking: /home/csilab/yolo_ws/install/yolo_msgs/include/yolo_msgs/yolo_msgs/msg/detail/key_point2_d__builder.hpp\n'}
[12.693938] (yolo_msgs) StdoutLine: {'line': b'-- Symlinking: /home/csilab/yolo_ws/install/yolo_msgs/include/yolo_msgs/yolo_msgs/msg/detail/key_point2_d__struct.hpp\n'}
[12.704609] (yolo_msgs) StdoutLine: {'line': b'-- Symlinking: /home/csilab/yolo_ws/install/yolo_msgs/include/yolo_msgs/yolo_msgs/msg/detail/key_point2_d__traits.hpp\n'}
[12.714394] (yolo_msgs) StdoutLine: {'line': b'-- Symlinking: /home/csilab/yolo_ws/install/yolo_msgs/include/yolo_msgs/yolo_msgs/msg/detail/key_point2_d__type_support.hpp\n'}
[12.724485] (yolo_msgs) StdoutLine: {'line': b'-- Symlinking: /home/csilab/yolo_ws/install/yolo_msgs/include/yolo_msgs/yolo_msgs/msg/detail/key_point2_d_array__builder.hpp\n'}
[12.734667] (yolo_msgs) StdoutLine: {'line': b'-- Symlinking: /home/csilab/yolo_ws/install/yolo_msgs/include/yolo_msgs/yolo_msgs/msg/detail/key_point2_d_array__struct.hpp\n'}
[12.736100] (-) TimerEvent: {}
[12.745118] (yolo_msgs) StdoutLine: {'line': b'-- Symlinking: /home/csilab/yolo_ws/install/yolo_msgs/include/yolo_msgs/yolo_msgs/msg/detail/key_point2_d_array__traits.hpp\n'}
[12.755492] (yolo_msgs) StdoutLine: {'line': b'-- Symlinking: /home/csilab/yolo_ws/install/yolo_msgs/include/yolo_msgs/yolo_msgs/msg/detail/key_point2_d_array__type_support.hpp\n'}
[12.764684] (yolo_msgs) StdoutLine: {'line': b'-- Symlinking: /home/csilab/yolo_ws/install/yolo_msgs/include/yolo_msgs/yolo_msgs/msg/detail/key_point3_d__builder.hpp\n'}
[12.773673] (yolo_msgs) StdoutLine: {'line': b'-- Symlinking: /home/csilab/yolo_ws/install/yolo_msgs/include/yolo_msgs/yolo_msgs/msg/detail/key_point3_d__struct.hpp\n'}
[12.783137] (yolo_msgs) StdoutLine: {'line': b'-- Symlinking: /home/csilab/yolo_ws/install/yolo_msgs/include/yolo_msgs/yolo_msgs/msg/detail/key_point3_d__traits.hpp\n'}
[12.792072] (yolo_msgs) StdoutLine: {'line': b'-- Symlinking: /home/csilab/yolo_ws/install/yolo_msgs/include/yolo_msgs/yolo_msgs/msg/detail/key_point3_d__type_support.hpp\n'}
[12.803445] (yolo_msgs) StdoutLine: {'line': b'-- Symlinking: /home/csilab/yolo_ws/install/yolo_msgs/include/yolo_msgs/yolo_msgs/msg/detail/key_point3_d_array__builder.hpp\n'}
[12.813416] (yolo_msgs) StdoutLine: {'line': b'-- Symlinking: /home/csilab/yolo_ws/install/yolo_msgs/include/yolo_msgs/yolo_msgs/msg/detail/key_point3_d_array__struct.hpp\n'}
[12.825158] (yolo_msgs) StdoutLine: {'line': b'-- Symlinking: /home/csilab/yolo_ws/install/yolo_msgs/include/yolo_msgs/yolo_msgs/msg/detail/key_point3_d_array__traits.hpp\n'}
[12.835755] (yolo_msgs) StdoutLine: {'line': b'-- Symlinking: /home/csilab/yolo_ws/install/yolo_msgs/include/yolo_msgs/yolo_msgs/msg/detail/key_point3_d_array__type_support.hpp\n'}
[12.836203] (-) TimerEvent: {}
[12.846572] (yolo_msgs) StdoutLine: {'line': b'-- Symlinking: /home/csilab/yolo_ws/install/yolo_msgs/include/yolo_msgs/yolo_msgs/msg/detail/mask__builder.hpp\n'}
[12.856526] (yolo_msgs) StdoutLine: {'line': b'-- Symlinking: /home/csilab/yolo_ws/install/yolo_msgs/include/yolo_msgs/yolo_msgs/msg/detail/mask__struct.hpp\n'}
[12.866852] (yolo_msgs) StdoutLine: {'line': b'-- Symlinking: /home/csilab/yolo_ws/install/yolo_msgs/include/yolo_msgs/yolo_msgs/msg/detail/mask__traits.hpp\n'}
[12.878927] (yolo_msgs) StdoutLine: {'line': b'-- Symlinking: /home/csilab/yolo_ws/install/yolo_msgs/include/yolo_msgs/yolo_msgs/msg/detail/mask__type_support.hpp\n'}
[12.891674] (yolo_msgs) StdoutLine: {'line': b'-- Symlinking: /home/csilab/yolo_ws/install/yolo_msgs/include/yolo_msgs/yolo_msgs/msg/detail/point2_d__builder.hpp\n'}
[12.902629] (yolo_msgs) StdoutLine: {'line': b'-- Symlinking: /home/csilab/yolo_ws/install/yolo_msgs/include/yolo_msgs/yolo_msgs/msg/detail/point2_d__struct.hpp\n'}
[12.912188] (yolo_msgs) StdoutLine: {'line': b'-- Symlinking: /home/csilab/yolo_ws/install/yolo_msgs/include/yolo_msgs/yolo_msgs/msg/detail/point2_d__traits.hpp\n'}
[12.922571] (yolo_msgs) StdoutLine: {'line': b'-- Symlinking: /home/csilab/yolo_ws/install/yolo_msgs/include/yolo_msgs/yolo_msgs/msg/detail/point2_d__type_support.hpp\n'}
[12.931827] (yolo_msgs) StdoutLine: {'line': b'-- Symlinking: /home/csilab/yolo_ws/install/yolo_msgs/include/yolo_msgs/yolo_msgs/msg/detail/pose2_d__builder.hpp\n'}
[12.936313] (-) TimerEvent: {}
[12.942340] (yolo_msgs) StdoutLine: {'line': b'-- Symlinking: /home/csilab/yolo_ws/install/yolo_msgs/include/yolo_msgs/yolo_msgs/msg/detail/pose2_d__struct.hpp\n'}
[12.952659] (yolo_msgs) StdoutLine: {'line': b'-- Symlinking: /home/csilab/yolo_ws/install/yolo_msgs/include/yolo_msgs/yolo_msgs/msg/detail/pose2_d__traits.hpp\n'}
[12.962831] (yolo_msgs) StdoutLine: {'line': b'-- Symlinking: /home/csilab/yolo_ws/install/yolo_msgs/include/yolo_msgs/yolo_msgs/msg/detail/pose2_d__type_support.hpp\n'}
[12.973064] (yolo_msgs) StdoutLine: {'line': b'-- Symlinking: /home/csilab/yolo_ws/install/yolo_msgs/include/yolo_msgs/yolo_msgs/msg/detail/vector2__builder.hpp\n'}
[12.982824] (yolo_msgs) StdoutLine: {'line': b'-- Symlinking: /home/csilab/yolo_ws/install/yolo_msgs/include/yolo_msgs/yolo_msgs/msg/detail/vector2__struct.hpp\n'}
[12.993226] (yolo_msgs) StdoutLine: {'line': b'-- Symlinking: /home/csilab/yolo_ws/install/yolo_msgs/include/yolo_msgs/yolo_msgs/msg/detail/vector2__traits.hpp\n'}
[13.002210] (yolo_msgs) StdoutLine: {'line': b'-- Symlinking: /home/csilab/yolo_ws/install/yolo_msgs/include/yolo_msgs/yolo_msgs/msg/detail/vector2__type_support.hpp\n'}
[13.012011] (yolo_msgs) StdoutLine: {'line': b'-- Symlinking: /home/csilab/yolo_ws/install/yolo_msgs/include/yolo_msgs/yolo_msgs/msg/detection.hpp\n'}
[13.021315] (yolo_msgs) StdoutLine: {'line': b'-- Symlinking: /home/csilab/yolo_ws/install/yolo_msgs/include/yolo_msgs/yolo_msgs/msg/detection_array.hpp\n'}
[13.031026] (yolo_msgs) StdoutLine: {'line': b'-- Symlinking: /home/csilab/yolo_ws/install/yolo_msgs/include/yolo_msgs/yolo_msgs/msg/key_point2_d.hpp\n'}
[13.036418] (-) TimerEvent: {}
[13.042181] (yolo_msgs) StdoutLine: {'line': b'-- Symlinking: /home/csilab/yolo_ws/install/yolo_msgs/include/yolo_msgs/yolo_msgs/msg/key_point2_d_array.hpp\n'}
[13.051353] (yolo_msgs) StdoutLine: {'line': b'-- Symlinking: /home/csilab/yolo_ws/install/yolo_msgs/include/yolo_msgs/yolo_msgs/msg/key_point3_d.hpp\n'}
[13.061200] (yolo_msgs) StdoutLine: {'line': b'-- Symlinking: /home/csilab/yolo_ws/install/yolo_msgs/include/yolo_msgs/yolo_msgs/msg/key_point3_d_array.hpp\n'}
[13.071191] (yolo_msgs) StdoutLine: {'line': b'-- Symlinking: /home/csilab/yolo_ws/install/yolo_msgs/include/yolo_msgs/yolo_msgs/msg/mask.hpp\n'}
[13.081678] (yolo_msgs) StdoutLine: {'line': b'-- Symlinking: /home/csilab/yolo_ws/install/yolo_msgs/include/yolo_msgs/yolo_msgs/msg/point2_d.hpp\n'}
[13.091968] (yolo_msgs) StdoutLine: {'line': b'-- Symlinking: /home/csilab/yolo_ws/install/yolo_msgs/include/yolo_msgs/yolo_msgs/msg/pose2_d.hpp\n'}
[13.103101] (yolo_msgs) StdoutLine: {'line': b'-- Symlinking: /home/csilab/yolo_ws/install/yolo_msgs/include/yolo_msgs/yolo_msgs/msg/rosidl_generator_cpp__visibility_control.hpp\n'}
[13.113794] (yolo_msgs) StdoutLine: {'line': b'-- Symlinking: /home/csilab/yolo_ws/install/yolo_msgs/include/yolo_msgs/yolo_msgs/msg/vector2.hpp\n'}
[13.123227] (yolo_msgs) StdoutLine: {'line': b'-- Symlinking: /home/csilab/yolo_ws/install/yolo_msgs/include/yolo_msgs/yolo_msgs/srv/detail/set_classes__builder.hpp\n'}
[13.132626] (yolo_msgs) StdoutLine: {'line': b'-- Symlinking: /home/csilab/yolo_ws/install/yolo_msgs/include/yolo_msgs/yolo_msgs/srv/detail/set_classes__struct.hpp\n'}
[13.136523] (-) TimerEvent: {}
[13.142603] (yolo_msgs) StdoutLine: {'line': b'-- Symlinking: /home/csilab/yolo_ws/install/yolo_msgs/include/yolo_msgs/yolo_msgs/srv/detail/set_classes__traits.hpp\n'}
[13.151861] (yolo_msgs) StdoutLine: {'line': b'-- Symlinking: /home/csilab/yolo_ws/install/yolo_msgs/include/yolo_msgs/yolo_msgs/srv/detail/set_classes__type_support.hpp\n'}
[13.161445] (yolo_msgs) StdoutLine: {'line': b'-- Symlinking: /home/csilab/yolo_ws/install/yolo_msgs/include/yolo_msgs/yolo_msgs/srv/set_classes.hpp\n'}
[13.173748] (yolo_msgs) StdoutLine: {'line': b'-- Symlinking: /home/csilab/yolo_ws/install/yolo_msgs/include/yolo_msgs/yolo_msgs/msg/detail/bounding_box2_d__rosidl_typesupport_fastrtps_cpp.hpp\n'}
[13.184459] (yolo_msgs) StdoutLine: {'line': b'-- Symlinking: /home/csilab/yolo_ws/install/yolo_msgs/include/yolo_msgs/yolo_msgs/msg/detail/bounding_box3_d__rosidl_typesupport_fastrtps_cpp.hpp\n'}
[13.195477] (yolo_msgs) StdoutLine: {'line': b'-- Symlinking: /home/csilab/yolo_ws/install/yolo_msgs/include/yolo_msgs/yolo_msgs/msg/detail/detection__rosidl_typesupport_fastrtps_cpp.hpp\n'}
[13.207392] (yolo_msgs) StdoutLine: {'line': b'-- Symlinking: /home/csilab/yolo_ws/install/yolo_msgs/include/yolo_msgs/yolo_msgs/msg/detail/detection_array__rosidl_typesupport_fastrtps_cpp.hpp\n'}
[13.218014] (yolo_msgs) StdoutLine: {'line': b'-- Symlinking: /home/csilab/yolo_ws/install/yolo_msgs/include/yolo_msgs/yolo_msgs/msg/detail/key_point2_d__rosidl_typesupport_fastrtps_cpp.hpp\n'}
[13.229358] (yolo_msgs) StdoutLine: {'line': b'-- Symlinking: /home/csilab/yolo_ws/install/yolo_msgs/include/yolo_msgs/yolo_msgs/msg/detail/key_point2_d_array__rosidl_typesupport_fastrtps_cpp.hpp\n'}
[13.236639] (-) TimerEvent: {}
[13.240197] (yolo_msgs) StdoutLine: {'line': b'-- Symlinking: /home/csilab/yolo_ws/install/yolo_msgs/include/yolo_msgs/yolo_msgs/msg/detail/key_point3_d__rosidl_typesupport_fastrtps_cpp.hpp\n'}
[13.249946] (yolo_msgs) StdoutLine: {'line': b'-- Symlinking: /home/csilab/yolo_ws/install/yolo_msgs/include/yolo_msgs/yolo_msgs/msg/detail/key_point3_d_array__rosidl_typesupport_fastrtps_cpp.hpp\n'}
[13.260676] (yolo_msgs) StdoutLine: {'line': b'-- Symlinking: /home/csilab/yolo_ws/install/yolo_msgs/include/yolo_msgs/yolo_msgs/msg/detail/mask__rosidl_typesupport_fastrtps_cpp.hpp\n'}
[13.270350] (yolo_msgs) StdoutLine: {'line': b'-- Symlinking: /home/csilab/yolo_ws/install/yolo_msgs/include/yolo_msgs/yolo_msgs/msg/detail/point2_d__rosidl_typesupport_fastrtps_cpp.hpp\n'}
[13.279758] (yolo_msgs) StdoutLine: {'line': b'-- Symlinking: /home/csilab/yolo_ws/install/yolo_msgs/include/yolo_msgs/yolo_msgs/msg/detail/pose2_d__rosidl_typesupport_fastrtps_cpp.hpp\n'}
[13.290504] (yolo_msgs) StdoutLine: {'line': b'-- Symlinking: /home/csilab/yolo_ws/install/yolo_msgs/include/yolo_msgs/yolo_msgs/msg/detail/vector2__rosidl_typesupport_fastrtps_cpp.hpp\n'}
[13.300696] (yolo_msgs) StdoutLine: {'line': b'-- Symlinking: /home/csilab/yolo_ws/install/yolo_msgs/include/yolo_msgs/yolo_msgs/msg/rosidl_typesupport_fastrtps_cpp__visibility_control.h\n'}
[13.310668] (yolo_msgs) StdoutLine: {'line': b'-- Symlinking: /home/csilab/yolo_ws/install/yolo_msgs/include/yolo_msgs/yolo_msgs/srv/detail/set_classes__rosidl_typesupport_fastrtps_cpp.hpp\n'}
[13.323213] (yolo_msgs) StdoutLine: {'line': b'-- Symlinking: /home/csilab/yolo_ws/install/yolo_msgs/include/yolo_msgs/yolo_msgs/msg/detail/bounding_box2_d__rosidl_typesupport_introspection_cpp.hpp\n'}
[13.333408] (yolo_msgs) StdoutLine: {'line': b'-- Symlinking: /home/csilab/yolo_ws/install/yolo_msgs/include/yolo_msgs/yolo_msgs/msg/detail/bounding_box3_d__rosidl_typesupport_introspection_cpp.hpp\n'}
[13.336727] (-) TimerEvent: {}
[13.343846] (yolo_msgs) StdoutLine: {'line': b'-- Symlinking: /home/csilab/yolo_ws/install/yolo_msgs/include/yolo_msgs/yolo_msgs/msg/detail/detection__rosidl_typesupport_introspection_cpp.hpp\n'}
[13.355702] (yolo_msgs) StdoutLine: {'line': b'-- Symlinking: /home/csilab/yolo_ws/install/yolo_msgs/include/yolo_msgs/yolo_msgs/msg/detail/detection_array__rosidl_typesupport_introspection_cpp.hpp\n'}
[13.365607] (yolo_msgs) StdoutLine: {'line': b'-- Symlinking: /home/csilab/yolo_ws/install/yolo_msgs/include/yolo_msgs/yolo_msgs/msg/detail/key_point2_d__rosidl_typesupport_introspection_cpp.hpp\n'}
[13.376083] (yolo_msgs) StdoutLine: {'line': b'-- Symlinking: /home/csilab/yolo_ws/install/yolo_msgs/include/yolo_msgs/yolo_msgs/msg/detail/key_point2_d_array__rosidl_typesupport_introspection_cpp.hpp\n'}
[13.385562] (yolo_msgs) StdoutLine: {'line': b'-- Symlinking: /home/csilab/yolo_ws/install/yolo_msgs/include/yolo_msgs/yolo_msgs/msg/detail/key_point3_d__rosidl_typesupport_introspection_cpp.hpp\n'}
[13.394603] (yolo_msgs) StdoutLine: {'line': b'-- Symlinking: /home/csilab/yolo_ws/install/yolo_msgs/include/yolo_msgs/yolo_msgs/msg/detail/key_point3_d_array__rosidl_typesupport_introspection_cpp.hpp\n'}
[13.405484] (yolo_msgs) StdoutLine: {'line': b'-- Symlinking: /home/csilab/yolo_ws/install/yolo_msgs/include/yolo_msgs/yolo_msgs/msg/detail/mask__rosidl_typesupport_introspection_cpp.hpp\n'}
[13.415424] (yolo_msgs) StdoutLine: {'line': b'-- Symlinking: /home/csilab/yolo_ws/install/yolo_msgs/include/yolo_msgs/yolo_msgs/msg/detail/point2_d__rosidl_typesupport_introspection_cpp.hpp\n'}
[13.426213] (yolo_msgs) StdoutLine: {'line': b'-- Symlinking: /home/csilab/yolo_ws/install/yolo_msgs/include/yolo_msgs/yolo_msgs/msg/detail/pose2_d__rosidl_typesupport_introspection_cpp.hpp\n'}
[13.436040] (yolo_msgs) StdoutLine: {'line': b'-- Symlinking: /home/csilab/yolo_ws/install/yolo_msgs/include/yolo_msgs/yolo_msgs/msg/detail/vector2__rosidl_typesupport_introspection_cpp.hpp\n'}
[13.436809] (-) TimerEvent: {}
[13.446665] (yolo_msgs) StdoutLine: {'line': b'-- Symlinking: /home/csilab/yolo_ws/install/yolo_msgs/include/yolo_msgs/yolo_msgs/srv/detail/set_classes__rosidl_typesupport_introspection_cpp.hpp\n'}
[13.457604] (yolo_msgs) StdoutLine: {'line': b'-- Symlinking: /home/csilab/yolo_ws/install/yolo_msgs/share/yolo_msgs/environment/pythonpath.sh\n'}
[13.467753] (yolo_msgs) StdoutLine: {'line': b'-- Symlinking: /home/csilab/yolo_ws/install/yolo_msgs/share/yolo_msgs/environment/pythonpath.dsv\n'}
[13.478968] (yolo_msgs) StdoutLine: {'line': b'-- Symlinking: /home/csilab/yolo_ws/install/yolo_msgs/lib/python3.12/site-packages/yolo_msgs-4.6.1-py3.12.egg-info/PKG-INFO\n'}
[13.489052] (yolo_msgs) StdoutLine: {'line': b'-- Symlinking: /home/csilab/yolo_ws/install/yolo_msgs/lib/python3.12/site-packages/yolo_msgs-4.6.1-py3.12.egg-info/SOURCES.txt\n'}
[13.499543] (yolo_msgs) StdoutLine: {'line': b'-- Symlinking: /home/csilab/yolo_ws/install/yolo_msgs/lib/python3.12/site-packages/yolo_msgs-4.6.1-py3.12.egg-info/dependency_links.txt\n'}
[13.508681] (yolo_msgs) StdoutLine: {'line': b'-- Symlinking: /home/csilab/yolo_ws/install/yolo_msgs/lib/python3.12/site-packages/yolo_msgs-4.6.1-py3.12.egg-info/top_level.txt\n'}
[13.519526] (yolo_msgs) StdoutLine: {'line': b'-- Symlinking: /home/csilab/yolo_ws/install/yolo_msgs/lib/python3.12/site-packages/yolo_msgs/__init__.py\n'}
[13.530557] (yolo_msgs) StdoutLine: {'line': b'-- Symlinking: /home/csilab/yolo_ws/install/yolo_msgs/lib/python3.12/site-packages/yolo_msgs/_yolo_msgs_s.ep.rosidl_typesupport_c.c\n'}
[13.536921] (-) TimerEvent: {}
[13.541821] (yolo_msgs) StdoutLine: {'line': b'-- Symlinking: /home/csilab/yolo_ws/install/yolo_msgs/lib/python3.12/site-packages/yolo_msgs/_yolo_msgs_s.ep.rosidl_typesupport_fastrtps_c.c\n'}
[13.553164] (yolo_msgs) StdoutLine: {'line': b'-- Symlinking: /home/csilab/yolo_ws/install/yolo_msgs/lib/python3.12/site-packages/yolo_msgs/_yolo_msgs_s.ep.rosidl_typesupport_introspection_c.c\n'}
[13.563605] (yolo_msgs) StdoutLine: {'line': b'-- Symlinking: /home/csilab/yolo_ws/install/yolo_msgs/lib/python3.12/site-packages/yolo_msgs/msg/__init__.py\n'}
[13.573674] (yolo_msgs) StdoutLine: {'line': b'-- Symlinking: /home/csilab/yolo_ws/install/yolo_msgs/lib/python3.12/site-packages/yolo_msgs/msg/_bounding_box2_d.py\n'}
[13.584445] (yolo_msgs) StdoutLine: {'line': b'-- Symlinking: /home/csilab/yolo_ws/install/yolo_msgs/lib/python3.12/site-packages/yolo_msgs/msg/_bounding_box2_d_s.c\n'}
[13.594145] (yolo_msgs) StdoutLine: {'line': b'-- Symlinking: /home/csilab/yolo_ws/install/yolo_msgs/lib/python3.12/site-packages/yolo_msgs/msg/_bounding_box3_d.py\n'}
[13.604404] (yolo_msgs) StdoutLine: {'line': b'-- Symlinking: /home/csilab/yolo_ws/install/yolo_msgs/lib/python3.12/site-packages/yolo_msgs/msg/_bounding_box3_d_s.c\n'}
[13.614806] (yolo_msgs) StdoutLine: {'line': b'-- Symlinking: /home/csilab/yolo_ws/install/yolo_msgs/lib/python3.12/site-packages/yolo_msgs/msg/_detection.py\n'}
[13.625769] (yolo_msgs) StdoutLine: {'line': b'-- Symlinking: /home/csilab/yolo_ws/install/yolo_msgs/lib/python3.12/site-packages/yolo_msgs/msg/_detection_array.py\n'}
[13.635701] (yolo_msgs) StdoutLine: {'line': b'-- Symlinking: /home/csilab/yolo_ws/install/yolo_msgs/lib/python3.12/site-packages/yolo_msgs/msg/_detection_array_s.c\n'}
[13.637003] (-) TimerEvent: {}
[13.646963] (yolo_msgs) StdoutLine: {'line': b'-- Symlinking: /home/csilab/yolo_ws/install/yolo_msgs/lib/python3.12/site-packages/yolo_msgs/msg/_detection_s.c\n'}
[13.656547] (yolo_msgs) StdoutLine: {'line': b'-- Symlinking: /home/csilab/yolo_ws/install/yolo_msgs/lib/python3.12/site-packages/yolo_msgs/msg/_key_point2_d.py\n'}
[13.665693] (yolo_msgs) StdoutLine: {'line': b'-- Symlinking: /home/csilab/yolo_ws/install/yolo_msgs/lib/python3.12/site-packages/yolo_msgs/msg/_key_point2_d_array.py\n'}
[13.675935] (yolo_msgs) StdoutLine: {'line': b'-- Symlinking: /home/csilab/yolo_ws/install/yolo_msgs/lib/python3.12/site-packages/yolo_msgs/msg/_key_point2_d_array_s.c\n'}
[13.684567] (yolo_msgs) StdoutLine: {'line': b'-- Symlinking: /home/csilab/yolo_ws/install/yolo_msgs/lib/python3.12/site-packages/yolo_msgs/msg/_key_point2_d_s.c\n'}
[13.694327] (yolo_msgs) StdoutLine: {'line': b'-- Symlinking: /home/csilab/yolo_ws/install/yolo_msgs/lib/python3.12/site-packages/yolo_msgs/msg/_key_point3_d.py\n'}
[13.703523] (yolo_msgs) StdoutLine: {'line': b'-- Symlinking: /home/csilab/yolo_ws/install/yolo_msgs/lib/python3.12/site-packages/yolo_msgs/msg/_key_point3_d_array.py\n'}
[13.713411] (yolo_msgs) StdoutLine: {'line': b'-- Symlinking: /home/csilab/yolo_ws/install/yolo_msgs/lib/python3.12/site-packages/yolo_msgs/msg/_key_point3_d_array_s.c\n'}
[13.724869] (yolo_msgs) StdoutLine: {'line': b'-- Symlinking: /home/csilab/yolo_ws/install/yolo_msgs/lib/python3.12/site-packages/yolo_msgs/msg/_key_point3_d_s.c\n'}
[13.734336] (yolo_msgs) StdoutLine: {'line': b'-- Symlinking: /home/csilab/yolo_ws/install/yolo_msgs/lib/python3.12/site-packages/yolo_msgs/msg/_mask.py\n'}
[13.737091] (-) TimerEvent: {}
[13.743579] (yolo_msgs) StdoutLine: {'line': b'-- Symlinking: /home/csilab/yolo_ws/install/yolo_msgs/lib/python3.12/site-packages/yolo_msgs/msg/_mask_s.c\n'}
[13.754000] (yolo_msgs) StdoutLine: {'line': b'-- Symlinking: /home/csilab/yolo_ws/install/yolo_msgs/lib/python3.12/site-packages/yolo_msgs/msg/_point2_d.py\n'}
[13.764011] (yolo_msgs) StdoutLine: {'line': b'-- Symlinking: /home/csilab/yolo_ws/install/yolo_msgs/lib/python3.12/site-packages/yolo_msgs/msg/_point2_d_s.c\n'}
[13.774162] (yolo_msgs) StdoutLine: {'line': b'-- Symlinking: /home/csilab/yolo_ws/install/yolo_msgs/lib/python3.12/site-packages/yolo_msgs/msg/_pose2_d.py\n'}
[13.783877] (yolo_msgs) StdoutLine: {'line': b'-- Symlinking: /home/csilab/yolo_ws/install/yolo_msgs/lib/python3.12/site-packages/yolo_msgs/msg/_pose2_d_s.c\n'}
[13.793846] (yolo_msgs) StdoutLine: {'line': b'-- Symlinking: /home/csilab/yolo_ws/install/yolo_msgs/lib/python3.12/site-packages/yolo_msgs/msg/_vector2.py\n'}
[13.804666] (yolo_msgs) StdoutLine: {'line': b'-- Symlinking: /home/csilab/yolo_ws/install/yolo_msgs/lib/python3.12/site-packages/yolo_msgs/msg/_vector2_s.c\n'}
[13.814174] (yolo_msgs) StdoutLine: {'line': b'-- Symlinking: /home/csilab/yolo_ws/install/yolo_msgs/lib/python3.12/site-packages/yolo_msgs/srv/__init__.py\n'}
[13.824557] (yolo_msgs) StdoutLine: {'line': b'-- Symlinking: /home/csilab/yolo_ws/install/yolo_msgs/lib/python3.12/site-packages/yolo_msgs/srv/_set_classes.py\n'}
[13.834677] (yolo_msgs) StdoutLine: {'line': b'-- Symlinking: /home/csilab/yolo_ws/install/yolo_msgs/lib/python3.12/site-packages/yolo_msgs/srv/_set_classes_s.c\n'}
[13.837206] (-) TimerEvent: {}
[13.846023] (yolo_msgs) StdoutLine: {'line': b'-- Symlinking: /home/csilab/yolo_ws/install/yolo_msgs/lib/python3.12/site-packages/yolo_msgs/yolo_msgs_s__rosidl_typesupport_c.so\n'}
[13.856021] (yolo_msgs) StdoutLine: {'line': b'-- Symlinking: /home/csilab/yolo_ws/install/yolo_msgs/lib/python3.12/site-packages/yolo_msgs/yolo_msgs_s__rosidl_typesupport_fastrtps_c.so\n'}
[13.865633] (yolo_msgs) StdoutLine: {'line': b'-- Symlinking: /home/csilab/yolo_ws/install/yolo_msgs/lib/python3.12/site-packages/yolo_msgs/yolo_msgs_s__rosidl_typesupport_introspection_c.so\n'}
[13.876694] (yolo_msgs) StdoutLine: {'line': b'-- Up-to-date symlink: /home/csilab/yolo_ws/install/yolo_msgs/lib/python3.12/site-packages/yolo_msgs/yolo_msgs_s__rosidl_typesupport_fastrtps_c.so\n'}
[13.877109] (yolo_msgs) StdoutLine: {'line': b'-- Up-to-date symlink: /home/csilab/yolo_ws/install/yolo_msgs/lib/python3.12/site-packages/yolo_msgs/yolo_msgs_s__rosidl_typesupport_introspection_c.so\n'}
[13.877539] (yolo_msgs) StdoutLine: {'line': b'-- Up-to-date symlink: /home/csilab/yolo_ws/install/yolo_msgs/lib/python3.12/site-packages/yolo_msgs/yolo_msgs_s__rosidl_typesupport_c.so\n'}
[13.877804] (yolo_msgs) StdoutLine: {'line': b'-- Symlinking: /home/csilab/yolo_ws/install/yolo_msgs/share/ament_index/resource_index/rust_packages/yolo_msgs\n'}
[13.888950] (yolo_msgs) StdoutLine: {'line': b'-- Symlinking: /home/csilab/yolo_ws/install/yolo_msgs/share/yolo_msgs/rust/Cargo.toml\n'}
[13.899740] (yolo_msgs) StdoutLine: {'line': b'-- Symlinking: /home/csilab/yolo_ws/install/yolo_msgs/share/yolo_msgs/rust/build.rs\n'}
[13.909233] (yolo_msgs) StdoutLine: {'line': b'-- Symlinking: /home/csilab/yolo_ws/install/yolo_msgs/share/yolo_msgs/rust/src/lib.rs\n'}
[13.920033] (yolo_msgs) StdoutLine: {'line': b'-- Symlinking: /home/csilab/yolo_ws/install/yolo_msgs/share/yolo_msgs/rust/src/msg.rs\n'}
[13.930946] (yolo_msgs) StdoutLine: {'line': b'-- Symlinking: /home/csilab/yolo_ws/install/yolo_msgs/share/yolo_msgs/rust/src/msg/rmw.rs\n'}
[13.937285] (-) TimerEvent: {}
[13.941490] (yolo_msgs) StdoutLine: {'line': b'-- Symlinking: /home/csilab/yolo_ws/install/yolo_msgs/share/yolo_msgs/rust/src/srv.rs\n'}
[13.952114] (yolo_msgs) StdoutLine: {'line': b'-- Symlinking: /home/csilab/yolo_ws/install/yolo_msgs/share/yolo_msgs/rust/src/srv/rmw.rs\n'}
[13.960920] (yolo_msgs) StdoutLine: {'line': b'-- Symlinking: /home/csilab/yolo_ws/install/yolo_msgs/share/yolo_msgs/msg/Point2D.idl\n'}
[13.970993] (yolo_msgs) StdoutLine: {'line': b'-- Symlinking: /home/csilab/yolo_ws/install/yolo_msgs/share/yolo_msgs/msg/Vector2.idl\n'}
[13.980074] (yolo_msgs) StdoutLine: {'line': b'-- Symlinking: /home/csilab/yolo_ws/install/yolo_msgs/share/yolo_msgs/msg/Pose2D.idl\n'}
[13.990393] (yolo_msgs) StdoutLine: {'line': b'-- Symlinking: /home/csilab/yolo_ws/install/yolo_msgs/share/yolo_msgs/msg/BoundingBox2D.idl\n'}
[14.000622] (yolo_msgs) StdoutLine: {'line': b'-- Symlinking: /home/csilab/yolo_ws/install/yolo_msgs/share/yolo_msgs/msg/BoundingBox3D.idl\n'}
[14.011379] (yolo_msgs) StdoutLine: {'line': b'-- Symlinking: /home/csilab/yolo_ws/install/yolo_msgs/share/yolo_msgs/msg/Mask.idl\n'}
[14.022503] (yolo_msgs) StdoutLine: {'line': b'-- Symlinking: /home/csilab/yolo_ws/install/yolo_msgs/share/yolo_msgs/msg/KeyPoint2D.idl\n'}
[14.032678] (yolo_msgs) StdoutLine: {'line': b'-- Symlinking: /home/csilab/yolo_ws/install/yolo_msgs/share/yolo_msgs/msg/KeyPoint2DArray.idl\n'}
[14.037393] (-) TimerEvent: {}
[14.043940] (yolo_msgs) StdoutLine: {'line': b'-- Symlinking: /home/csilab/yolo_ws/install/yolo_msgs/share/yolo_msgs/msg/KeyPoint3D.idl\n'}
[14.054211] (yolo_msgs) StdoutLine: {'line': b'-- Symlinking: /home/csilab/yolo_ws/install/yolo_msgs/share/yolo_msgs/msg/KeyPoint3DArray.idl\n'}
[14.065641] (yolo_msgs) StdoutLine: {'line': b'-- Symlinking: /home/csilab/yolo_ws/install/yolo_msgs/share/yolo_msgs/msg/Detection.idl\n'}
[14.075765] (yolo_msgs) StdoutLine: {'line': b'-- Symlinking: /home/csilab/yolo_ws/install/yolo_msgs/share/yolo_msgs/msg/DetectionArray.idl\n'}
[14.084842] (yolo_msgs) StdoutLine: {'line': b'-- Symlinking: /home/csilab/yolo_ws/install/yolo_msgs/share/yolo_msgs/srv/SetClasses.idl\n'}
[14.094373] (yolo_msgs) StdoutLine: {'line': b'-- Symlinking: /home/csilab/yolo_ws/install/yolo_msgs/share/yolo_msgs/msg/Point2D.msg\n'}
[14.104934] (yolo_msgs) StdoutLine: {'line': b'-- Symlinking: /home/csilab/yolo_ws/install/yolo_msgs/share/yolo_msgs/msg/Vector2.msg\n'}
[14.113945] (yolo_msgs) StdoutLine: {'line': b'-- Symlinking: /home/csilab/yolo_ws/install/yolo_msgs/share/yolo_msgs/msg/Pose2D.msg\n'}
[14.124044] (yolo_msgs) StdoutLine: {'line': b'-- Symlinking: /home/csilab/yolo_ws/install/yolo_msgs/share/yolo_msgs/msg/BoundingBox2D.msg\n'}
[14.134207] (yolo_msgs) StdoutLine: {'line': b'-- Symlinking: /home/csilab/yolo_ws/install/yolo_msgs/share/yolo_msgs/msg/BoundingBox3D.msg\n'}
[14.137496] (-) TimerEvent: {}
[14.144473] (yolo_msgs) StdoutLine: {'line': b'-- Symlinking: /home/csilab/yolo_ws/install/yolo_msgs/share/yolo_msgs/msg/Mask.msg\n'}
[14.155769] (yolo_msgs) StdoutLine: {'line': b'-- Symlinking: /home/csilab/yolo_ws/install/yolo_msgs/share/yolo_msgs/msg/KeyPoint2D.msg\n'}
[14.165632] (yolo_msgs) StdoutLine: {'line': b'-- Symlinking: /home/csilab/yolo_ws/install/yolo_msgs/share/yolo_msgs/msg/KeyPoint2DArray.msg\n'}
[14.175056] (yolo_msgs) StdoutLine: {'line': b'-- Symlinking: /home/csilab/yolo_ws/install/yolo_msgs/share/yolo_msgs/msg/KeyPoint3D.msg\n'}
[14.185451] (yolo_msgs) StdoutLine: {'line': b'-- Symlinking: /home/csilab/yolo_ws/install/yolo_msgs/share/yolo_msgs/msg/KeyPoint3DArray.msg\n'}
[14.195298] (yolo_msgs) StdoutLine: {'line': b'-- Symlinking: /home/csilab/yolo_ws/install/yolo_msgs/share/yolo_msgs/msg/Detection.msg\n'}
[14.204581] (yolo_msgs) StdoutLine: {'line': b'-- Symlinking: /home/csilab/yolo_ws/install/yolo_msgs/share/yolo_msgs/msg/DetectionArray.msg\n'}
[14.213305] (yolo_msgs) StdoutLine: {'line': b'-- Symlinking: /home/csilab/yolo_ws/install/yolo_msgs/share/yolo_msgs/srv/SetClasses.srv\n'}
[14.223017] (yolo_msgs) StdoutLine: {'line': b'-- Symlinking: /home/csilab/yolo_ws/install/yolo_msgs/share/ament_index/resource_index/package_run_dependencies/yolo_msgs\n'}
[14.233154] (yolo_msgs) StdoutLine: {'line': b'-- Symlinking: /home/csilab/yolo_ws/install/yolo_msgs/share/ament_index/resource_index/parent_prefix_path/yolo_msgs\n'}
[14.237599] (-) TimerEvent: {}
[14.244511] (yolo_msgs) StdoutLine: {'line': b'-- Symlinking: /home/csilab/yolo_ws/install/yolo_msgs/share/yolo_msgs/environment/ament_prefix_path.sh\n'}
[14.255750] (yolo_msgs) StdoutLine: {'line': b'-- Symlinking: /home/csilab/yolo_ws/install/yolo_msgs/share/yolo_msgs/environment/ament_prefix_path.dsv\n'}
[14.265859] (yolo_msgs) StdoutLine: {'line': b'-- Symlinking: /home/csilab/yolo_ws/install/yolo_msgs/share/yolo_msgs/environment/path.sh\n'}
[14.275468] (yolo_msgs) StdoutLine: {'line': b'-- Symlinking: /home/csilab/yolo_ws/install/yolo_msgs/share/yolo_msgs/environment/path.dsv\n'}
[14.286864] (yolo_msgs) StdoutLine: {'line': b'-- Symlinking: /home/csilab/yolo_ws/install/yolo_msgs/share/yolo_msgs/local_setup.bash\n'}
[14.295315] (yolo_msgs) StdoutLine: {'line': b'-- Symlinking: /home/csilab/yolo_ws/install/yolo_msgs/share/yolo_msgs/local_setup.sh\n'}
[14.304809] (yolo_msgs) StdoutLine: {'line': b'-- Symlinking: /home/csilab/yolo_ws/install/yolo_msgs/share/yolo_msgs/local_setup.zsh\n'}
[14.314083] (yolo_msgs) StdoutLine: {'line': b'-- Symlinking: /home/csilab/yolo_ws/install/yolo_msgs/share/yolo_msgs/local_setup.dsv\n'}
[14.323152] (yolo_msgs) StdoutLine: {'line': b'-- Symlinking: /home/csilab/yolo_ws/install/yolo_msgs/share/yolo_msgs/package.dsv\n'}
[14.332649] (yolo_msgs) StdoutLine: {'line': b'-- Symlinking: /home/csilab/yolo_ws/install/yolo_msgs/share/ament_index/resource_index/packages/yolo_msgs\n'}
[14.337722] (-) TimerEvent: {}
[14.343747] (yolo_msgs) StdoutLine: {'line': b'-- Symlinking: /home/csilab/yolo_ws/install/yolo_msgs/share/yolo_msgs/cmake/rosidl_cmake-extras.cmake\n'}
[14.353573] (yolo_msgs) StdoutLine: {'line': b'-- Symlinking: /home/csilab/yolo_ws/install/yolo_msgs/share/yolo_msgs/cmake/ament_cmake_export_dependencies-extras.cmake\n'}
[14.362374] (yolo_msgs) StdoutLine: {'line': b'-- Symlinking: /home/csilab/yolo_ws/install/yolo_msgs/share/yolo_msgs/cmake/ament_cmake_export_include_directories-extras.cmake\n'}
[14.371060] (yolo_msgs) StdoutLine: {'line': b'-- Symlinking: /home/csilab/yolo_ws/install/yolo_msgs/share/yolo_msgs/cmake/ament_cmake_export_libraries-extras.cmake\n'}
[14.380774] (yolo_msgs) StdoutLine: {'line': b'-- Symlinking: /home/csilab/yolo_ws/install/yolo_msgs/share/yolo_msgs/cmake/ament_cmake_export_targets-extras.cmake\n'}
[14.391743] (yolo_msgs) StdoutLine: {'line': b'-- Symlinking: /home/csilab/yolo_ws/install/yolo_msgs/share/yolo_msgs/cmake/rosidl_cmake_export_typesupport_targets-extras.cmake\n'}
[14.401556] (yolo_msgs) StdoutLine: {'line': b'-- Symlinking: /home/csilab/yolo_ws/install/yolo_msgs/share/yolo_msgs/cmake/rosidl_cmake_export_typesupport_libraries-extras.cmake\n'}
[14.410555] (yolo_msgs) StdoutLine: {'line': b'-- Symlinking: /home/csilab/yolo_ws/install/yolo_msgs/share/yolo_msgs/cmake/rosidl_cmake_aggregate_target-extras.cmake\n'}
[14.421235] (yolo_msgs) StdoutLine: {'line': b'-- Symlinking: /home/csilab/yolo_ws/install/yolo_msgs/share/yolo_msgs/cmake/yolo_msgsConfig.cmake\n'}
[14.430881] (yolo_msgs) StdoutLine: {'line': b'-- Symlinking: /home/csilab/yolo_ws/install/yolo_msgs/share/yolo_msgs/cmake/yolo_msgsConfig-version.cmake\n'}
[14.437756] (-) TimerEvent: {}
[14.441194] (yolo_msgs) StdoutLine: {'line': b'-- Symlinking: /home/csilab/yolo_ws/install/yolo_msgs/share/yolo_msgs/package.xml\n'}
[14.450392] (yolo_msgs) StdoutLine: {'line': b'-- Installing: /home/csilab/yolo_ws/install/yolo_msgs/lib/libyolo_msgs__rosidl_generator_c.so\n'}
[14.451468] (yolo_msgs) StdoutLine: {'line': b'-- Set non-toolchain portion of runtime path of "/home/csilab/yolo_ws/install/yolo_msgs/lib/libyolo_msgs__rosidl_generator_c.so" to ""\n'}
[14.451653] (yolo_msgs) StdoutLine: {'line': b'-- Installing: /home/csilab/yolo_ws/install/yolo_msgs/lib/libyolo_msgs__rosidl_typesupport_fastrtps_c.so\n'}
[14.451970] (yolo_msgs) StdoutLine: {'line': b'-- Set non-toolchain portion of runtime path of "/home/csilab/yolo_ws/install/yolo_msgs/lib/libyolo_msgs__rosidl_typesupport_fastrtps_c.so" to ""\n'}
[14.452204] (yolo_msgs) StdoutLine: {'line': b'-- Installing: /home/csilab/yolo_ws/install/yolo_msgs/lib/libyolo_msgs__rosidl_typesupport_introspection_c.so\n'}
[14.452392] (yolo_msgs) StdoutLine: {'line': b'-- Set non-toolchain portion of runtime path of "/home/csilab/yolo_ws/install/yolo_msgs/lib/libyolo_msgs__rosidl_typesupport_introspection_c.so" to ""\n'}
[14.452572] (yolo_msgs) StdoutLine: {'line': b'-- Installing: /home/csilab/yolo_ws/install/yolo_msgs/lib/libyolo_msgs__rosidl_typesupport_c.so\n'}
[14.452752] (yolo_msgs) StdoutLine: {'line': b'-- Set non-toolchain portion of runtime path of "/home/csilab/yolo_ws/install/yolo_msgs/lib/libyolo_msgs__rosidl_typesupport_c.so" to ""\n'}
[14.452899] (yolo_msgs) StdoutLine: {'line': b'-- Installing: /home/csilab/yolo_ws/install/yolo_msgs/lib/libyolo_msgs__rosidl_typesupport_fastrtps_cpp.so\n'}
[14.453356] (yolo_msgs) StdoutLine: {'line': b'-- Set non-toolchain portion of runtime path of "/home/csilab/yolo_ws/install/yolo_msgs/lib/libyolo_msgs__rosidl_typesupport_fastrtps_cpp.so" to ""\n'}
[14.453493] (yolo_msgs) StdoutLine: {'line': b'-- Installing: /home/csilab/yolo_ws/install/yolo_msgs/lib/libyolo_msgs__rosidl_typesupport_introspection_cpp.so\n'}
[14.453998] (yolo_msgs) StdoutLine: {'line': b'-- Set non-toolchain portion of runtime path of "/home/csilab/yolo_ws/install/yolo_msgs/lib/libyolo_msgs__rosidl_typesupport_introspection_cpp.so" to ""\n'}
[14.454080] (yolo_msgs) StdoutLine: {'line': b'-- Installing: /home/csilab/yolo_ws/install/yolo_msgs/lib/libyolo_msgs__rosidl_typesupport_cpp.so\n'}
[14.454458] (yolo_msgs) StdoutLine: {'line': b'-- Set non-toolchain portion of runtime path of "/home/csilab/yolo_ws/install/yolo_msgs/lib/libyolo_msgs__rosidl_typesupport_cpp.so" to ""\n'}
[14.529438] (yolo_msgs) StdoutLine: {'line': b"Listing '/home/csilab/yolo_ws/install/yolo_msgs/lib/python3.12/site-packages/yolo_msgs'...\n"}
[14.529656] (yolo_msgs) StdoutLine: {'line': b"Compiling '/home/csilab/yolo_ws/install/yolo_msgs/lib/python3.12/site-packages/yolo_msgs/__init__.py'...\n"}
[14.529869] (yolo_msgs) StdoutLine: {'line': b"Listing '/home/csilab/yolo_ws/install/yolo_msgs/lib/python3.12/site-packages/yolo_msgs/msg'...\n"}
[14.530018] (yolo_msgs) StdoutLine: {'line': b"Compiling '/home/csilab/yolo_ws/install/yolo_msgs/lib/python3.12/site-packages/yolo_msgs/msg/__init__.py'...\n"}
[14.530125] (yolo_msgs) StdoutLine: {'line': b"Compiling '/home/csilab/yolo_ws/install/yolo_msgs/lib/python3.12/site-packages/yolo_msgs/msg/_bounding_box2_d.py'...\n"}
[14.530223] (yolo_msgs) StdoutLine: {'line': b"Compiling '/home/csilab/yolo_ws/install/yolo_msgs/lib/python3.12/site-packages/yolo_msgs/msg/_bounding_box3_d.py'...\n"}
[14.530321] (yolo_msgs) StdoutLine: {'line': b"Compiling '/home/csilab/yolo_ws/install/yolo_msgs/lib/python3.12/site-packages/yolo_msgs/msg/_detection.py'...\n"}
[14.530389] (yolo_msgs) StdoutLine: {'line': b"Compiling '/home/csilab/yolo_ws/install/yolo_msgs/lib/python3.12/site-packages/yolo_msgs/msg/_detection_array.py'...\n"}
[14.530437] (yolo_msgs) StdoutLine: {'line': b"Compiling '/home/csilab/yolo_ws/install/yolo_msgs/lib/python3.12/site-packages/yolo_msgs/msg/_key_point2_d.py'...\n"}
[14.530479] (yolo_msgs) StdoutLine: {'line': b"Compiling '/home/csilab/yolo_ws/install/yolo_msgs/lib/python3.12/site-packages/yolo_msgs/msg/_key_point2_d_array.py'...\n"}
[14.530519] (yolo_msgs) StdoutLine: {'line': b"Compiling '/home/csilab/yolo_ws/install/yolo_msgs/lib/python3.12/site-packages/yolo_msgs/msg/_key_point3_d.py'...\n"}
[14.530557] (yolo_msgs) StdoutLine: {'line': b"Compiling '/home/csilab/yolo_ws/install/yolo_msgs/lib/python3.12/site-packages/yolo_msgs/msg/_key_point3_d_array.py'...\n"}
[14.530597] (yolo_msgs) StdoutLine: {'line': b"Compiling '/home/csilab/yolo_ws/install/yolo_msgs/lib/python3.12/site-packages/yolo_msgs/msg/_mask.py'...\n"}
[14.530636] (yolo_msgs) StdoutLine: {'line': b"Compiling '/home/csilab/yolo_ws/install/yolo_msgs/lib/python3.12/site-packages/yolo_msgs/msg/_point2_d.py'...\n"}
[14.530674] (yolo_msgs) StdoutLine: {'line': b"Compiling '/home/csilab/yolo_ws/install/yolo_msgs/lib/python3.12/site-packages/yolo_msgs/msg/_pose2_d.py'...\n"}
[14.530719] (yolo_msgs) StdoutLine: {'line': b"Compiling '/home/csilab/yolo_ws/install/yolo_msgs/lib/python3.12/site-packages/yolo_msgs/msg/_vector2.py'...\n"}
[14.530771] (yolo_msgs) StdoutLine: {'line': b"Listing '/home/csilab/yolo_ws/install/yolo_msgs/lib/python3.12/site-packages/yolo_msgs/srv'...\n"}
[14.530810] (yolo_msgs) StdoutLine: {'line': b"Compiling '/home/csilab/yolo_ws/install/yolo_msgs/lib/python3.12/site-packages/yolo_msgs/srv/__init__.py'...\n"}
[14.530850] (yolo_msgs) StdoutLine: {'line': b"Compiling '/home/csilab/yolo_ws/install/yolo_msgs/lib/python3.12/site-packages/yolo_msgs/srv/_set_classes.py'...\n"}
[14.534076] (yolo_msgs) StdoutLine: {'line': b'-- Installing: /home/csilab/yolo_ws/install/yolo_msgs/lib/libyolo_msgs__rosidl_generator_py.so\n'}
[14.534680] (yolo_msgs) StdoutLine: {'line': b'-- Set non-toolchain portion of runtime path of "/home/csilab/yolo_ws/install/yolo_msgs/lib/libyolo_msgs__rosidl_generator_py.so" to ""\n'}
[14.534988] (yolo_msgs) StdoutLine: {'line': b'-- Installing: /home/csilab/yolo_ws/install/yolo_msgs/share/yolo_msgs/cmake/export_yolo_msgs__rosidl_generator_cExport.cmake\n'}
[14.535177] (yolo_msgs) StdoutLine: {'line': b'-- Installing: /home/csilab/yolo_ws/install/yolo_msgs/share/yolo_msgs/cmake/export_yolo_msgs__rosidl_generator_cExport-noconfig.cmake\n'}
[14.535325] (yolo_msgs) StdoutLine: {'line': b'-- Installing: /home/csilab/yolo_ws/install/yolo_msgs/share/yolo_msgs/cmake/export_yolo_msgs__rosidl_typesupport_fastrtps_cExport.cmake\n'}
[14.535415] (yolo_msgs) StdoutLine: {'line': b'-- Installing: /home/csilab/yolo_ws/install/yolo_msgs/share/yolo_msgs/cmake/export_yolo_msgs__rosidl_typesupport_fastrtps_cExport-noconfig.cmake\n'}
[14.535542] (yolo_msgs) StdoutLine: {'line': b'-- Installing: /home/csilab/yolo_ws/install/yolo_msgs/share/yolo_msgs/cmake/yolo_msgs__rosidl_typesupport_introspection_cExport.cmake\n'}
[14.535634] (yolo_msgs) StdoutLine: {'line': b'-- Installing: /home/csilab/yolo_ws/install/yolo_msgs/share/yolo_msgs/cmake/yolo_msgs__rosidl_typesupport_introspection_cExport-noconfig.cmake\n'}
[14.535778] (yolo_msgs) StdoutLine: {'line': b'-- Installing: /home/csilab/yolo_ws/install/yolo_msgs/share/yolo_msgs/cmake/yolo_msgs__rosidl_typesupport_cExport.cmake\n'}
[14.535877] (yolo_msgs) StdoutLine: {'line': b'-- Installing: /home/csilab/yolo_ws/install/yolo_msgs/share/yolo_msgs/cmake/yolo_msgs__rosidl_typesupport_cExport-noconfig.cmake\n'}
[14.536014] (yolo_msgs) StdoutLine: {'line': b'-- Installing: /home/csilab/yolo_ws/install/yolo_msgs/share/yolo_msgs/cmake/export_yolo_msgs__rosidl_generator_cppExport.cmake\n'}
[14.536160] (yolo_msgs) StdoutLine: {'line': b'-- Installing: /home/csilab/yolo_ws/install/yolo_msgs/share/yolo_msgs/cmake/export_yolo_msgs__rosidl_typesupport_fastrtps_cppExport.cmake\n'}
[14.536309] (yolo_msgs) StdoutLine: {'line': b'-- Installing: /home/csilab/yolo_ws/install/yolo_msgs/share/yolo_msgs/cmake/export_yolo_msgs__rosidl_typesupport_fastrtps_cppExport-noconfig.cmake\n'}
[14.536446] (yolo_msgs) StdoutLine: {'line': b'-- Installing: /home/csilab/yolo_ws/install/yolo_msgs/share/yolo_msgs/cmake/yolo_msgs__rosidl_typesupport_introspection_cppExport.cmake\n'}
[14.536559] (yolo_msgs) StdoutLine: {'line': b'-- Installing: /home/csilab/yolo_ws/install/yolo_msgs/share/yolo_msgs/cmake/yolo_msgs__rosidl_typesupport_introspection_cppExport-noconfig.cmake\n'}
[14.536721] (yolo_msgs) StdoutLine: {'line': b'-- Installing: /home/csilab/yolo_ws/install/yolo_msgs/share/yolo_msgs/cmake/yolo_msgs__rosidl_typesupport_cppExport.cmake\n'}
[14.536833] (yolo_msgs) StdoutLine: {'line': b'-- Installing: /home/csilab/yolo_ws/install/yolo_msgs/share/yolo_msgs/cmake/yolo_msgs__rosidl_typesupport_cppExport-noconfig.cmake\n'}
[14.536948] (yolo_msgs) StdoutLine: {'line': b'-- Installing: /home/csilab/yolo_ws/install/yolo_msgs/share/yolo_msgs/cmake/export_yolo_msgs__rosidl_generator_pyExport.cmake\n'}
[14.537075] (yolo_msgs) StdoutLine: {'line': b'-- Installing: /home/csilab/yolo_ws/install/yolo_msgs/share/yolo_msgs/cmake/export_yolo_msgs__rosidl_generator_pyExport-noconfig.cmake\n'}
[14.537814] (-) TimerEvent: {}
[14.539315] (yolo_msgs) CommandEnded: {'returncode': 0}
[14.565683] (yolo_msgs) JobEnded: {'identifier': 'yolo_msgs', 'rc': 0}
[14.566596] (yolo_ros) JobStarted: {'identifier': 'yolo_ros'}
[14.637945] (-) TimerEvent: {}
[14.738229] (-) TimerEvent: {}
[14.838518] (-) TimerEvent: {}
[14.939330] (-) TimerEvent: {}
[15.039649] (-) TimerEvent: {}
[15.140209] (-) TimerEvent: {}
[15.240493] (-) TimerEvent: {}
[15.340775] (-) TimerEvent: {}
[15.441046] (-) TimerEvent: {}
[15.541331] (-) TimerEvent: {}
[15.604608] (yolo_ros) Command: {'cmd': ['/usr/bin/python3', '-W', 'ignore:setup.py install is deprecated', '-W', 'ignore:easy_install command is deprecated', 'setup.py', 'develop', '--editable', '--build-directory', '/home/csilab/yolo_ws/build/yolo_ros/build', '--no-deps', 'symlink_data'], 'cwd': '/home/csilab/yolo_ws/build/yolo_ros', 'env': {'LESSOPEN': '| /usr/bin/lesspipe %s', 'LANGUAGE': 'ko:en', 'USER': 'csilab', 'LC_TIME': 'en_US.UTF-8', 'GZ_CONFIG_PATH': '/opt/ros/jazzy/opt/gz_sim_vendor/share/gz:/opt/ros/jazzy/opt/sdformat_vendor/share/gz:/opt/ros/jazzy/opt/gz_gui_vendor/share/gz:/opt/ros/jazzy/opt/gz_transport_vendor/share/gz:/opt/ros/jazzy/opt/gz_rendering_vendor/share/gz:/opt/ros/jazzy/opt/gz_plugin_vendor/share/gz:/opt/ros/jazzy/opt/gz_fuel_tools_vendor/share/gz:/opt/ros/jazzy/opt/gz_msgs_vendor/share/gz:/opt/ros/jazzy/opt/gz_common_vendor/share/gz', 'XDG_SESSION_TYPE': 'wayland', 'CLUTTER_DISABLE_MIPMAPPED_TEXT': '1', 'SHLVL': '1', 'LD_LIBRARY_PATH': '/home/csilab/yolo_ws/install/yolo_msgs/lib:/home/csilab/turtlebot3_ws/install/dynamixel_sdk_custom_interfaces/lib:/home/csilab/turtlebot3_ws/install/dynamixel_sdk/lib:/opt/ros/jazzy/opt/gz_sim_vendor/lib:/opt/ros/jazzy/opt/gz_sensors_vendor/lib:/opt/ros/jazzy/opt/gz_physics_vendor/lib:/opt/ros/jazzy/opt/sdformat_vendor/lib:/opt/ros/jazzy/opt/rviz_ogre_vendor/lib:/opt/ros/jazzy/lib/x86_64-linux-gnu:/opt/ros/jazzy/opt/gz_gui_vendor/lib:/opt/ros/jazzy/opt/gz_transport_vendor/lib:/opt/ros/jazzy/opt/gz_rendering_vendor/lib:/opt/ros/jazzy/opt/gz_plugin_vendor/lib:/opt/ros/jazzy/opt/gz_fuel_tools_vendor/lib:/opt/ros/jazzy/opt/gz_msgs_vendor/lib:/opt/ros/jazzy/opt/gz_common_vendor/lib:/opt/ros/jazzy/opt/gz_math_vendor/lib:/opt/ros/jazzy/opt/gz_utils_vendor/lib:/opt/ros/jazzy/opt/gz_tools_vendor/lib:/opt/ros/jazzy/opt/gz_ogre_next_vendor/lib:/opt/ros/jazzy/opt/gz_dartsim_vendor/lib:/opt/ros/jazzy/opt/gz_cmake_vendor/lib:/opt/ros/jazzy/lib', 'HOME': '/home/csilab', 'OLDPWD': '/home/csilab/yolo_ws/src/yolo_ros', 'DESKTOP_SESSION': 'ubuntu', 'ROS_PYTHON_VERSION': '3', 'GNOME_SHELL_SESSION_MODE': 'ubuntu', 'GTK_MODULES': 'gail:atk-bridge', 'LC_MONETARY': 'en_US.UTF-8', 'ROS_STATIC_PEERS': '10.8.141.26', 'SYSTEMD_EXEC_PID': '2535', 'GSM_SKIP_SSH_AGENT_WORKAROUND': 'true', 'DBUS_SESSION_BUS_ADDRESS': 'unix:path=/run/user/1000/bus', 'COLORTERM': 'truecolor', 'DEBUGINFOD_URLS': 'https://debuginfod.ubuntu.com', 'IM_CONFIG_PHASE': '1', 'WAYLAND_DISPLAY': 'wayland-0', 'COLCON_PREFIX_PATH': '/home/csilab/turtlebot3_ws/install', 'ROS_DISTRO': 'jazzy', 'LOGNAME': 'csilab', '_': '/usr/bin/colcon', 'ROS_VERSION': '2', 'MEMORY_PRESSURE_WATCH': '/sys/fs/cgroup/user.slice/user-1000.slice/user@1000.service/session.slice/org.gnome.Shell@wayland.service/memory.pressure', 'XDG_SESSION_CLASS': 'user', 'USERNAME': 'csilab', 'TERM': 'xterm-256color', 'GNOME_DESKTOP_SESSION_ID': 'this-is-deprecated', 'ROS_LOCALHOST_ONLY': '0', 'PATH': '/home/csilab/.local/bin:/opt/ros/jazzy/opt/gz_msgs_vendor/bin:/opt/ros/jazzy/opt/gz_tools_vendor/bin:/opt/ros/jazzy/opt/gz_ogre_next_vendor/bin:/opt/ros/jazzy/bin:/home/csilab/.local/bin:/usr/local/sbin:/usr/local/bin:/usr/sbin:/usr/bin:/sbin:/bin:/usr/games:/usr/local/games:/snap/bin:/snap/bin', 'SESSION_MANAGER': 'local/turtle-jeong-pc:@/tmp/.ICE-unix/2504,unix/turtle-jeong-pc:/tmp/.ICE-unix/2504', 'PAPERSIZE': 'letter', 'XDG_MENU_PREFIX': 'gnome-', 'LC_ADDRESS': 'en_US.UTF-8', 'GNOME_TERMINAL_SCREEN': '/org/gnome/Terminal/screen/95e2ff0f_152b_4019_a1da_739bb2262291', 'GNOME_SETUP_DISPLAY': ':1', 'XDG_RUNTIME_DIR': '/run/user/1000', 'DISPLAY': ':0', 'LANG': 'ko_KR.UTF-8', 'XDG_CURRENT_DESKTOP': 'ubuntu:GNOME', 'LC_TELEPHONE': 'en_US.UTF-8', 'XMODIFIERS': '@im=ibus', 'XDG_SESSION_DESKTOP': 'ubuntu', 'XAUTHORITY': '/run/user/1000/.mutter-Xwaylandauth.XT2BS3', 'LS_COLORS': 'rs=0:di=01;34:ln=01;36:mh=00:pi=40;33:so=01;35:do=01;35:bd=40;33;01:cd=40;33;01:or=40;31;01:mi=00:su=37;41:sg=30;43:ca=00:tw=30;42:ow=34;42:st=37;44:ex=01;32:*.tar=01;31:*.tgz=01;31:*.arc=01;31:*.arj=01;31:*.taz=01;31:*.lha=01;31:*.lz4=01;31:*.lzh=01;31:*.lzma=01;31:*.tlz=01;31:*.txz=01;31:*.tzo=01;31:*.t7z=01;31:*.zip=01;31:*.z=01;31:*.dz=01;31:*.gz=01;31:*.lrz=01;31:*.lz=01;31:*.lzo=01;31:*.xz=01;31:*.zst=01;31:*.tzst=01;31:*.bz2=01;31:*.bz=01;31:*.tbz=01;31:*.tbz2=01;31:*.tz=01;31:*.deb=01;31:*.rpm=01;31:*.jar=01;31:*.war=01;31:*.ear=01;31:*.sar=01;31:*.rar=01;31:*.alz=01;31:*.ace=01;31:*.zoo=01;31:*.cpio=01;31:*.7z=01;31:*.rz=01;31:*.cab=01;31:*.wim=01;31:*.swm=01;31:*.dwm=01;31:*.esd=01;31:*.avif=01;35:*.jpg=01;35:*.jpeg=01;35:*.mjpg=01;35:*.mjpeg=01;35:*.gif=01;35:*.bmp=01;35:*.pbm=01;35:*.pgm=01;35:*.ppm=01;35:*.tga=01;35:*.xbm=01;35:*.xpm=01;35:*.tif=01;35:*.tiff=01;35:*.png=01;35:*.svg=01;35:*.svgz=01;35:*.mng=01;35:*.pcx=01;35:*.mov=01;35:*.mpg=01;35:*.mpeg=01;35:*.m2v=01;35:*.mkv=01;35:*.webm=01;35:*.webp=01;35:*.ogm=01;35:*.mp4=01;35:*.m4v=01;35:*.mp4v=01;35:*.vob=01;35:*.qt=01;35:*.nuv=01;35:*.wmv=01;35:*.asf=01;35:*.rm=01;35:*.rmvb=01;35:*.flc=01;35:*.avi=01;35:*.fli=01;35:*.flv=01;35:*.gl=01;35:*.dl=01;35:*.xcf=01;35:*.xwd=01;35:*.yuv=01;35:*.cgm=01;35:*.emf=01;35:*.ogv=01;35:*.ogx=01;35:*.aac=00;36:*.au=00;36:*.flac=00;36:*.m4a=00;36:*.mid=00;36:*.midi=00;36:*.mka=00;36:*.mp3=00;36:*.mpc=00;36:*.ogg=00;36:*.ra=00;36:*.wav=00;36:*.oga=00;36:*.opus=00;36:*.spx=00;36:*.xspf=00;36:*~=00;90:*#=00;90:*.bak=00;90:*.crdownload=00;90:*.dpkg-dist=00;90:*.dpkg-new=00;90:*.dpkg-old=00;90:*.dpkg-tmp=00;90:*.old=00;90:*.orig=00;90:*.part=00;90:*.rej=00;90:*.rpmnew=00;90:*.rpmorig=00;90:*.rpmsave=00;90:*.swp=00;90:*.tmp=00;90:*.ucf-dist=00;90:*.ucf-new=00;90:*.ucf-old=00;90:', 'GNOME_TERMINAL_SERVICE': ':1.181', 'SSH_AUTH_SOCK': '/run/user/1000/keyring/ssh', 'ROS_DOMAIN_ID': '30', 'AMENT_PREFIX_PATH': '/home/csilab/yolo_ws/install/yolo_msgs:/home/csilab/turtlebot3_ws/install/dynamixel_sdk_examples:/home/csilab/turtlebot3_ws/install/dynamixel_sdk_custom_interfaces:/home/csilab/turtlebot3_ws/install/dynamixel_sdk:/opt/ros/jazzy', 'SHELL': '/bin/bash', 'LC_NAME': 'en_US.UTF-8', 'QT_ACCESSIBILITY': '1', 'GDMSESSION': 'ubuntu', 'LESSCLOSE': '/usr/bin/lesspipe %s %s', 'LC_MEASUREMENT': 'en_US.UTF-8', 'LC_IDENTIFICATION': 'en_US.UTF-8', 'ROS_AUTOMATIC_DISCOVERY_RANGE': 'SUBNET', 'QT_IM_MODULE': 'ibus', 'PWD': '/home/csilab/yolo_ws/build/yolo_ros', 'TURTLEBOT3_MODEL': 'burger', 'LC_ALL': 'en_US.UTF-8', 'XDG_CONFIG_DIRS': '/etc/xdg/xdg-ubuntu:/etc/xdg', 'XDG_DATA_DIRS': '/usr/share/ubuntu:/usr/share/gnome:/usr/local/share/:/usr/share/:/var/lib/snapd/desktop', 'LDS_MODEL': 'LDS-02', 'PYTHONPATH': '/home/csilab/yolo_ws/build/yolo_ros/prefix_override:/usr/lib/python3/dist-packages/colcon_core/task/python/colcon_distutils_commands:/home/csilab/yolo_ws/install/yolo_ros/lib/python3.12/site-packages:/home/csilab/yolo_ws/install/yolo_msgs/lib/python3.12/site-packages:/home/csilab/turtlebot3_ws/install/dynamixel_sdk_custom_interfaces/lib/python3.12/site-packages:/home/csilab/turtlebot3_ws/install/dynamixel_sdk/lib/python3.12/site-packages:/opt/ros/jazzy/lib/python3.12/site-packages', 'LC_NUMERIC': 'en_US.UTF-8', 'LC_PAPER': 'en_US.UTF-8', 'COLCON': '1', 'MEMORY_PRESSURE_WRITE': 'c29tZSAyMDAwMDAgMjAwMDAwMAA=', 'VTE_VERSION': '7600', 'CMAKE_PREFIX_PATH': '/home/csilab/yolo_ws/install/yolo_msgs:/home/csilab/turtlebot3_ws/install/dynamixel_sdk_examples:/home/csilab/turtlebot3_ws/install/dynamixel_sdk_custom_interfaces:/home/csilab/turtlebot3_ws/install/dynamixel_sdk:/opt/ros/jazzy/opt/gz_sim_vendor:/opt/ros/jazzy/opt/gz_sensors_vendor:/opt/ros/jazzy/opt/gz_physics_vendor:/opt/ros/jazzy/opt/sdformat_vendor:/opt/ros/jazzy/opt/gz_gui_vendor:/opt/ros/jazzy/opt/gz_transport_vendor:/opt/ros/jazzy/opt/gz_rendering_vendor:/opt/ros/jazzy/opt/gz_plugin_vendor:/opt/ros/jazzy/opt/gz_fuel_tools_vendor:/opt/ros/jazzy/opt/gz_msgs_vendor:/opt/ros/jazzy/opt/gz_common_vendor:/opt/ros/jazzy/opt/gz_math_vendor:/opt/ros/jazzy/opt/gz_utils_vendor:/opt/ros/jazzy/opt/gz_tools_vendor:/opt/ros/jazzy/opt/gz_ogre_next_vendor:/opt/ros/jazzy/opt/gz_dartsim_vendor:/opt/ros/jazzy/opt/gz_cmake_vendor'}, 'shell': False}
[15.641444] (-) TimerEvent: {}
[15.741700] (-) TimerEvent: {}
[15.841946] (-) TimerEvent: {}
[15.878416] (yolo_ros) StdoutLine: {'line': b'running develop\n'}
[15.942086] (-) TimerEvent: {}
[16.042375] (-) TimerEvent: {}
[16.062070] (yolo_ros) StdoutLine: {'line': b'running egg_info\n'}
[16.062291] (yolo_ros) StdoutLine: {'line': b'creating yolo_ros.egg-info\n'}
[16.079611] (yolo_ros) StdoutLine: {'line': b'writing yolo_ros.egg-info/PKG-INFO\n'}
[16.080022] (yolo_ros) StdoutLine: {'line': b'writing dependency_links to yolo_ros.egg-info/dependency_links.txt\n'}
[16.080240] (yolo_ros) StdoutLine: {'line': b'writing entry points to yolo_ros.egg-info/entry_points.txt\n'}
[16.080351] (yolo_ros) StdoutLine: {'line': b'writing requirements to yolo_ros.egg-info/requires.txt\n'}
[16.080451] (yolo_ros) StdoutLine: {'line': b'writing top-level names to yolo_ros.egg-info/top_level.txt\n'}
[16.080547] (yolo_ros) StdoutLine: {'line': b"writing manifest file 'yolo_ros.egg-info/SOURCES.txt'\n"}
[16.114191] (yolo_ros) StdoutLine: {'line': b"reading manifest file 'yolo_ros.egg-info/SOURCES.txt'\n"}
[16.114641] (yolo_ros) StdoutLine: {'line': b"writing manifest file 'yolo_ros.egg-info/SOURCES.txt'\n"}
[16.132882] (yolo_ros) StdoutLine: {'line': b'running build_ext\n'}
[16.132978] (yolo_ros) StdoutLine: {'line': b'Creating /home/csilab/yolo_ws/install/yolo_ros/lib/python3.12/site-packages/yolo-ros.egg-link (link to .)\n'}
[16.133111] (yolo_ros) StdoutLine: {'line': b'Installing debug_node script to /home/csilab/yolo_ws/install/yolo_ros/lib/yolo_ros\n'}
[16.133304] (yolo_ros) StdoutLine: {'line': b'Installing detect_3d_node script to /home/csilab/yolo_ws/install/yolo_ros/lib/yolo_ros\n'}
[16.133604] (yolo_ros) StdoutLine: {'line': b'Installing tracking_node script to /home/csilab/yolo_ws/install/yolo_ros/lib/yolo_ros\n'}
[16.133940] (yolo_ros) StdoutLine: {'line': b'Installing yolo_node script to /home/csilab/yolo_ws/install/yolo_ros/lib/yolo_ros\n'}
[16.134121] (yolo_ros) StdoutLine: {'line': b'\n'}
[16.134274] (yolo_ros) StdoutLine: {'line': b'Installed /home/csilab/yolo_ws/build/yolo_ros\n'}
[16.134417] (yolo_ros) StdoutLine: {'line': b'running symlink_data\n'}
[16.134615] (yolo_ros) StdoutLine: {'line': b'creating /home/csilab/yolo_ws/install/yolo_ros/share/ament_index\n'}
[16.134790] (yolo_ros) StdoutLine: {'line': b'creating /home/csilab/yolo_ws/install/yolo_ros/share/ament_index/resource_index\n'}
[16.134884] (yolo_ros) StdoutLine: {'line': b'creating /home/csilab/yolo_ws/install/yolo_ros/share/ament_index/resource_index/packages\n'}
[16.134932] (yolo_ros) StdoutLine: {'line': b'symbolically linking /home/csilab/yolo_ws/build/yolo_ros/resource/yolo_ros -> /home/csilab/yolo_ws/install/yolo_ros/share/ament_index/resource_index/packages\n'}
[16.134977] (yolo_ros) StdoutLine: {'line': b'symbolically linking /home/csilab/yolo_ws/build/yolo_ros/package.xml -> /home/csilab/yolo_ws/install/yolo_ros/share/yolo_ros\n'}
[16.135021] (yolo_ros) StdoutLine: {'line': b'symbolically linking /home/csilab/yolo_ws/build/pyproject.toml -> /home/csilab/yolo_ws/install/yolo_ros/share/yolo_ros\n'}
[16.142491] (-) TimerEvent: {}
[16.158956] (yolo_ros) CommandEnded: {'returncode': 0}
[16.164250] (yolo_ros) JobEnded: {'identifier': 'yolo_ros', 'rc': 0}
[16.164822] (yolo_bringup) JobStarted: {'identifier': 'yolo_bringup'}
[16.175625] (yolo_bringup) JobProgress: {'identifier': 'yolo_bringup', 'progress': 'cmake'}
[16.176621] (yolo_bringup) Command: {'cmd': ['/usr/bin/cmake', '/home/csilab/yolo_ws/src/yolo_ros/yolo_bringup', '-DAMENT_CMAKE_SYMLINK_INSTALL=1', '-DCMAKE_INSTALL_PREFIX=/home/csilab/yolo_ws/install/yolo_bringup'], 'cwd': '/home/csilab/yolo_ws/build/yolo_bringup', 'env': OrderedDict({'LESSOPEN': '| /usr/bin/lesspipe %s', 'LANGUAGE': 'ko:en', 'USER': 'csilab', 'LC_TIME': 'en_US.UTF-8', 'GZ_CONFIG_PATH': '/opt/ros/jazzy/opt/gz_sim_vendor/share/gz:/opt/ros/jazzy/opt/sdformat_vendor/share/gz:/opt/ros/jazzy/opt/gz_gui_vendor/share/gz:/opt/ros/jazzy/opt/gz_transport_vendor/share/gz:/opt/ros/jazzy/opt/gz_rendering_vendor/share/gz:/opt/ros/jazzy/opt/gz_plugin_vendor/share/gz:/opt/ros/jazzy/opt/gz_fuel_tools_vendor/share/gz:/opt/ros/jazzy/opt/gz_msgs_vendor/share/gz:/opt/ros/jazzy/opt/gz_common_vendor/share/gz', 'XDG_SESSION_TYPE': 'wayland', 'CLUTTER_DISABLE_MIPMAPPED_TEXT': '1', 'SHLVL': '1', 'LD_LIBRARY_PATH': '/home/csilab/yolo_ws/install/yolo_msgs/lib:/home/csilab/turtlebot3_ws/install/dynamixel_sdk_custom_interfaces/lib:/home/csilab/turtlebot3_ws/install/dynamixel_sdk/lib:/opt/ros/jazzy/opt/gz_sim_vendor/lib:/opt/ros/jazzy/opt/gz_sensors_vendor/lib:/opt/ros/jazzy/opt/gz_physics_vendor/lib:/opt/ros/jazzy/opt/sdformat_vendor/lib:/opt/ros/jazzy/opt/rviz_ogre_vendor/lib:/opt/ros/jazzy/lib/x86_64-linux-gnu:/opt/ros/jazzy/opt/gz_gui_vendor/lib:/opt/ros/jazzy/opt/gz_transport_vendor/lib:/opt/ros/jazzy/opt/gz_rendering_vendor/lib:/opt/ros/jazzy/opt/gz_plugin_vendor/lib:/opt/ros/jazzy/opt/gz_fuel_tools_vendor/lib:/opt/ros/jazzy/opt/gz_msgs_vendor/lib:/opt/ros/jazzy/opt/gz_common_vendor/lib:/opt/ros/jazzy/opt/gz_math_vendor/lib:/opt/ros/jazzy/opt/gz_utils_vendor/lib:/opt/ros/jazzy/opt/gz_tools_vendor/lib:/opt/ros/jazzy/opt/gz_ogre_next_vendor/lib:/opt/ros/jazzy/opt/gz_dartsim_vendor/lib:/opt/ros/jazzy/opt/gz_cmake_vendor/lib:/opt/ros/jazzy/lib', 'HOME': '/home/csilab', 'OLDPWD': '/home/csilab/yolo_ws/src/yolo_ros', 'DESKTOP_SESSION': 'ubuntu', 'ROS_PYTHON_VERSION': '3', 'GNOME_SHELL_SESSION_MODE': 'ubuntu', 'GTK_MODULES': 'gail:atk-bridge', 'LC_MONETARY': 'en_US.UTF-8', 'ROS_STATIC_PEERS': '10.8.141.26', 'SYSTEMD_EXEC_PID': '2535', 'GSM_SKIP_SSH_AGENT_WORKAROUND': 'true', 'DBUS_SESSION_BUS_ADDRESS': 'unix:path=/run/user/1000/bus', 'COLORTERM': 'truecolor', 'DEBUGINFOD_URLS': 'https://debuginfod.ubuntu.com', 'IM_CONFIG_PHASE': '1', 'WAYLAND_DISPLAY': 'wayland-0', 'COLCON_PREFIX_PATH': '/home/csilab/turtlebot3_ws/install', 'ROS_DISTRO': 'jazzy', 'LOGNAME': 'csilab', '_': '/usr/bin/colcon', 'ROS_VERSION': '2', 'MEMORY_PRESSURE_WATCH': '/sys/fs/cgroup/user.slice/user-1000.slice/user@1000.service/session.slice/org.gnome.Shell@wayland.service/memory.pressure', 'XDG_SESSION_CLASS': 'user', 'USERNAME': 'csilab', 'TERM': 'xterm-256color', 'GNOME_DESKTOP_SESSION_ID': 'this-is-deprecated', 'ROS_LOCALHOST_ONLY': '0', 'PATH': '/home/csilab/.local/bin:/opt/ros/jazzy/opt/gz_msgs_vendor/bin:/opt/ros/jazzy/opt/gz_tools_vendor/bin:/opt/ros/jazzy/opt/gz_ogre_next_vendor/bin:/opt/ros/jazzy/bin:/home/csilab/.local/bin:/usr/local/sbin:/usr/local/bin:/usr/sbin:/usr/bin:/sbin:/bin:/usr/games:/usr/local/games:/snap/bin:/snap/bin', 'SESSION_MANAGER': 'local/turtle-jeong-pc:@/tmp/.ICE-unix/2504,unix/turtle-jeong-pc:/tmp/.ICE-unix/2504', 'PAPERSIZE': 'letter', 'XDG_MENU_PREFIX': 'gnome-', 'LC_ADDRESS': 'en_US.UTF-8', 'GNOME_TERMINAL_SCREEN': '/org/gnome/Terminal/screen/95e2ff0f_152b_4019_a1da_739bb2262291', 'GNOME_SETUP_DISPLAY': ':1', 'XDG_RUNTIME_DIR': '/run/user/1000', 'DISPLAY': ':0', 'LANG': 'ko_KR.UTF-8', 'XDG_CURRENT_DESKTOP': 'ubuntu:GNOME', 'LC_TELEPHONE': 'en_US.UTF-8', 'XMODIFIERS': '@im=ibus', 'XDG_SESSION_DESKTOP': 'ubuntu', 'XAUTHORITY': '/run/user/1000/.mutter-Xwaylandauth.XT2BS3', 'LS_COLORS': 'rs=0:di=01;34:ln=01;36:mh=00:pi=40;33:so=01;35:do=01;35:bd=40;33;01:cd=40;33;01:or=40;31;01:mi=00:su=37;41:sg=30;43:ca=00:tw=30;42:ow=34;42:st=37;44:ex=01;32:*.tar=01;31:*.tgz=01;31:*.arc=01;31:*.arj=01;31:*.taz=01;31:*.lha=01;31:*.lz4=01;31:*.lzh=01;31:*.lzma=01;31:*.tlz=01;31:*.txz=01;31:*.tzo=01;31:*.t7z=01;31:*.zip=01;31:*.z=01;31:*.dz=01;31:*.gz=01;31:*.lrz=01;31:*.lz=01;31:*.lzo=01;31:*.xz=01;31:*.zst=01;31:*.tzst=01;31:*.bz2=01;31:*.bz=01;31:*.tbz=01;31:*.tbz2=01;31:*.tz=01;31:*.deb=01;31:*.rpm=01;31:*.jar=01;31:*.war=01;31:*.ear=01;31:*.sar=01;31:*.rar=01;31:*.alz=01;31:*.ace=01;31:*.zoo=01;31:*.cpio=01;31:*.7z=01;31:*.rz=01;31:*.cab=01;31:*.wim=01;31:*.swm=01;31:*.dwm=01;31:*.esd=01;31:*.avif=01;35:*.jpg=01;35:*.jpeg=01;35:*.mjpg=01;35:*.mjpeg=01;35:*.gif=01;35:*.bmp=01;35:*.pbm=01;35:*.pgm=01;35:*.ppm=01;35:*.tga=01;35:*.xbm=01;35:*.xpm=01;35:*.tif=01;35:*.tiff=01;35:*.png=01;35:*.svg=01;35:*.svgz=01;35:*.mng=01;35:*.pcx=01;35:*.mov=01;35:*.mpg=01;35:*.mpeg=01;35:*.m2v=01;35:*.mkv=01;35:*.webm=01;35:*.webp=01;35:*.ogm=01;35:*.mp4=01;35:*.m4v=01;35:*.mp4v=01;35:*.vob=01;35:*.qt=01;35:*.nuv=01;35:*.wmv=01;35:*.asf=01;35:*.rm=01;35:*.rmvb=01;35:*.flc=01;35:*.avi=01;35:*.fli=01;35:*.flv=01;35:*.gl=01;35:*.dl=01;35:*.xcf=01;35:*.xwd=01;35:*.yuv=01;35:*.cgm=01;35:*.emf=01;35:*.ogv=01;35:*.ogx=01;35:*.aac=00;36:*.au=00;36:*.flac=00;36:*.m4a=00;36:*.mid=00;36:*.midi=00;36:*.mka=00;36:*.mp3=00;36:*.mpc=00;36:*.ogg=00;36:*.ra=00;36:*.wav=00;36:*.oga=00;36:*.opus=00;36:*.spx=00;36:*.xspf=00;36:*~=00;90:*#=00;90:*.bak=00;90:*.crdownload=00;90:*.dpkg-dist=00;90:*.dpkg-new=00;90:*.dpkg-old=00;90:*.dpkg-tmp=00;90:*.old=00;90:*.orig=00;90:*.part=00;90:*.rej=00;90:*.rpmnew=00;90:*.rpmorig=00;90:*.rpmsave=00;90:*.swp=00;90:*.tmp=00;90:*.ucf-dist=00;90:*.ucf-new=00;90:*.ucf-old=00;90:', 'GNOME_TERMINAL_SERVICE': ':1.181', 'SSH_AUTH_SOCK': '/run/user/1000/keyring/ssh', 'ROS_DOMAIN_ID': '30', 'AMENT_PREFIX_PATH': '/home/csilab/yolo_ws/install/yolo_ros:/home/csilab/yolo_ws/install/yolo_msgs:/home/csilab/turtlebot3_ws/install/dynamixel_sdk_examples:/home/csilab/turtlebot3_ws/install/dynamixel_sdk_custom_interfaces:/home/csilab/turtlebot3_ws/install/dynamixel_sdk:/opt/ros/jazzy', 'SHELL': '/bin/bash', 'LC_NAME': 'en_US.UTF-8', 'QT_ACCESSIBILITY': '1', 'GDMSESSION': 'ubuntu', 'LESSCLOSE': '/usr/bin/lesspipe %s %s', 'LC_MEASUREMENT': 'en_US.UTF-8', 'LC_IDENTIFICATION': 'en_US.UTF-8', 'ROS_AUTOMATIC_DISCOVERY_RANGE': 'SUBNET', 'QT_IM_MODULE': 'ibus', 'PWD': '/home/csilab/yolo_ws/build/yolo_bringup', 'TURTLEBOT3_MODEL': 'burger', 'LC_ALL': 'en_US.UTF-8', 'XDG_CONFIG_DIRS': '/etc/xdg/xdg-ubuntu:/etc/xdg', 'XDG_DATA_DIRS': '/usr/share/ubuntu:/usr/share/gnome:/usr/local/share/:/usr/share/:/var/lib/snapd/desktop', 'LDS_MODEL': 'LDS-02', 'PYTHONPATH': '/home/csilab/yolo_ws/build/yolo_ros:/home/csilab/yolo_ws/install/yolo_ros/lib/python3.12/site-packages:/home/csilab/yolo_ws/install/yolo_msgs/lib/python3.12/site-packages:/home/csilab/turtlebot3_ws/install/dynamixel_sdk_custom_interfaces/lib/python3.12/site-packages:/home/csilab/turtlebot3_ws/install/dynamixel_sdk/lib/python3.12/site-packages:/opt/ros/jazzy/lib/python3.12/site-packages', 'LC_NUMERIC': 'en_US.UTF-8', 'LC_PAPER': 'en_US.UTF-8', 'COLCON': '1', 'MEMORY_PRESSURE_WRITE': 'c29tZSAyMDAwMDAgMjAwMDAwMAA=', 'VTE_VERSION': '7600', 'CMAKE_PREFIX_PATH': '/home/csilab/yolo_ws/install/yolo_msgs:/home/csilab/turtlebot3_ws/install/dynamixel_sdk_examples:/home/csilab/turtlebot3_ws/install/dynamixel_sdk_custom_interfaces:/home/csilab/turtlebot3_ws/install/dynamixel_sdk:/opt/ros/jazzy/opt/gz_sim_vendor:/opt/ros/jazzy/opt/gz_sensors_vendor:/opt/ros/jazzy/opt/gz_physics_vendor:/opt/ros/jazzy/opt/sdformat_vendor:/opt/ros/jazzy/opt/gz_gui_vendor:/opt/ros/jazzy/opt/gz_transport_vendor:/opt/ros/jazzy/opt/gz_rendering_vendor:/opt/ros/jazzy/opt/gz_plugin_vendor:/opt/ros/jazzy/opt/gz_fuel_tools_vendor:/opt/ros/jazzy/opt/gz_msgs_vendor:/opt/ros/jazzy/opt/gz_common_vendor:/opt/ros/jazzy/opt/gz_math_vendor:/opt/ros/jazzy/opt/gz_utils_vendor:/opt/ros/jazzy/opt/gz_tools_vendor:/opt/ros/jazzy/opt/gz_ogre_next_vendor:/opt/ros/jazzy/opt/gz_dartsim_vendor:/opt/ros/jazzy/opt/gz_cmake_vendor:/opt/ros/jazzy'}), 'shell': False}
[16.231944] (yolo_bringup) StdoutLine: {'line': b'-- The C compiler identification is GNU 13.3.0\n'}
[16.242587] (-) TimerEvent: {}
[16.283703] (yolo_bringup) StdoutLine: {'line': b'-- The CXX compiler identification is GNU 13.3.0\n'}
[16.303544] (yolo_bringup) StdoutLine: {'line': b'-- Detecting C compiler ABI info\n'}
[16.342697] (-) TimerEvent: {}
[16.396126] (yolo_bringup) StdoutLine: {'line': b'-- Detecting C compiler ABI info - done\n'}
[16.403054] (yolo_bringup) StdoutLine: {'line': b'-- Check for working C compiler: /usr/bin/cc - skipped\n'}
[16.403317] (yolo_bringup) StdoutLine: {'line': b'-- Detecting C compile features\n'}
[16.403676] (yolo_bringup) StdoutLine: {'line': b'-- Detecting C compile features - done\n'}
[16.413902] (yolo_bringup) StdoutLine: {'line': b'-- Detecting CXX compiler ABI info\n'}
[16.442776] (-) TimerEvent: {}
[16.517071] (yolo_bringup) StdoutLine: {'line': b'-- Detecting CXX compiler ABI info - done\n'}
[16.524094] (yolo_bringup) StdoutLine: {'line': b'-- Check for working CXX compiler: /usr/bin/c++ - skipped\n'}
[16.524402] (yolo_bringup) StdoutLine: {'line': b'-- Detecting CXX compile features\n'}
[16.524630] (yolo_bringup) StdoutLine: {'line': b'-- Detecting CXX compile features - done\n'}
[16.529345] (yolo_bringup) StdoutLine: {'line': b'-- Found ament_cmake: 2.5.6 (/opt/ros/jazzy/share/ament_cmake/cmake)\n'}
[16.542877] (-) TimerEvent: {}
[16.643133] (-) TimerEvent: {}
[16.668801] (yolo_bringup) StdoutLine: {'line': b'-- Found Python3: /usr/bin/python3 (found version "3.12.3") found components: Interpreter \n'}
[16.728272] (yolo_bringup) StdoutLine: {'line': b'-- Override CMake install command with custom implementation using symlinks instead of copying resources\n'}
[16.743238] (-) TimerEvent: {}
[16.843496] (-) TimerEvent: {}
[16.857254] (yolo_bringup) StdoutLine: {'line': b'-- Configuring done (0.7s)\n'}
[16.859915] (yolo_bringup) StdoutLine: {'line': b'-- Generating done (0.0s)\n'}
[16.861123] (yolo_bringup) StdoutLine: {'line': b'-- Build files have been written to: /home/csilab/yolo_ws/build/yolo_bringup\n'}
[16.866397] (yolo_bringup) CommandEnded: {'returncode': 0}
[16.867031] (yolo_bringup) JobProgress: {'identifier': 'yolo_bringup', 'progress': 'build'}
[16.867434] (yolo_bringup) Command: {'cmd': ['/usr/bin/cmake', '--build', '/home/csilab/yolo_ws/build/yolo_bringup', '--', '-j12', '-l12'], 'cwd': '/home/csilab/yolo_ws/build/yolo_bringup', 'env': OrderedDict({'LESSOPEN': '| /usr/bin/lesspipe %s', 'LANGUAGE': 'ko:en', 'USER': 'csilab', 'LC_TIME': 'en_US.UTF-8', 'GZ_CONFIG_PATH': '/opt/ros/jazzy/opt/gz_sim_vendor/share/gz:/opt/ros/jazzy/opt/sdformat_vendor/share/gz:/opt/ros/jazzy/opt/gz_gui_vendor/share/gz:/opt/ros/jazzy/opt/gz_transport_vendor/share/gz:/opt/ros/jazzy/opt/gz_rendering_vendor/share/gz:/opt/ros/jazzy/opt/gz_plugin_vendor/share/gz:/opt/ros/jazzy/opt/gz_fuel_tools_vendor/share/gz:/opt/ros/jazzy/opt/gz_msgs_vendor/share/gz:/opt/ros/jazzy/opt/gz_common_vendor/share/gz', 'XDG_SESSION_TYPE': 'wayland', 'CLUTTER_DISABLE_MIPMAPPED_TEXT': '1', 'SHLVL': '1', 'LD_LIBRARY_PATH': '/home/csilab/yolo_ws/install/yolo_msgs/lib:/home/csilab/turtlebot3_ws/install/dynamixel_sdk_custom_interfaces/lib:/home/csilab/turtlebot3_ws/install/dynamixel_sdk/lib:/opt/ros/jazzy/opt/gz_sim_vendor/lib:/opt/ros/jazzy/opt/gz_sensors_vendor/lib:/opt/ros/jazzy/opt/gz_physics_vendor/lib:/opt/ros/jazzy/opt/sdformat_vendor/lib:/opt/ros/jazzy/opt/rviz_ogre_vendor/lib:/opt/ros/jazzy/lib/x86_64-linux-gnu:/opt/ros/jazzy/opt/gz_gui_vendor/lib:/opt/ros/jazzy/opt/gz_transport_vendor/lib:/opt/ros/jazzy/opt/gz_rendering_vendor/lib:/opt/ros/jazzy/opt/gz_plugin_vendor/lib:/opt/ros/jazzy/opt/gz_fuel_tools_vendor/lib:/opt/ros/jazzy/opt/gz_msgs_vendor/lib:/opt/ros/jazzy/opt/gz_common_vendor/lib:/opt/ros/jazzy/opt/gz_math_vendor/lib:/opt/ros/jazzy/opt/gz_utils_vendor/lib:/opt/ros/jazzy/opt/gz_tools_vendor/lib:/opt/ros/jazzy/opt/gz_ogre_next_vendor/lib:/opt/ros/jazzy/opt/gz_dartsim_vendor/lib:/opt/ros/jazzy/opt/gz_cmake_vendor/lib:/opt/ros/jazzy/lib', 'HOME': '/home/csilab', 'OLDPWD': '/home/csilab/yolo_ws/src/yolo_ros', 'DESKTOP_SESSION': 'ubuntu', 'ROS_PYTHON_VERSION': '3', 'GNOME_SHELL_SESSION_MODE': 'ubuntu', 'GTK_MODULES': 'gail:atk-bridge', 'LC_MONETARY': 'en_US.UTF-8', 'ROS_STATIC_PEERS': '10.8.141.26', 'SYSTEMD_EXEC_PID': '2535', 'GSM_SKIP_SSH_AGENT_WORKAROUND': 'true', 'DBUS_SESSION_BUS_ADDRESS': 'unix:path=/run/user/1000/bus', 'COLORTERM': 'truecolor', 'DEBUGINFOD_URLS': 'https://debuginfod.ubuntu.com', 'IM_CONFIG_PHASE': '1', 'WAYLAND_DISPLAY': 'wayland-0', 'COLCON_PREFIX_PATH': '/home/csilab/turtlebot3_ws/install', 'ROS_DISTRO': 'jazzy', 'LOGNAME': 'csilab', '_': '/usr/bin/colcon', 'ROS_VERSION': '2', 'MEMORY_PRESSURE_WATCH': '/sys/fs/cgroup/user.slice/user-1000.slice/user@1000.service/session.slice/org.gnome.Shell@wayland.service/memory.pressure', 'XDG_SESSION_CLASS': 'user', 'USERNAME': 'csilab', 'TERM': 'xterm-256color', 'GNOME_DESKTOP_SESSION_ID': 'this-is-deprecated', 'ROS_LOCALHOST_ONLY': '0', 'PATH': '/home/csilab/.local/bin:/opt/ros/jazzy/opt/gz_msgs_vendor/bin:/opt/ros/jazzy/opt/gz_tools_vendor/bin:/opt/ros/jazzy/opt/gz_ogre_next_vendor/bin:/opt/ros/jazzy/bin:/home/csilab/.local/bin:/usr/local/sbin:/usr/local/bin:/usr/sbin:/usr/bin:/sbin:/bin:/usr/games:/usr/local/games:/snap/bin:/snap/bin', 'SESSION_MANAGER': 'local/turtle-jeong-pc:@/tmp/.ICE-unix/2504,unix/turtle-jeong-pc:/tmp/.ICE-unix/2504', 'PAPERSIZE': 'letter', 'XDG_MENU_PREFIX': 'gnome-', 'LC_ADDRESS': 'en_US.UTF-8', 'GNOME_TERMINAL_SCREEN': '/org/gnome/Terminal/screen/95e2ff0f_152b_4019_a1da_739bb2262291', 'GNOME_SETUP_DISPLAY': ':1', 'XDG_RUNTIME_DIR': '/run/user/1000', 'DISPLAY': ':0', 'LANG': 'ko_KR.UTF-8', 'XDG_CURRENT_DESKTOP': 'ubuntu:GNOME', 'LC_TELEPHONE': 'en_US.UTF-8', 'XMODIFIERS': '@im=ibus', 'XDG_SESSION_DESKTOP': 'ubuntu', 'XAUTHORITY': '/run/user/1000/.mutter-Xwaylandauth.XT2BS3', 'LS_COLORS': 'rs=0:di=01;34:ln=01;36:mh=00:pi=40;33:so=01;35:do=01;35:bd=40;33;01:cd=40;33;01:or=40;31;01:mi=00:su=37;41:sg=30;43:ca=00:tw=30;42:ow=34;42:st=37;44:ex=01;32:*.tar=01;31:*.tgz=01;31:*.arc=01;31:*.arj=01;31:*.taz=01;31:*.lha=01;31:*.lz4=01;31:*.lzh=01;31:*.lzma=01;31:*.tlz=01;31:*.txz=01;31:*.tzo=01;31:*.t7z=01;31:*.zip=01;31:*.z=01;31:*.dz=01;31:*.gz=01;31:*.lrz=01;31:*.lz=01;31:*.lzo=01;31:*.xz=01;31:*.zst=01;31:*.tzst=01;31:*.bz2=01;31:*.bz=01;31:*.tbz=01;31:*.tbz2=01;31:*.tz=01;31:*.deb=01;31:*.rpm=01;31:*.jar=01;31:*.war=01;31:*.ear=01;31:*.sar=01;31:*.rar=01;31:*.alz=01;31:*.ace=01;31:*.zoo=01;31:*.cpio=01;31:*.7z=01;31:*.rz=01;31:*.cab=01;31:*.wim=01;31:*.swm=01;31:*.dwm=01;31:*.esd=01;31:*.avif=01;35:*.jpg=01;35:*.jpeg=01;35:*.mjpg=01;35:*.mjpeg=01;35:*.gif=01;35:*.bmp=01;35:*.pbm=01;35:*.pgm=01;35:*.ppm=01;35:*.tga=01;35:*.xbm=01;35:*.xpm=01;35:*.tif=01;35:*.tiff=01;35:*.png=01;35:*.svg=01;35:*.svgz=01;35:*.mng=01;35:*.pcx=01;35:*.mov=01;35:*.mpg=01;35:*.mpeg=01;35:*.m2v=01;35:*.mkv=01;35:*.webm=01;35:*.webp=01;35:*.ogm=01;35:*.mp4=01;35:*.m4v=01;35:*.mp4v=01;35:*.vob=01;35:*.qt=01;35:*.nuv=01;35:*.wmv=01;35:*.asf=01;35:*.rm=01;35:*.rmvb=01;35:*.flc=01;35:*.avi=01;35:*.fli=01;35:*.flv=01;35:*.gl=01;35:*.dl=01;35:*.xcf=01;35:*.xwd=01;35:*.yuv=01;35:*.cgm=01;35:*.emf=01;35:*.ogv=01;35:*.ogx=01;35:*.aac=00;36:*.au=00;36:*.flac=00;36:*.m4a=00;36:*.mid=00;36:*.midi=00;36:*.mka=00;36:*.mp3=00;36:*.mpc=00;36:*.ogg=00;36:*.ra=00;36:*.wav=00;36:*.oga=00;36:*.opus=00;36:*.spx=00;36:*.xspf=00;36:*~=00;90:*#=00;90:*.bak=00;90:*.crdownload=00;90:*.dpkg-dist=00;90:*.dpkg-new=00;90:*.dpkg-old=00;90:*.dpkg-tmp=00;90:*.old=00;90:*.orig=00;90:*.part=00;90:*.rej=00;90:*.rpmnew=00;90:*.rpmorig=00;90:*.rpmsave=00;90:*.swp=00;90:*.tmp=00;90:*.ucf-dist=00;90:*.ucf-new=00;90:*.ucf-old=00;90:', 'GNOME_TERMINAL_SERVICE': ':1.181', 'SSH_AUTH_SOCK': '/run/user/1000/keyring/ssh', 'ROS_DOMAIN_ID': '30', 'AMENT_PREFIX_PATH': '/home/csilab/yolo_ws/install/yolo_ros:/home/csilab/yolo_ws/install/yolo_msgs:/home/csilab/turtlebot3_ws/install/dynamixel_sdk_examples:/home/csilab/turtlebot3_ws/install/dynamixel_sdk_custom_interfaces:/home/csilab/turtlebot3_ws/install/dynamixel_sdk:/opt/ros/jazzy', 'SHELL': '/bin/bash', 'LC_NAME': 'en_US.UTF-8', 'QT_ACCESSIBILITY': '1', 'GDMSESSION': 'ubuntu', 'LESSCLOSE': '/usr/bin/lesspipe %s %s', 'LC_MEASUREMENT': 'en_US.UTF-8', 'LC_IDENTIFICATION': 'en_US.UTF-8', 'ROS_AUTOMATIC_DISCOVERY_RANGE': 'SUBNET', 'QT_IM_MODULE': 'ibus', 'PWD': '/home/csilab/yolo_ws/build/yolo_bringup', 'TURTLEBOT3_MODEL': 'burger', 'LC_ALL': 'en_US.UTF-8', 'XDG_CONFIG_DIRS': '/etc/xdg/xdg-ubuntu:/etc/xdg', 'XDG_DATA_DIRS': '/usr/share/ubuntu:/usr/share/gnome:/usr/local/share/:/usr/share/:/var/lib/snapd/desktop', 'LDS_MODEL': 'LDS-02', 'PYTHONPATH': '/home/csilab/yolo_ws/build/yolo_ros:/home/csilab/yolo_ws/install/yolo_ros/lib/python3.12/site-packages:/home/csilab/yolo_ws/install/yolo_msgs/lib/python3.12/site-packages:/home/csilab/turtlebot3_ws/install/dynamixel_sdk_custom_interfaces/lib/python3.12/site-packages:/home/csilab/turtlebot3_ws/install/dynamixel_sdk/lib/python3.12/site-packages:/opt/ros/jazzy/lib/python3.12/site-packages', 'LC_NUMERIC': 'en_US.UTF-8', 'LC_PAPER': 'en_US.UTF-8', 'COLCON': '1', 'MEMORY_PRESSURE_WRITE': 'c29tZSAyMDAwMDAgMjAwMDAwMAA=', 'VTE_VERSION': '7600', 'CMAKE_PREFIX_PATH': '/home/csilab/yolo_ws/install/yolo_msgs:/home/csilab/turtlebot3_ws/install/dynamixel_sdk_examples:/home/csilab/turtlebot3_ws/install/dynamixel_sdk_custom_interfaces:/home/csilab/turtlebot3_ws/install/dynamixel_sdk:/opt/ros/jazzy/opt/gz_sim_vendor:/opt/ros/jazzy/opt/gz_sensors_vendor:/opt/ros/jazzy/opt/gz_physics_vendor:/opt/ros/jazzy/opt/sdformat_vendor:/opt/ros/jazzy/opt/gz_gui_vendor:/opt/ros/jazzy/opt/gz_transport_vendor:/opt/ros/jazzy/opt/gz_rendering_vendor:/opt/ros/jazzy/opt/gz_plugin_vendor:/opt/ros/jazzy/opt/gz_fuel_tools_vendor:/opt/ros/jazzy/opt/gz_msgs_vendor:/opt/ros/jazzy/opt/gz_common_vendor:/opt/ros/jazzy/opt/gz_math_vendor:/opt/ros/jazzy/opt/gz_utils_vendor:/opt/ros/jazzy/opt/gz_tools_vendor:/opt/ros/jazzy/opt/gz_ogre_next_vendor:/opt/ros/jazzy/opt/gz_dartsim_vendor:/opt/ros/jazzy/opt/gz_cmake_vendor:/opt/ros/jazzy'}), 'shell': False}
[16.911544] (yolo_bringup) CommandEnded: {'returncode': 0}
[16.912188] (yolo_bringup) JobProgress: {'identifier': 'yolo_bringup', 'progress': 'install'}
[16.912420] (yolo_bringup) Command: {'cmd': ['/usr/bin/cmake', '--install', '/home/csilab/yolo_ws/build/yolo_bringup'], 'cwd': '/home/csilab/yolo_ws/build/yolo_bringup', 'env': OrderedDict({'LESSOPEN': '| /usr/bin/lesspipe %s', 'LANGUAGE': 'ko:en', 'USER': 'csilab', 'LC_TIME': 'en_US.UTF-8', 'GZ_CONFIG_PATH': '/opt/ros/jazzy/opt/gz_sim_vendor/share/gz:/opt/ros/jazzy/opt/sdformat_vendor/share/gz:/opt/ros/jazzy/opt/gz_gui_vendor/share/gz:/opt/ros/jazzy/opt/gz_transport_vendor/share/gz:/opt/ros/jazzy/opt/gz_rendering_vendor/share/gz:/opt/ros/jazzy/opt/gz_plugin_vendor/share/gz:/opt/ros/jazzy/opt/gz_fuel_tools_vendor/share/gz:/opt/ros/jazzy/opt/gz_msgs_vendor/share/gz:/opt/ros/jazzy/opt/gz_common_vendor/share/gz', 'XDG_SESSION_TYPE': 'wayland', 'CLUTTER_DISABLE_MIPMAPPED_TEXT': '1', 'SHLVL': '1', 'LD_LIBRARY_PATH': '/home/csilab/yolo_ws/install/yolo_msgs/lib:/home/csilab/turtlebot3_ws/install/dynamixel_sdk_custom_interfaces/lib:/home/csilab/turtlebot3_ws/install/dynamixel_sdk/lib:/opt/ros/jazzy/opt/gz_sim_vendor/lib:/opt/ros/jazzy/opt/gz_sensors_vendor/lib:/opt/ros/jazzy/opt/gz_physics_vendor/lib:/opt/ros/jazzy/opt/sdformat_vendor/lib:/opt/ros/jazzy/opt/rviz_ogre_vendor/lib:/opt/ros/jazzy/lib/x86_64-linux-gnu:/opt/ros/jazzy/opt/gz_gui_vendor/lib:/opt/ros/jazzy/opt/gz_transport_vendor/lib:/opt/ros/jazzy/opt/gz_rendering_vendor/lib:/opt/ros/jazzy/opt/gz_plugin_vendor/lib:/opt/ros/jazzy/opt/gz_fuel_tools_vendor/lib:/opt/ros/jazzy/opt/gz_msgs_vendor/lib:/opt/ros/jazzy/opt/gz_common_vendor/lib:/opt/ros/jazzy/opt/gz_math_vendor/lib:/opt/ros/jazzy/opt/gz_utils_vendor/lib:/opt/ros/jazzy/opt/gz_tools_vendor/lib:/opt/ros/jazzy/opt/gz_ogre_next_vendor/lib:/opt/ros/jazzy/opt/gz_dartsim_vendor/lib:/opt/ros/jazzy/opt/gz_cmake_vendor/lib:/opt/ros/jazzy/lib', 'HOME': '/home/csilab', 'OLDPWD': '/home/csilab/yolo_ws/src/yolo_ros', 'DESKTOP_SESSION': 'ubuntu', 'ROS_PYTHON_VERSION': '3', 'GNOME_SHELL_SESSION_MODE': 'ubuntu', 'GTK_MODULES': 'gail:atk-bridge', 'LC_MONETARY': 'en_US.UTF-8', 'ROS_STATIC_PEERS': '10.8.141.26', 'SYSTEMD_EXEC_PID': '2535', 'GSM_SKIP_SSH_AGENT_WORKAROUND': 'true', 'DBUS_SESSION_BUS_ADDRESS': 'unix:path=/run/user/1000/bus', 'COLORTERM': 'truecolor', 'DEBUGINFOD_URLS': 'https://debuginfod.ubuntu.com', 'IM_CONFIG_PHASE': '1', 'WAYLAND_DISPLAY': 'wayland-0', 'COLCON_PREFIX_PATH': '/home/csilab/turtlebot3_ws/install', 'ROS_DISTRO': 'jazzy', 'LOGNAME': 'csilab', '_': '/usr/bin/colcon', 'ROS_VERSION': '2', 'MEMORY_PRESSURE_WATCH': '/sys/fs/cgroup/user.slice/user-1000.slice/user@1000.service/session.slice/org.gnome.Shell@wayland.service/memory.pressure', 'XDG_SESSION_CLASS': 'user', 'USERNAME': 'csilab', 'TERM': 'xterm-256color', 'GNOME_DESKTOP_SESSION_ID': 'this-is-deprecated', 'ROS_LOCALHOST_ONLY': '0', 'PATH': '/home/csilab/.local/bin:/opt/ros/jazzy/opt/gz_msgs_vendor/bin:/opt/ros/jazzy/opt/gz_tools_vendor/bin:/opt/ros/jazzy/opt/gz_ogre_next_vendor/bin:/opt/ros/jazzy/bin:/home/csilab/.local/bin:/usr/local/sbin:/usr/local/bin:/usr/sbin:/usr/bin:/sbin:/bin:/usr/games:/usr/local/games:/snap/bin:/snap/bin', 'SESSION_MANAGER': 'local/turtle-jeong-pc:@/tmp/.ICE-unix/2504,unix/turtle-jeong-pc:/tmp/.ICE-unix/2504', 'PAPERSIZE': 'letter', 'XDG_MENU_PREFIX': 'gnome-', 'LC_ADDRESS': 'en_US.UTF-8', 'GNOME_TERMINAL_SCREEN': '/org/gnome/Terminal/screen/95e2ff0f_152b_4019_a1da_739bb2262291', 'GNOME_SETUP_DISPLAY': ':1', 'XDG_RUNTIME_DIR': '/run/user/1000', 'DISPLAY': ':0', 'LANG': 'ko_KR.UTF-8', 'XDG_CURRENT_DESKTOP': 'ubuntu:GNOME', 'LC_TELEPHONE': 'en_US.UTF-8', 'XMODIFIERS': '@im=ibus', 'XDG_SESSION_DESKTOP': 'ubuntu', 'XAUTHORITY': '/run/user/1000/.mutter-Xwaylandauth.XT2BS3', 'LS_COLORS': 'rs=0:di=01;34:ln=01;36:mh=00:pi=40;33:so=01;35:do=01;35:bd=40;33;01:cd=40;33;01:or=40;31;01:mi=00:su=37;41:sg=30;43:ca=00:tw=30;42:ow=34;42:st=37;44:ex=01;32:*.tar=01;31:*.tgz=01;31:*.arc=01;31:*.arj=01;31:*.taz=01;31:*.lha=01;31:*.lz4=01;31:*.lzh=01;31:*.lzma=01;31:*.tlz=01;31:*.txz=01;31:*.tzo=01;31:*.t7z=01;31:*.zip=01;31:*.z=01;31:*.dz=01;31:*.gz=01;31:*.lrz=01;31:*.lz=01;31:*.lzo=01;31:*.xz=01;31:*.zst=01;31:*.tzst=01;31:*.bz2=01;31:*.bz=01;31:*.tbz=01;31:*.tbz2=01;31:*.tz=01;31:*.deb=01;31:*.rpm=01;31:*.jar=01;31:*.war=01;31:*.ear=01;31:*.sar=01;31:*.rar=01;31:*.alz=01;31:*.ace=01;31:*.zoo=01;31:*.cpio=01;31:*.7z=01;31:*.rz=01;31:*.cab=01;31:*.wim=01;31:*.swm=01;31:*.dwm=01;31:*.esd=01;31:*.avif=01;35:*.jpg=01;35:*.jpeg=01;35:*.mjpg=01;35:*.mjpeg=01;35:*.gif=01;35:*.bmp=01;35:*.pbm=01;35:*.pgm=01;35:*.ppm=01;35:*.tga=01;35:*.xbm=01;35:*.xpm=01;35:*.tif=01;35:*.tiff=01;35:*.png=01;35:*.svg=01;35:*.svgz=01;35:*.mng=01;35:*.pcx=01;35:*.mov=01;35:*.mpg=01;35:*.mpeg=01;35:*.m2v=01;35:*.mkv=01;35:*.webm=01;35:*.webp=01;35:*.ogm=01;35:*.mp4=01;35:*.m4v=01;35:*.mp4v=01;35:*.vob=01;35:*.qt=01;35:*.nuv=01;35:*.wmv=01;35:*.asf=01;35:*.rm=01;35:*.rmvb=01;35:*.flc=01;35:*.avi=01;35:*.fli=01;35:*.flv=01;35:*.gl=01;35:*.dl=01;35:*.xcf=01;35:*.xwd=01;35:*.yuv=01;35:*.cgm=01;35:*.emf=01;35:*.ogv=01;35:*.ogx=01;35:*.aac=00;36:*.au=00;36:*.flac=00;36:*.m4a=00;36:*.mid=00;36:*.midi=00;36:*.mka=00;36:*.mp3=00;36:*.mpc=00;36:*.ogg=00;36:*.ra=00;36:*.wav=00;36:*.oga=00;36:*.opus=00;36:*.spx=00;36:*.xspf=00;36:*~=00;90:*#=00;90:*.bak=00;90:*.crdownload=00;90:*.dpkg-dist=00;90:*.dpkg-new=00;90:*.dpkg-old=00;90:*.dpkg-tmp=00;90:*.old=00;90:*.orig=00;90:*.part=00;90:*.rej=00;90:*.rpmnew=00;90:*.rpmorig=00;90:*.rpmsave=00;90:*.swp=00;90:*.tmp=00;90:*.ucf-dist=00;90:*.ucf-new=00;90:*.ucf-old=00;90:', 'GNOME_TERMINAL_SERVICE': ':1.181', 'SSH_AUTH_SOCK': '/run/user/1000/keyring/ssh', 'ROS_DOMAIN_ID': '30', 'AMENT_PREFIX_PATH': '/home/csilab/yolo_ws/install/yolo_ros:/home/csilab/yolo_ws/install/yolo_msgs:/home/csilab/turtlebot3_ws/install/dynamixel_sdk_examples:/home/csilab/turtlebot3_ws/install/dynamixel_sdk_custom_interfaces:/home/csilab/turtlebot3_ws/install/dynamixel_sdk:/opt/ros/jazzy', 'SHELL': '/bin/bash', 'LC_NAME': 'en_US.UTF-8', 'QT_ACCESSIBILITY': '1', 'GDMSESSION': 'ubuntu', 'LESSCLOSE': '/usr/bin/lesspipe %s %s', 'LC_MEASUREMENT': 'en_US.UTF-8', 'LC_IDENTIFICATION': 'en_US.UTF-8', 'ROS_AUTOMATIC_DISCOVERY_RANGE': 'SUBNET', 'QT_IM_MODULE': 'ibus', 'PWD': '/home/csilab/yolo_ws/build/yolo_bringup', 'TURTLEBOT3_MODEL': 'burger', 'LC_ALL': 'en_US.UTF-8', 'XDG_CONFIG_DIRS': '/etc/xdg/xdg-ubuntu:/etc/xdg', 'XDG_DATA_DIRS': '/usr/share/ubuntu:/usr/share/gnome:/usr/local/share/:/usr/share/:/var/lib/snapd/desktop', 'LDS_MODEL': 'LDS-02', 'PYTHONPATH': '/home/csilab/yolo_ws/build/yolo_ros:/home/csilab/yolo_ws/install/yolo_ros/lib/python3.12/site-packages:/home/csilab/yolo_ws/install/yolo_msgs/lib/python3.12/site-packages:/home/csilab/turtlebot3_ws/install/dynamixel_sdk_custom_interfaces/lib/python3.12/site-packages:/home/csilab/turtlebot3_ws/install/dynamixel_sdk/lib/python3.12/site-packages:/opt/ros/jazzy/lib/python3.12/site-packages', 'LC_NUMERIC': 'en_US.UTF-8', 'LC_PAPER': 'en_US.UTF-8', 'COLCON': '1', 'MEMORY_PRESSURE_WRITE': 'c29tZSAyMDAwMDAgMjAwMDAwMAA=', 'VTE_VERSION': '7600', 'CMAKE_PREFIX_PATH': '/home/csilab/yolo_ws/install/yolo_msgs:/home/csilab/turtlebot3_ws/install/dynamixel_sdk_examples:/home/csilab/turtlebot3_ws/install/dynamixel_sdk_custom_interfaces:/home/csilab/turtlebot3_ws/install/dynamixel_sdk:/opt/ros/jazzy/opt/gz_sim_vendor:/opt/ros/jazzy/opt/gz_sensors_vendor:/opt/ros/jazzy/opt/gz_physics_vendor:/opt/ros/jazzy/opt/sdformat_vendor:/opt/ros/jazzy/opt/gz_gui_vendor:/opt/ros/jazzy/opt/gz_transport_vendor:/opt/ros/jazzy/opt/gz_rendering_vendor:/opt/ros/jazzy/opt/gz_plugin_vendor:/opt/ros/jazzy/opt/gz_fuel_tools_vendor:/opt/ros/jazzy/opt/gz_msgs_vendor:/opt/ros/jazzy/opt/gz_common_vendor:/opt/ros/jazzy/opt/gz_math_vendor:/opt/ros/jazzy/opt/gz_utils_vendor:/opt/ros/jazzy/opt/gz_tools_vendor:/opt/ros/jazzy/opt/gz_ogre_next_vendor:/opt/ros/jazzy/opt/gz_dartsim_vendor:/opt/ros/jazzy/opt/gz_cmake_vendor:/opt/ros/jazzy'}), 'shell': False}
[16.920859] (yolo_bringup) StdoutLine: {'line': b'-- Install configuration: ""\n'}
[16.921215] (yolo_bringup) StdoutLine: {'line': b'-- Execute custom install script\n'}
[16.921706] (yolo_bringup) StdoutLine: {'line': b'-- Symlinking: /home/csilab/yolo_ws/install/yolo_bringup/share/yolo_bringup//launch/yolo-world.launch.py\n'}
[16.931296] (yolo_bringup) StdoutLine: {'line': b'-- Symlinking: /home/csilab/yolo_ws/install/yolo_bringup/share/yolo_bringup//launch/yolo.launch.py\n'}
[16.940981] (yolo_bringup) StdoutLine: {'line': b'-- Symlinking: /home/csilab/yolo_ws/install/yolo_bringup/share/yolo_bringup//launch/yoloe.launch.py\n'}
[16.943594] (-) TimerEvent: {}
[16.951539] (yolo_bringup) StdoutLine: {'line': b'-- Symlinking: /home/csilab/yolo_ws/install/yolo_bringup/share/yolo_bringup//launch/yolov10.launch.py\n'}
[16.961346] (yolo_bringup) StdoutLine: {'line': b'-- Symlinking: /home/csilab/yolo_ws/install/yolo_bringup/share/yolo_bringup//launch/yolov11.launch.py\n'}
[16.972413] (yolo_bringup) StdoutLine: {'line': b'-- Symlinking: /home/csilab/yolo_ws/install/yolo_bringup/share/yolo_bringup//launch/yolov12.launch.py\n'}
[16.981153] (yolo_bringup) StdoutLine: {'line': b'-- Symlinking: /home/csilab/yolo_ws/install/yolo_bringup/share/yolo_bringup//launch/yolov26.launch.py\n'}
[16.990757] (yolo_bringup) StdoutLine: {'line': b'-- Symlinking: /home/csilab/yolo_ws/install/yolo_bringup/share/yolo_bringup//launch/yolov5.launch.py\n'}
[17.001180] (yolo_bringup) StdoutLine: {'line': b'-- Symlinking: /home/csilab/yolo_ws/install/yolo_bringup/share/yolo_bringup//launch/yolov8.launch.py\n'}
[17.011073] (yolo_bringup) StdoutLine: {'line': b'-- Symlinking: /home/csilab/yolo_ws/install/yolo_bringup/share/yolo_bringup//launch/yolov9.launch.py\n'}
[17.019931] (yolo_bringup) StdoutLine: {'line': b'-- Symlinking: /home/csilab/yolo_ws/install/yolo_bringup/share/ament_index/resource_index/package_run_dependencies/yolo_bringup\n'}
[17.030142] (yolo_bringup) StdoutLine: {'line': b'-- Symlinking: /home/csilab/yolo_ws/install/yolo_bringup/share/ament_index/resource_index/parent_prefix_path/yolo_bringup\n'}
[17.039783] (yolo_bringup) StdoutLine: {'line': b'-- Symlinking: /home/csilab/yolo_ws/install/yolo_bringup/share/yolo_bringup/environment/ament_prefix_path.sh\n'}
[17.043699] (-) TimerEvent: {}
[17.050101] (yolo_bringup) StdoutLine: {'line': b'-- Symlinking: /home/csilab/yolo_ws/install/yolo_bringup/share/yolo_bringup/environment/ament_prefix_path.dsv\n'}
[17.059414] (yolo_bringup) StdoutLine: {'line': b'-- Symlinking: /home/csilab/yolo_ws/install/yolo_bringup/share/yolo_bringup/environment/path.sh\n'}
[17.068531] (yolo_bringup) StdoutLine: {'line': b'-- Symlinking: /home/csilab/yolo_ws/install/yolo_bringup/share/yolo_bringup/environment/path.dsv\n'}
[17.077159] (yolo_bringup) StdoutLine: {'line': b'-- Symlinking: /home/csilab/yolo_ws/install/yolo_bringup/share/yolo_bringup/local_setup.bash\n'}
[17.086722] (yolo_bringup) StdoutLine: {'line': b'-- Symlinking: /home/csilab/yolo_ws/install/yolo_bringup/share/yolo_bringup/local_setup.sh\n'}
[17.096329] (yolo_bringup) StdoutLine: {'line': b'-- Symlinking: /home/csilab/yolo_ws/install/yolo_bringup/share/yolo_bringup/local_setup.zsh\n'}
[17.105735] (yolo_bringup) StdoutLine: {'line': b'-- Symlinking: /home/csilab/yolo_ws/install/yolo_bringup/share/yolo_bringup/local_setup.dsv\n'}
[17.114849] (yolo_bringup) StdoutLine: {'line': b'-- Symlinking: /home/csilab/yolo_ws/install/yolo_bringup/share/yolo_bringup/package.dsv\n'}
[17.125580] (yolo_bringup) StdoutLine: {'line': b'-- Symlinking: /home/csilab/yolo_ws/install/yolo_bringup/share/ament_index/resource_index/packages/yolo_bringup\n'}
[17.135248] (yolo_bringup) StdoutLine: {'line': b'-- Symlinking: /home/csilab/yolo_ws/install/yolo_bringup/share/yolo_bringup/cmake/yolo_bringupConfig.cmake\n'}
[17.143815] (-) TimerEvent: {}
[17.144069] (yolo_bringup) StdoutLine: {'line': b'-- Symlinking: /home/csilab/yolo_ws/install/yolo_bringup/share/yolo_bringup/cmake/yolo_bringupConfig-version.cmake\n'}
[17.154171] (yolo_bringup) StdoutLine: {'line': b'-- Symlinking: /home/csilab/yolo_ws/install/yolo_bringup/share/yolo_bringup/package.xml\n'}
[17.166155] (yolo_bringup) CommandEnded: {'returncode': 0}
[17.174115] (yolo_bringup) JobEnded: {'identifier': 'yolo_bringup', 'rc': 0}
[17.174936] (-) EventReactorShutdown: {}
