[0.000000] (-) TimerEvent: {}
[0.000201] (dynamixel_sdk) JobQueued: {'identifier': 'dynamixel_sdk', 'dependencies': OrderedDict()}
[0.000322] (dynamixel_sdk_custom_interfaces) JobQueued: {'identifier': 'dynamixel_sdk_custom_interfaces', 'dependencies': OrderedDict()}
[0.000354] (dynamixel_sdk_examples) JobQueued: {'identifier': 'dynamixel_sdk_examples', 'dependencies': OrderedDict({'dynamixel_sdk': '/home/csilab/turtlebot3_ws/install/dynamixel_sdk', 'dynamixel_sdk_custom_interfaces': '/home/csilab/turtlebot3_ws/install/dynamixel_sdk_custom_interfaces'})}
[0.000394] (dynamixel_sdk) JobStarted: {'identifier': 'dynamixel_sdk'}
[0.009233] (dynamixel_sdk) JobProgress: {'identifier': 'dynamixel_sdk', 'progress': 'cmake'}
[0.009609] (dynamixel_sdk) Command: {'cmd': ['/usr/bin/cmake', '/home/csilab/turtlebot3_ws/src/DynamixelSDK/ros/dynamixel_sdk', '-DAMENT_CMAKE_SYMLINK_INSTALL=1', '-DCMAKE_INSTALL_PREFIX=/home/csilab/turtlebot3_ws/install/dynamixel_sdk'], 'cwd': '/home/csilab/turtlebot3_ws/build/dynamixel_sdk', 'env': OrderedDict({'LESSOPEN': '| /usr/bin/lesspipe %s', 'LANGUAGE': 'ko:en', 'USER': 'csilab', 'LC_TIME': 'en_US.UTF-8', 'GZ_CONFIG_PATH': '/opt/ros/jazzy/opt/gz_sim_vendor/share/gz:/opt/ros/jazzy/opt/sdformat_vendor/share/gz:/opt/ros/jazzy/opt/gz_gui_vendor/share/gz:/opt/ros/jazzy/opt/gz_transport_vendor/share/gz:/opt/ros/jazzy/opt/gz_rendering_vendor/share/gz:/opt/ros/jazzy/opt/gz_plugin_vendor/share/gz:/opt/ros/jazzy/opt/gz_fuel_tools_vendor/share/gz:/opt/ros/jazzy/opt/gz_msgs_vendor/share/gz:/opt/ros/jazzy/opt/gz_common_vendor/share/gz', 'XDG_SESSION_TYPE': 'wayland', 'CLUTTER_DISABLE_MIPMAPPED_TEXT': '1', 'SHLVL': '1', 'LD_LIBRARY_PATH': '/home/csilab/turtlebot3_ws/install/dynamixel_sdk_custom_interfaces/lib:/home/csilab/turtlebot3_ws/install/dynamixel_sdk/lib:/opt/ros/jazzy/opt/gz_sim_vendor/lib:/opt/ros/jazzy/opt/gz_sensors_vendor/lib:/opt/ros/jazzy/opt/gz_physics_vendor/lib:/opt/ros/jazzy/opt/sdformat_vendor/lib:/opt/ros/jazzy/opt/rviz_ogre_vendor/lib:/opt/ros/jazzy/lib/x86_64-linux-gnu:/opt/ros/jazzy/opt/gz_gui_vendor/lib:/opt/ros/jazzy/opt/gz_transport_vendor/lib:/opt/ros/jazzy/opt/gz_rendering_vendor/lib:/opt/ros/jazzy/opt/gz_plugin_vendor/lib:/opt/ros/jazzy/opt/gz_fuel_tools_vendor/lib:/opt/ros/jazzy/opt/gz_msgs_vendor/lib:/opt/ros/jazzy/opt/gz_common_vendor/lib:/opt/ros/jazzy/opt/gz_math_vendor/lib:/opt/ros/jazzy/opt/gz_utils_vendor/lib:/opt/ros/jazzy/opt/gz_tools_vendor/lib:/opt/ros/jazzy/opt/gz_ogre_next_vendor/lib:/opt/ros/jazzy/opt/gz_dartsim_vendor/lib:/opt/ros/jazzy/opt/gz_cmake_vendor/lib:/opt/ros/jazzy/lib', 'HOME': '/home/csilab', 'OLDPWD': '/home/csilab', 'DESKTOP_SESSION': 'ubuntu', 'ROS_PYTHON_VERSION': '3', 'GNOME_SHELL_SESSION_MODE': 'ubuntu', 'GTK_MODULES': 'gail:atk-bridge', 'LC_MONETARY': 'en_US.UTF-8', 'SYSTEMD_EXEC_PID': '2982', 'GSM_SKIP_SSH_AGENT_WORKAROUND': 'true', 'DBUS_SESSION_BUS_ADDRESS': 'unix:path=/run/user/1000/bus', 'COLORTERM': 'truecolor', 'DEBUGINFOD_URLS': 'https://debuginfod.ubuntu.com', 'IM_CONFIG_PHASE': '1', 'WAYLAND_DISPLAY': 'wayland-0', 'COLCON_PREFIX_PATH': '/home/csilab/turtlebot3_ws/install', 'ROS_DISTRO': 'jazzy', 'LOGNAME': 'csilab', '_': '/usr/bin/colcon', 'ROS_VERSION': '2', 'MEMORY_PRESSURE_WATCH': '/sys/fs/cgroup/user.slice/user-1000.slice/user@1000.service/session.slice/org.gnome.Shell@wayland.service/memory.pressure', 'XDG_SESSION_CLASS': 'user', 'USERNAME': 'csilab', 'TERM': 'xterm-256color', 'GNOME_DESKTOP_SESSION_ID': 'this-is-deprecated', 'ROS_LOCALHOST_ONLY': '0', 'PATH': '/opt/ros/jazzy/opt/gz_msgs_vendor/bin:/opt/ros/jazzy/opt/gz_tools_vendor/bin:/opt/ros/jazzy/opt/gz_ogre_next_vendor/bin:/opt/ros/jazzy/bin:/home/csilab/.local/bin:/usr/local/sbin:/usr/local/bin:/usr/sbin:/usr/bin:/sbin:/bin:/usr/games:/usr/local/games:/snap/bin:/snap/bin', 'SESSION_MANAGER': 'local/turtle-jeong:@/tmp/.ICE-unix/2949,unix/turtle-jeong:/tmp/.ICE-unix/2949', 'PAPERSIZE': 'letter', 'XDG_MENU_PREFIX': 'gnome-', 'LC_ADDRESS': 'en_US.UTF-8', 'GNOME_TERMINAL_SCREEN': '/org/gnome/Terminal/screen/2f4e7b85_68a8_4b0b_822e_d2ca6887dc44', 'GNOME_SETUP_DISPLAY': ':1', 'XDG_RUNTIME_DIR': '/run/user/1000', 'DISPLAY': ':0', 'LANG': 'ko_KR.UTF-8', 'XDG_CURRENT_DESKTOP': 'ubuntu:GNOME', 'LC_TELEPHONE': 'en_US.UTF-8', 'XMODIFIERS': '@im=ibus', 'XDG_SESSION_DESKTOP': 'ubuntu', 'XAUTHORITY': '/run/user/1000/.mutter-Xwaylandauth.FV4ZR3', 'LS_COLORS': 'rs=0:di=01;34:ln=01;36:mh=00:pi=40;33:so=01;35:do=01;35:bd=40;33;01:cd=40;33;01:or=40;31;01:mi=00:su=37;41:sg=30;43:ca=00:tw=30;42:ow=34;42:st=37;44:ex=01;32:*.tar=01;31:*.tgz=01;31:*.arc=01;31:*.arj=01;31:*.taz=01;31:*.lha=01;31:*.lz4=01;31:*.lzh=01;31:*.lzma=01;31:*.tlz=01;31:*.txz=01;31:*.tzo=01;31:*.t7z=01;31:*.zip=01;31:*.z=01;31:*.dz=01;31:*.gz=01;31:*.lrz=01;31:*.lz=01;31:*.lzo=01;31:*.xz=01;31:*.zst=01;31:*.tzst=01;31:*.bz2=01;31:*.bz=01;31:*.tbz=01;31:*.tbz2=01;31:*.tz=01;31:*.deb=01;31:*.rpm=01;31:*.jar=01;31:*.war=01;31:*.ear=01;31:*.sar=01;31:*.rar=01;31:*.alz=01;31:*.ace=01;31:*.zoo=01;31:*.cpio=01;31:*.7z=01;31:*.rz=01;31:*.cab=01;31:*.wim=01;31:*.swm=01;31:*.dwm=01;31:*.esd=01;31:*.avif=01;35:*.jpg=01;35:*.jpeg=01;35:*.mjpg=01;35:*.mjpeg=01;35:*.gif=01;35:*.bmp=01;35:*.pbm=01;35:*.pgm=01;35:*.ppm=01;35:*.tga=01;35:*.xbm=01;35:*.xpm=01;35:*.tif=01;35:*.tiff=01;35:*.png=01;35:*.svg=01;35:*.svgz=01;35:*.mng=01;35:*.pcx=01;35:*.mov=01;35:*.mpg=01;35:*.mpeg=01;35:*.m2v=01;35:*.mkv=01;35:*.webm=01;35:*.webp=01;35:*.ogm=01;35:*.mp4=01;35:*.m4v=01;35:*.mp4v=01;35:*.vob=01;35:*.qt=01;35:*.nuv=01;35:*.wmv=01;35:*.asf=01;35:*.rm=01;35:*.rmvb=01;35:*.flc=01;35:*.avi=01;35:*.fli=01;35:*.flv=01;35:*.gl=01;35:*.dl=01;35:*.xcf=01;35:*.xwd=01;35:*.yuv=01;35:*.cgm=01;35:*.emf=01;35:*.ogv=01;35:*.ogx=01;35:*.aac=00;36:*.au=00;36:*.flac=00;36:*.m4a=00;36:*.mid=00;36:*.midi=00;36:*.mka=00;36:*.mp3=00;36:*.mpc=00;36:*.ogg=00;36:*.ra=00;36:*.wav=00;36:*.oga=00;36:*.opus=00;36:*.spx=00;36:*.xspf=00;36:*~=00;90:*#=00;90:*.bak=00;90:*.crdownload=00;90:*.dpkg-dist=00;90:*.dpkg-new=00;90:*.dpkg-old=00;90:*.dpkg-tmp=00;90:*.old=00;90:*.orig=00;90:*.part=00;90:*.rej=00;90:*.rpmnew=00;90:*.rpmorig=00;90:*.rpmsave=00;90:*.swp=00;90:*.tmp=00;90:*.ucf-dist=00;90:*.ucf-new=00;90:*.ucf-old=00;90:', 'GNOME_TERMINAL_SERVICE': ':1.12184', 'SSH_AUTH_SOCK': '/run/user/1000/keyring/ssh', 'ROS_DOMAIN_ID': '30', 'AMENT_PREFIX_PATH': '/opt/ros/jazzy', 'SHELL': '/bin/bash', 'LC_NAME': 'en_US.UTF-8', 'QT_ACCESSIBILITY': '1', 'GDMSESSION': 'ubuntu', 'LESSCLOSE': '/usr/bin/lesspipe %s %s', 'LC_MEASUREMENT': 'en_US.UTF-8', 'LC_IDENTIFICATION': 'en_US.UTF-8', 'ROS_AUTOMATIC_DISCOVERY_RANGE': 'SUBNET', 'QT_IM_MODULE': 'ibus', 'PWD': '/home/csilab/turtlebot3_ws/build/dynamixel_sdk', 'LC_ALL': 'en_US.UTF-8', 'XDG_CONFIG_DIRS': '/etc/xdg/xdg-ubuntu:/etc/xdg', 'XDG_DATA_DIRS': '/usr/share/ubuntu:/usr/share/gnome:/usr/local/share/:/usr/share/:/var/lib/snapd/desktop', 'LDS_MODEL': 'LDS-02', 'PYTHONPATH': '/home/csilab/turtlebot3_ws/install/dynamixel_sdk_custom_interfaces/lib/python3.12/site-packages:/home/csilab/turtlebot3_ws/install/dynamixel_sdk/lib/python3.12/site-packages:/opt/ros/jazzy/lib/python3.12/site-packages', 'LC_NUMERIC': 'en_US.UTF-8', 'LC_PAPER': 'en_US.UTF-8', 'COLCON': '1', 'MEMORY_PRESSURE_WRITE': 'c29tZSAyMDAwMDAgMjAwMDAwMAA=', 'VTE_VERSION': '7600', 'CMAKE_PREFIX_PATH': '/home/csilab/turtlebot3_ws/install/dynamixel_sdk_examples:/home/csilab/turtlebot3_ws/install/dynamixel_sdk_custom_interfaces:/home/csilab/turtlebot3_ws/install/dynamixel_sdk:/opt/ros/jazzy/opt/gz_sim_vendor:/opt/ros/jazzy/opt/gz_sensors_vendor:/opt/ros/jazzy/opt/gz_physics_vendor:/opt/ros/jazzy/opt/sdformat_vendor:/opt/ros/jazzy/opt/gz_gui_vendor:/opt/ros/jazzy/opt/gz_transport_vendor:/opt/ros/jazzy/opt/gz_rendering_vendor:/opt/ros/jazzy/opt/gz_plugin_vendor:/opt/ros/jazzy/opt/gz_fuel_tools_vendor:/opt/ros/jazzy/opt/gz_msgs_vendor:/opt/ros/jazzy/opt/gz_common_vendor:/opt/ros/jazzy/opt/gz_math_vendor:/opt/ros/jazzy/opt/gz_utils_vendor:/opt/ros/jazzy/opt/gz_tools_vendor:/opt/ros/jazzy/opt/gz_ogre_next_vendor:/opt/ros/jazzy/opt/gz_dartsim_vendor:/opt/ros/jazzy/opt/gz_cmake_vendor:/opt/ros/jazzy'}), 'shell': False}
[0.099271] (-) TimerEvent: {}
[0.133533] (dynamixel_sdk) StdoutLine: {'line': b'-- The C compiler identification is GNU 13.3.0\n'}
[0.199330] (-) TimerEvent: {}
[0.227446] (dynamixel_sdk) StdoutLine: {'line': b'-- The CXX compiler identification is GNU 13.3.0\n'}
[0.246156] (dynamixel_sdk) StdoutLine: {'line': b'-- Detecting C compiler ABI info\n'}
[0.299435] (-) TimerEvent: {}
[0.346912] (dynamixel_sdk) StdoutLine: {'line': b'-- Detecting C compiler ABI info - done\n'}
[0.353981] (dynamixel_sdk) StdoutLine: {'line': b'-- Check for working C compiler: /usr/bin/cc - skipped\n'}
[0.354528] (dynamixel_sdk) StdoutLine: {'line': b'-- Detecting C compile features\n'}
[0.354993] (dynamixel_sdk) StdoutLine: {'line': b'-- Detecting C compile features - done\n'}
[0.364642] (dynamixel_sdk) StdoutLine: {'line': b'-- Detecting CXX compiler ABI info\n'}
[0.399541] (-) TimerEvent: {}
[0.465178] (dynamixel_sdk) StdoutLine: {'line': b'-- Detecting CXX compiler ABI info - done\n'}
[0.472472] (dynamixel_sdk) StdoutLine: {'line': b'-- Check for working CXX compiler: /usr/bin/c++ - skipped\n'}
[0.472722] (dynamixel_sdk) StdoutLine: {'line': b'-- Detecting CXX compile features\n'}
[0.473082] (dynamixel_sdk) StdoutLine: {'line': b'-- Detecting CXX compile features - done\n'}
[0.490070] (dynamixel_sdk) StdoutLine: {'line': b'-- Found ament_cmake: 2.5.6 (/opt/ros/jazzy/share/ament_cmake/cmake)\n'}
[0.499616] (-) TimerEvent: {}
[0.599811] (-) TimerEvent: {}
[0.635801] (dynamixel_sdk) StdoutLine: {'line': b'-- Found Python3: /usr/bin/python3 (found version "3.12.3") found components: Interpreter \n'}
[0.699902] (-) TimerEvent: {}
[0.708785] (dynamixel_sdk) StdoutLine: {'line': b'-- Override CMake install command with custom implementation using symlinks instead of copying resources\n'}
[0.799994] (-) TimerEvent: {}
[0.900260] (-) TimerEvent: {}
[1.000574] (-) TimerEvent: {}
[1.009823] (dynamixel_sdk) StdoutLine: {'line': b'-- Configuring done (1.0s)\n'}
[1.017527] (dynamixel_sdk) StdoutLine: {'line': b'-- Generating done (0.0s)\n'}
[1.020804] (dynamixel_sdk) StdoutLine: {'line': b'-- Build files have been written to: /home/csilab/turtlebot3_ws/build/dynamixel_sdk\n'}
[1.025813] (dynamixel_sdk) CommandEnded: {'returncode': 0}
[1.026316] (dynamixel_sdk) JobProgress: {'identifier': 'dynamixel_sdk', 'progress': 'build'}
[1.026889] (dynamixel_sdk) Command: {'cmd': ['/usr/bin/cmake', '--build', '/home/csilab/turtlebot3_ws/build/dynamixel_sdk', '--', '-j12', '-l12'], 'cwd': '/home/csilab/turtlebot3_ws/build/dynamixel_sdk', 'env': OrderedDict({'LESSOPEN': '| /usr/bin/lesspipe %s', 'LANGUAGE': 'ko:en', 'USER': 'csilab', 'LC_TIME': 'en_US.UTF-8', 'GZ_CONFIG_PATH': '/opt/ros/jazzy/opt/gz_sim_vendor/share/gz:/opt/ros/jazzy/opt/sdformat_vendor/share/gz:/opt/ros/jazzy/opt/gz_gui_vendor/share/gz:/opt/ros/jazzy/opt/gz_transport_vendor/share/gz:/opt/ros/jazzy/opt/gz_rendering_vendor/share/gz:/opt/ros/jazzy/opt/gz_plugin_vendor/share/gz:/opt/ros/jazzy/opt/gz_fuel_tools_vendor/share/gz:/opt/ros/jazzy/opt/gz_msgs_vendor/share/gz:/opt/ros/jazzy/opt/gz_common_vendor/share/gz', 'XDG_SESSION_TYPE': 'wayland', 'CLUTTER_DISABLE_MIPMAPPED_TEXT': '1', 'SHLVL': '1', 'LD_LIBRARY_PATH': '/home/csilab/turtlebot3_ws/install/dynamixel_sdk_custom_interfaces/lib:/home/csilab/turtlebot3_ws/install/dynamixel_sdk/lib:/opt/ros/jazzy/opt/gz_sim_vendor/lib:/opt/ros/jazzy/opt/gz_sensors_vendor/lib:/opt/ros/jazzy/opt/gz_physics_vendor/lib:/opt/ros/jazzy/opt/sdformat_vendor/lib:/opt/ros/jazzy/opt/rviz_ogre_vendor/lib:/opt/ros/jazzy/lib/x86_64-linux-gnu:/opt/ros/jazzy/opt/gz_gui_vendor/lib:/opt/ros/jazzy/opt/gz_transport_vendor/lib:/opt/ros/jazzy/opt/gz_rendering_vendor/lib:/opt/ros/jazzy/opt/gz_plugin_vendor/lib:/opt/ros/jazzy/opt/gz_fuel_tools_vendor/lib:/opt/ros/jazzy/opt/gz_msgs_vendor/lib:/opt/ros/jazzy/opt/gz_common_vendor/lib:/opt/ros/jazzy/opt/gz_math_vendor/lib:/opt/ros/jazzy/opt/gz_utils_vendor/lib:/opt/ros/jazzy/opt/gz_tools_vendor/lib:/opt/ros/jazzy/opt/gz_ogre_next_vendor/lib:/opt/ros/jazzy/opt/gz_dartsim_vendor/lib:/opt/ros/jazzy/opt/gz_cmake_vendor/lib:/opt/ros/jazzy/lib', 'HOME': '/home/csilab', 'OLDPWD': '/home/csilab', 'DESKTOP_SESSION': 'ubuntu', 'ROS_PYTHON_VERSION': '3', 'GNOME_SHELL_SESSION_MODE': 'ubuntu', 'GTK_MODULES': 'gail:atk-bridge', 'LC_MONETARY': 'en_US.UTF-8', 'SYSTEMD_EXEC_PID': '2982', 'GSM_SKIP_SSH_AGENT_WORKAROUND': 'true', 'DBUS_SESSION_BUS_ADDRESS': 'unix:path=/run/user/1000/bus', 'COLORTERM': 'truecolor', 'DEBUGINFOD_URLS': 'https://debuginfod.ubuntu.com', 'IM_CONFIG_PHASE': '1', 'WAYLAND_DISPLAY': 'wayland-0', 'COLCON_PREFIX_PATH': '/home/csilab/turtlebot3_ws/install', 'ROS_DISTRO': 'jazzy', 'LOGNAME': 'csilab', '_': '/usr/bin/colcon', 'ROS_VERSION': '2', 'MEMORY_PRESSURE_WATCH': '/sys/fs/cgroup/user.slice/user-1000.slice/user@1000.service/session.slice/org.gnome.Shell@wayland.service/memory.pressure', 'XDG_SESSION_CLASS': 'user', 'USERNAME': 'csilab', 'TERM': 'xterm-256color', 'GNOME_DESKTOP_SESSION_ID': 'this-is-deprecated', 'ROS_LOCALHOST_ONLY': '0', 'PATH': '/opt/ros/jazzy/opt/gz_msgs_vendor/bin:/opt/ros/jazzy/opt/gz_tools_vendor/bin:/opt/ros/jazzy/opt/gz_ogre_next_vendor/bin:/opt/ros/jazzy/bin:/home/csilab/.local/bin:/usr/local/sbin:/usr/local/bin:/usr/sbin:/usr/bin:/sbin:/bin:/usr/games:/usr/local/games:/snap/bin:/snap/bin', 'SESSION_MANAGER': 'local/turtle-jeong:@/tmp/.ICE-unix/2949,unix/turtle-jeong:/tmp/.ICE-unix/2949', 'PAPERSIZE': 'letter', 'XDG_MENU_PREFIX': 'gnome-', 'LC_ADDRESS': 'en_US.UTF-8', 'GNOME_TERMINAL_SCREEN': '/org/gnome/Terminal/screen/2f4e7b85_68a8_4b0b_822e_d2ca6887dc44', 'GNOME_SETUP_DISPLAY': ':1', 'XDG_RUNTIME_DIR': '/run/user/1000', 'DISPLAY': ':0', 'LANG': 'ko_KR.UTF-8', 'XDG_CURRENT_DESKTOP': 'ubuntu:GNOME', 'LC_TELEPHONE': 'en_US.UTF-8', 'XMODIFIERS': '@im=ibus', 'XDG_SESSION_DESKTOP': 'ubuntu', 'XAUTHORITY': '/run/user/1000/.mutter-Xwaylandauth.FV4ZR3', 'LS_COLORS': 'rs=0:di=01;34:ln=01;36:mh=00:pi=40;33:so=01;35:do=01;35:bd=40;33;01:cd=40;33;01:or=40;31;01:mi=00:su=37;41:sg=30;43:ca=00:tw=30;42:ow=34;42:st=37;44:ex=01;32:*.tar=01;31:*.tgz=01;31:*.arc=01;31:*.arj=01;31:*.taz=01;31:*.lha=01;31:*.lz4=01;31:*.lzh=01;31:*.lzma=01;31:*.tlz=01;31:*.txz=01;31:*.tzo=01;31:*.t7z=01;31:*.zip=01;31:*.z=01;31:*.dz=01;31:*.gz=01;31:*.lrz=01;31:*.lz=01;31:*.lzo=01;31:*.xz=01;31:*.zst=01;31:*.tzst=01;31:*.bz2=01;31:*.bz=01;31:*.tbz=01;31:*.tbz2=01;31:*.tz=01;31:*.deb=01;31:*.rpm=01;31:*.jar=01;31:*.war=01;31:*.ear=01;31:*.sar=01;31:*.rar=01;31:*.alz=01;31:*.ace=01;31:*.zoo=01;31:*.cpio=01;31:*.7z=01;31:*.rz=01;31:*.cab=01;31:*.wim=01;31:*.swm=01;31:*.dwm=01;31:*.esd=01;31:*.avif=01;35:*.jpg=01;35:*.jpeg=01;35:*.mjpg=01;35:*.mjpeg=01;35:*.gif=01;35:*.bmp=01;35:*.pbm=01;35:*.pgm=01;35:*.ppm=01;35:*.tga=01;35:*.xbm=01;35:*.xpm=01;35:*.tif=01;35:*.tiff=01;35:*.png=01;35:*.svg=01;35:*.svgz=01;35:*.mng=01;35:*.pcx=01;35:*.mov=01;35:*.mpg=01;35:*.mpeg=01;35:*.m2v=01;35:*.mkv=01;35:*.webm=01;35:*.webp=01;35:*.ogm=01;35:*.mp4=01;35:*.m4v=01;35:*.mp4v=01;35:*.vob=01;35:*.qt=01;35:*.nuv=01;35:*.wmv=01;35:*.asf=01;35:*.rm=01;35:*.rmvb=01;35:*.flc=01;35:*.avi=01;35:*.fli=01;35:*.flv=01;35:*.gl=01;35:*.dl=01;35:*.xcf=01;35:*.xwd=01;35:*.yuv=01;35:*.cgm=01;35:*.emf=01;35:*.ogv=01;35:*.ogx=01;35:*.aac=00;36:*.au=00;36:*.flac=00;36:*.m4a=00;36:*.mid=00;36:*.midi=00;36:*.mka=00;36:*.mp3=00;36:*.mpc=00;36:*.ogg=00;36:*.ra=00;36:*.wav=00;36:*.oga=00;36:*.opus=00;36:*.spx=00;36:*.xspf=00;36:*~=00;90:*#=00;90:*.bak=00;90:*.crdownload=00;90:*.dpkg-dist=00;90:*.dpkg-new=00;90:*.dpkg-old=00;90:*.dpkg-tmp=00;90:*.old=00;90:*.orig=00;90:*.part=00;90:*.rej=00;90:*.rpmnew=00;90:*.rpmorig=00;90:*.rpmsave=00;90:*.swp=00;90:*.tmp=00;90:*.ucf-dist=00;90:*.ucf-new=00;90:*.ucf-old=00;90:', 'GNOME_TERMINAL_SERVICE': ':1.12184', 'SSH_AUTH_SOCK': '/run/user/1000/keyring/ssh', 'ROS_DOMAIN_ID': '30', 'AMENT_PREFIX_PATH': '/opt/ros/jazzy', 'SHELL': '/bin/bash', 'LC_NAME': 'en_US.UTF-8', 'QT_ACCESSIBILITY': '1', 'GDMSESSION': 'ubuntu', 'LESSCLOSE': '/usr/bin/lesspipe %s %s', 'LC_MEASUREMENT': 'en_US.UTF-8', 'LC_IDENTIFICATION': 'en_US.UTF-8', 'ROS_AUTOMATIC_DISCOVERY_RANGE': 'SUBNET', 'QT_IM_MODULE': 'ibus', 'PWD': '/home/csilab/turtlebot3_ws/build/dynamixel_sdk', 'LC_ALL': 'en_US.UTF-8', 'XDG_CONFIG_DIRS': '/etc/xdg/xdg-ubuntu:/etc/xdg', 'XDG_DATA_DIRS': '/usr/share/ubuntu:/usr/share/gnome:/usr/local/share/:/usr/share/:/var/lib/snapd/desktop', 'LDS_MODEL': 'LDS-02', 'PYTHONPATH': '/home/csilab/turtlebot3_ws/install/dynamixel_sdk_custom_interfaces/lib/python3.12/site-packages:/home/csilab/turtlebot3_ws/install/dynamixel_sdk/lib/python3.12/site-packages:/opt/ros/jazzy/lib/python3.12/site-packages', 'LC_NUMERIC': 'en_US.UTF-8', 'LC_PAPER': 'en_US.UTF-8', 'COLCON': '1', 'MEMORY_PRESSURE_WRITE': 'c29tZSAyMDAwMDAgMjAwMDAwMAA=', 'VTE_VERSION': '7600', 'CMAKE_PREFIX_PATH': '/home/csilab/turtlebot3_ws/install/dynamixel_sdk_examples:/home/csilab/turtlebot3_ws/install/dynamixel_sdk_custom_interfaces:/home/csilab/turtlebot3_ws/install/dynamixel_sdk:/opt/ros/jazzy/opt/gz_sim_vendor:/opt/ros/jazzy/opt/gz_sensors_vendor:/opt/ros/jazzy/opt/gz_physics_vendor:/opt/ros/jazzy/opt/sdformat_vendor:/opt/ros/jazzy/opt/gz_gui_vendor:/opt/ros/jazzy/opt/gz_transport_vendor:/opt/ros/jazzy/opt/gz_rendering_vendor:/opt/ros/jazzy/opt/gz_plugin_vendor:/opt/ros/jazzy/opt/gz_fuel_tools_vendor:/opt/ros/jazzy/opt/gz_msgs_vendor:/opt/ros/jazzy/opt/gz_common_vendor:/opt/ros/jazzy/opt/gz_math_vendor:/opt/ros/jazzy/opt/gz_utils_vendor:/opt/ros/jazzy/opt/gz_tools_vendor:/opt/ros/jazzy/opt/gz_ogre_next_vendor:/opt/ros/jazzy/opt/gz_dartsim_vendor:/opt/ros/jazzy/opt/gz_cmake_vendor:/opt/ros/jazzy'}), 'shell': False}
[1.103394] (dynamixel_sdk) StdoutLine: {'line': b'[ 16%] \x1b[32mBuilding CXX object CMakeFiles/dynamixel_sdk.dir/src/dynamixel_sdk/protocol2_packet_handler.cpp.o\x1b[0m\n'}
[1.103613] (-) TimerEvent: {}
[1.103700] (dynamixel_sdk) StdoutLine: {'line': b'[ 16%] \x1b[32mBuilding CXX object CMakeFiles/dynamixel_sdk.dir/src/dynamixel_sdk/group_sync_write.cpp.o\x1b[0m\n'}
[1.103811] (dynamixel_sdk) StdoutLine: {'line': b'[ 22%] \x1b[32mBuilding CXX object CMakeFiles/dynamixel_sdk.dir/src/dynamixel_sdk/group_sync_read.cpp.o\x1b[0m\n'}
[1.103917] (dynamixel_sdk) StdoutLine: {'line': b'[ 22%] \x1b[32mBuilding CXX object CMakeFiles/dynamixel_sdk.dir/src/dynamixel_sdk/group_bulk_read.cpp.o\x1b[0m\n'}
[1.104012] (dynamixel_sdk) StdoutLine: {'line': b'[ 27%] \x1b[32mBuilding CXX object CMakeFiles/dynamixel_sdk.dir/src/dynamixel_sdk/group_fast_bulk_read.cpp.o\x1b[0m\n'}
[1.104075] (dynamixel_sdk) StdoutLine: {'line': b'[ 33%] \x1b[32mBuilding CXX object CMakeFiles/dynamixel_sdk.dir/src/dynamixel_sdk/group_fast_sync_read.cpp.o\x1b[0m\n'}
[1.104131] (dynamixel_sdk) StdoutLine: {'line': b'[ 38%] \x1b[32mBuilding CXX object CMakeFiles/dynamixel_sdk.dir/src/dynamixel_sdk/packet_handler.cpp.o\x1b[0m\n'}
[1.104188] (dynamixel_sdk) StdoutLine: {'line': b'[ 44%] \x1b[32mBuilding CXX object CMakeFiles/dynamixel_sdk.dir/src/dynamixel_sdk/protocol1_packet_handler.cpp.o\x1b[0m\n'}
[1.104266] (dynamixel_sdk) StdoutLine: {'line': b'[ 50%] \x1b[32mBuilding CXX object CMakeFiles/dynamixel_sdk.dir/src/dynamixel_sdk/group_bulk_write.cpp.o\x1b[0m\n'}
[1.104352] (dynamixel_sdk) StdoutLine: {'line': b'[ 55%] \x1b[32mBuilding CXX object CMakeFiles/dynamixel_sdk.dir/src/dynamixel_sdk/group_handler.cpp.o\x1b[0m\n'}
[1.104434] (dynamixel_sdk) StdoutLine: {'line': b'[ 55%] Built target ament_cmake_python_symlink_dynamixel_easy_sdk\n'}
[1.104506] (dynamixel_sdk) StdoutLine: {'line': b'[ 55%] Built target ament_cmake_python_symlink_dynamixel_sdk\n'}
[1.113360] (dynamixel_sdk) StdoutLine: {'line': b'[ 61%] \x1b[32mBuilding CXX object CMakeFiles/dynamixel_sdk.dir/src/dynamixel_sdk/port_handler.cpp.o\x1b[0m\n'}
[1.169258] (dynamixel_sdk) StdoutLine: {'line': b'[ 66%] \x1b[32mBuilding CXX object CMakeFiles/dynamixel_sdk.dir/src/dynamixel_easy_sdk/connector.cpp.o\x1b[0m\n'}
[1.203731] (-) TimerEvent: {}
[1.304059] (-) TimerEvent: {}
[1.309733] (dynamixel_sdk) StdoutLine: {'line': b'[ 72%] \x1b[32mBuilding CXX object CMakeFiles/dynamixel_sdk.dir/src/dynamixel_easy_sdk/control_table.cpp.o\x1b[0m\n'}
[1.356327] (dynamixel_sdk) StdoutLine: {'line': b'[ 77%] \x1b[32mBuilding CXX object CMakeFiles/dynamixel_sdk.dir/src/dynamixel_easy_sdk/dynamixel_error.cpp.o\x1b[0m\n'}
[1.404156] (-) TimerEvent: {}
[1.404389] (dynamixel_sdk) StdoutLine: {'line': b'[ 83%] \x1b[32mBuilding CXX object CMakeFiles/dynamixel_sdk.dir/src/dynamixel_easy_sdk/group_executor.cpp.o\x1b[0m\n'}
[1.412828] (dynamixel_sdk) StdoutLine: {'line': b'[ 88%] \x1b[32mBuilding CXX object CMakeFiles/dynamixel_sdk.dir/src/dynamixel_easy_sdk/motor.cpp.o\x1b[0m\n'}
[1.482707] (dynamixel_sdk) StdoutLine: {'line': b'running egg_info\n'}
[1.485394] (dynamixel_sdk) StdoutLine: {'line': b'creating dynamixel_sdk.egg-info\n'}
[1.504661] (-) TimerEvent: {}
[1.529539] (dynamixel_sdk) StdoutLine: {'line': b'writing dynamixel_sdk.egg-info/PKG-INFO\n'}
[1.529859] (dynamixel_sdk) StdoutLine: {'line': b'writing dependency_links to dynamixel_sdk.egg-info/dependency_links.txt\n'}
[1.530088] (dynamixel_sdk) StdoutLine: {'line': b'writing top-level names to dynamixel_sdk.egg-info/top_level.txt\n'}
[1.530354] (dynamixel_sdk) StdoutLine: {'line': b"writing manifest file 'dynamixel_sdk.egg-info/SOURCES.txt'\n"}
[1.549225] (dynamixel_sdk) StdoutLine: {'line': b'[ 94%] \x1b[32mBuilding CXX object CMakeFiles/dynamixel_sdk.dir/src/dynamixel_sdk/port_handler_linux.cpp.o\x1b[0m\n'}
[1.604753] (-) TimerEvent: {}
[1.644064] (dynamixel_sdk) StdoutLine: {'line': b"reading manifest file 'dynamixel_sdk.egg-info/SOURCES.txt'\n"}
[1.644856] (dynamixel_sdk) StdoutLine: {'line': b"writing manifest file 'dynamixel_sdk.egg-info/SOURCES.txt'\n"}
[1.691622] (dynamixel_sdk) StdoutLine: {'line': b'[ 94%] Built target ament_cmake_python_build_dynamixel_sdk_egg\n'}
[1.704847] (-) TimerEvent: {}
[1.776139] (dynamixel_sdk) StdoutLine: {'line': b'running egg_info\n'}
[1.776893] (dynamixel_sdk) StdoutLine: {'line': b'creating dynamixel_easy_sdk.egg-info\n'}
[1.796493] (dynamixel_sdk) StdoutLine: {'line': b'writing dynamixel_easy_sdk.egg-info/PKG-INFO\n'}
[1.796849] (dynamixel_sdk) StdoutLine: {'line': b'writing dependency_links to dynamixel_easy_sdk.egg-info/dependency_links.txt\n'}
[1.797052] (dynamixel_sdk) StdoutLine: {'line': b'writing top-level names to dynamixel_easy_sdk.egg-info/top_level.txt\n'}
[1.797180] (dynamixel_sdk) StdoutLine: {'line': b"writing manifest file 'dynamixel_easy_sdk.egg-info/SOURCES.txt'\n"}
[1.804969] (-) TimerEvent: {}
[1.856671] (dynamixel_sdk) StdoutLine: {'line': b"reading manifest file 'dynamixel_easy_sdk.egg-info/SOURCES.txt'\n"}
[1.857156] (dynamixel_sdk) StdoutLine: {'line': b"writing manifest file 'dynamixel_easy_sdk.egg-info/SOURCES.txt'\n"}
[1.888759] (dynamixel_sdk) StdoutLine: {'line': b'[ 94%] Built target ament_cmake_python_build_dynamixel_easy_sdk_egg\n'}
[1.905080] (-) TimerEvent: {}
[2.005348] (-) TimerEvent: {}
[2.105625] (-) TimerEvent: {}
[2.205893] (-) TimerEvent: {}
[2.298923] (dynamixel_sdk) StdoutLine: {'line': b'[100%] \x1b[32m\x1b[1mLinking CXX shared library libdynamixel_sdk.so\x1b[0m\n'}
[2.305969] (-) TimerEvent: {}
[2.398377] (dynamixel_sdk) StdoutLine: {'line': b'[100%] Built target dynamixel_sdk\n'}
[2.406093] (-) TimerEvent: {}
[2.411968] (dynamixel_sdk) CommandEnded: {'returncode': 0}
[2.412486] (dynamixel_sdk) JobProgress: {'identifier': 'dynamixel_sdk', 'progress': 'install'}
[2.422663] (dynamixel_sdk) Command: {'cmd': ['/usr/bin/cmake', '--install', '/home/csilab/turtlebot3_ws/build/dynamixel_sdk'], 'cwd': '/home/csilab/turtlebot3_ws/build/dynamixel_sdk', 'env': OrderedDict({'LESSOPEN': '| /usr/bin/lesspipe %s', 'LANGUAGE': 'ko:en', 'USER': 'csilab', 'LC_TIME': 'en_US.UTF-8', 'GZ_CONFIG_PATH': '/opt/ros/jazzy/opt/gz_sim_vendor/share/gz:/opt/ros/jazzy/opt/sdformat_vendor/share/gz:/opt/ros/jazzy/opt/gz_gui_vendor/share/gz:/opt/ros/jazzy/opt/gz_transport_vendor/share/gz:/opt/ros/jazzy/opt/gz_rendering_vendor/share/gz:/opt/ros/jazzy/opt/gz_plugin_vendor/share/gz:/opt/ros/jazzy/opt/gz_fuel_tools_vendor/share/gz:/opt/ros/jazzy/opt/gz_msgs_vendor/share/gz:/opt/ros/jazzy/opt/gz_common_vendor/share/gz', 'XDG_SESSION_TYPE': 'wayland', 'CLUTTER_DISABLE_MIPMAPPED_TEXT': '1', 'SHLVL': '1', 'LD_LIBRARY_PATH': '/home/csilab/turtlebot3_ws/install/dynamixel_sdk_custom_interfaces/lib:/home/csilab/turtlebot3_ws/install/dynamixel_sdk/lib:/opt/ros/jazzy/opt/gz_sim_vendor/lib:/opt/ros/jazzy/opt/gz_sensors_vendor/lib:/opt/ros/jazzy/opt/gz_physics_vendor/lib:/opt/ros/jazzy/opt/sdformat_vendor/lib:/opt/ros/jazzy/opt/rviz_ogre_vendor/lib:/opt/ros/jazzy/lib/x86_64-linux-gnu:/opt/ros/jazzy/opt/gz_gui_vendor/lib:/opt/ros/jazzy/opt/gz_transport_vendor/lib:/opt/ros/jazzy/opt/gz_rendering_vendor/lib:/opt/ros/jazzy/opt/gz_plugin_vendor/lib:/opt/ros/jazzy/opt/gz_fuel_tools_vendor/lib:/opt/ros/jazzy/opt/gz_msgs_vendor/lib:/opt/ros/jazzy/opt/gz_common_vendor/lib:/opt/ros/jazzy/opt/gz_math_vendor/lib:/opt/ros/jazzy/opt/gz_utils_vendor/lib:/opt/ros/jazzy/opt/gz_tools_vendor/lib:/opt/ros/jazzy/opt/gz_ogre_next_vendor/lib:/opt/ros/jazzy/opt/gz_dartsim_vendor/lib:/opt/ros/jazzy/opt/gz_cmake_vendor/lib:/opt/ros/jazzy/lib', 'HOME': '/home/csilab', 'OLDPWD': '/home/csilab', 'DESKTOP_SESSION': 'ubuntu', 'ROS_PYTHON_VERSION': '3', 'GNOME_SHELL_SESSION_MODE': 'ubuntu', 'GTK_MODULES': 'gail:atk-bridge', 'LC_MONETARY': 'en_US.UTF-8', 'SYSTEMD_EXEC_PID': '2982', 'GSM_SKIP_SSH_AGENT_WORKAROUND': 'true', 'DBUS_SESSION_BUS_ADDRESS': 'unix:path=/run/user/1000/bus', 'COLORTERM': 'truecolor', 'DEBUGINFOD_URLS': 'https://debuginfod.ubuntu.com', 'IM_CONFIG_PHASE': '1', 'WAYLAND_DISPLAY': 'wayland-0', 'COLCON_PREFIX_PATH': '/home/csilab/turtlebot3_ws/install', 'ROS_DISTRO': 'jazzy', 'LOGNAME': 'csilab', '_': '/usr/bin/colcon', 'ROS_VERSION': '2', 'MEMORY_PRESSURE_WATCH': '/sys/fs/cgroup/user.slice/user-1000.slice/user@1000.service/session.slice/org.gnome.Shell@wayland.service/memory.pressure', 'XDG_SESSION_CLASS': 'user', 'USERNAME': 'csilab', 'TERM': 'xterm-256color', 'GNOME_DESKTOP_SESSION_ID': 'this-is-deprecated', 'ROS_LOCALHOST_ONLY': '0', 'PATH': '/opt/ros/jazzy/opt/gz_msgs_vendor/bin:/opt/ros/jazzy/opt/gz_tools_vendor/bin:/opt/ros/jazzy/opt/gz_ogre_next_vendor/bin:/opt/ros/jazzy/bin:/home/csilab/.local/bin:/usr/local/sbin:/usr/local/bin:/usr/sbin:/usr/bin:/sbin:/bin:/usr/games:/usr/local/games:/snap/bin:/snap/bin', 'SESSION_MANAGER': 'local/turtle-jeong:@/tmp/.ICE-unix/2949,unix/turtle-jeong:/tmp/.ICE-unix/2949', 'PAPERSIZE': 'letter', 'XDG_MENU_PREFIX': 'gnome-', 'LC_ADDRESS': 'en_US.UTF-8', 'GNOME_TERMINAL_SCREEN': '/org/gnome/Terminal/screen/2f4e7b85_68a8_4b0b_822e_d2ca6887dc44', 'GNOME_SETUP_DISPLAY': ':1', 'XDG_RUNTIME_DIR': '/run/user/1000', 'DISPLAY': ':0', 'LANG': 'ko_KR.UTF-8', 'XDG_CURRENT_DESKTOP': 'ubuntu:GNOME', 'LC_TELEPHONE': 'en_US.UTF-8', 'XMODIFIERS': '@im=ibus', 'XDG_SESSION_DESKTOP': 'ubuntu', 'XAUTHORITY': '/run/user/1000/.mutter-Xwaylandauth.FV4ZR3', 'LS_COLORS': 'rs=0:di=01;34:ln=01;36:mh=00:pi=40;33:so=01;35:do=01;35:bd=40;33;01:cd=40;33;01:or=40;31;01:mi=00:su=37;41:sg=30;43:ca=00:tw=30;42:ow=34;42:st=37;44:ex=01;32:*.tar=01;31:*.tgz=01;31:*.arc=01;31:*.arj=01;31:*.taz=01;31:*.lha=01;31:*.lz4=01;31:*.lzh=01;31:*.lzma=01;31:*.tlz=01;31:*.txz=01;31:*.tzo=01;31:*.t7z=01;31:*.zip=01;31:*.z=01;31:*.dz=01;31:*.gz=01;31:*.lrz=01;31:*.lz=01;31:*.lzo=01;31:*.xz=01;31:*.zst=01;31:*.tzst=01;31:*.bz2=01;31:*.bz=01;31:*.tbz=01;31:*.tbz2=01;31:*.tz=01;31:*.deb=01;31:*.rpm=01;31:*.jar=01;31:*.war=01;31:*.ear=01;31:*.sar=01;31:*.rar=01;31:*.alz=01;31:*.ace=01;31:*.zoo=01;31:*.cpio=01;31:*.7z=01;31:*.rz=01;31:*.cab=01;31:*.wim=01;31:*.swm=01;31:*.dwm=01;31:*.esd=01;31:*.avif=01;35:*.jpg=01;35:*.jpeg=01;35:*.mjpg=01;35:*.mjpeg=01;35:*.gif=01;35:*.bmp=01;35:*.pbm=01;35:*.pgm=01;35:*.ppm=01;35:*.tga=01;35:*.xbm=01;35:*.xpm=01;35:*.tif=01;35:*.tiff=01;35:*.png=01;35:*.svg=01;35:*.svgz=01;35:*.mng=01;35:*.pcx=01;35:*.mov=01;35:*.mpg=01;35:*.mpeg=01;35:*.m2v=01;35:*.mkv=01;35:*.webm=01;35:*.webp=01;35:*.ogm=01;35:*.mp4=01;35:*.m4v=01;35:*.mp4v=01;35:*.vob=01;35:*.qt=01;35:*.nuv=01;35:*.wmv=01;35:*.asf=01;35:*.rm=01;35:*.rmvb=01;35:*.flc=01;35:*.avi=01;35:*.fli=01;35:*.flv=01;35:*.gl=01;35:*.dl=01;35:*.xcf=01;35:*.xwd=01;35:*.yuv=01;35:*.cgm=01;35:*.emf=01;35:*.ogv=01;35:*.ogx=01;35:*.aac=00;36:*.au=00;36:*.flac=00;36:*.m4a=00;36:*.mid=00;36:*.midi=00;36:*.mka=00;36:*.mp3=00;36:*.mpc=00;36:*.ogg=00;36:*.ra=00;36:*.wav=00;36:*.oga=00;36:*.opus=00;36:*.spx=00;36:*.xspf=00;36:*~=00;90:*#=00;90:*.bak=00;90:*.crdownload=00;90:*.dpkg-dist=00;90:*.dpkg-new=00;90:*.dpkg-old=00;90:*.dpkg-tmp=00;90:*.old=00;90:*.orig=00;90:*.part=00;90:*.rej=00;90:*.rpmnew=00;90:*.rpmorig=00;90:*.rpmsave=00;90:*.swp=00;90:*.tmp=00;90:*.ucf-dist=00;90:*.ucf-new=00;90:*.ucf-old=00;90:', 'GNOME_TERMINAL_SERVICE': ':1.12184', 'SSH_AUTH_SOCK': '/run/user/1000/keyring/ssh', 'ROS_DOMAIN_ID': '30', 'AMENT_PREFIX_PATH': '/opt/ros/jazzy', 'SHELL': '/bin/bash', 'LC_NAME': 'en_US.UTF-8', 'QT_ACCESSIBILITY': '1', 'GDMSESSION': 'ubuntu', 'LESSCLOSE': '/usr/bin/lesspipe %s %s', 'LC_MEASUREMENT': 'en_US.UTF-8', 'LC_IDENTIFICATION': 'en_US.UTF-8', 'ROS_AUTOMATIC_DISCOVERY_RANGE': 'SUBNET', 'QT_IM_MODULE': 'ibus', 'PWD': '/home/csilab/turtlebot3_ws/build/dynamixel_sdk', 'LC_ALL': 'en_US.UTF-8', 'XDG_CONFIG_DIRS': '/etc/xdg/xdg-ubuntu:/etc/xdg', 'XDG_DATA_DIRS': '/usr/share/ubuntu:/usr/share/gnome:/usr/local/share/:/usr/share/:/var/lib/snapd/desktop', 'LDS_MODEL': 'LDS-02', 'PYTHONPATH': '/home/csilab/turtlebot3_ws/install/dynamixel_sdk_custom_interfaces/lib/python3.12/site-packages:/home/csilab/turtlebot3_ws/install/dynamixel_sdk/lib/python3.12/site-packages:/opt/ros/jazzy/lib/python3.12/site-packages', 'LC_NUMERIC': 'en_US.UTF-8', 'LC_PAPER': 'en_US.UTF-8', 'COLCON': '1', 'MEMORY_PRESSURE_WRITE': 'c29tZSAyMDAwMDAgMjAwMDAwMAA=', 'VTE_VERSION': '7600', 'CMAKE_PREFIX_PATH': '/home/csilab/turtlebot3_ws/install/dynamixel_sdk_examples:/home/csilab/turtlebot3_ws/install/dynamixel_sdk_custom_interfaces:/home/csilab/turtlebot3_ws/install/dynamixel_sdk:/opt/ros/jazzy/opt/gz_sim_vendor:/opt/ros/jazzy/opt/gz_sensors_vendor:/opt/ros/jazzy/opt/gz_physics_vendor:/opt/ros/jazzy/opt/sdformat_vendor:/opt/ros/jazzy/opt/gz_gui_vendor:/opt/ros/jazzy/opt/gz_transport_vendor:/opt/ros/jazzy/opt/gz_rendering_vendor:/opt/ros/jazzy/opt/gz_plugin_vendor:/opt/ros/jazzy/opt/gz_fuel_tools_vendor:/opt/ros/jazzy/opt/gz_msgs_vendor:/opt/ros/jazzy/opt/gz_common_vendor:/opt/ros/jazzy/opt/gz_math_vendor:/opt/ros/jazzy/opt/gz_utils_vendor:/opt/ros/jazzy/opt/gz_tools_vendor:/opt/ros/jazzy/opt/gz_ogre_next_vendor:/opt/ros/jazzy/opt/gz_dartsim_vendor:/opt/ros/jazzy/opt/gz_cmake_vendor:/opt/ros/jazzy'}), 'shell': False}
[2.430815] (dynamixel_sdk) StdoutLine: {'line': b'-- Install configuration: ""\n'}
[2.431320] (dynamixel_sdk) StdoutLine: {'line': b'-- Execute custom install script\n'}
[2.431953] (dynamixel_sdk) StdoutLine: {'line': b'-- Symlinking: /home/csilab/turtlebot3_ws/install/dynamixel_sdk/include//dynamixel_easy_sdk/connector.hpp\n'}
[2.440903] (dynamixel_sdk) StdoutLine: {'line': b'-- Symlinking: /home/csilab/turtlebot3_ws/install/dynamixel_sdk/include//dynamixel_easy_sdk/control_table.hpp\n'}
[2.449876] (dynamixel_sdk) StdoutLine: {'line': b'-- Symlinking: /home/csilab/turtlebot3_ws/install/dynamixel_sdk/include//dynamixel_easy_sdk/data_types.hpp\n'}
[2.459251] (dynamixel_sdk) StdoutLine: {'line': b'-- Symlinking: /home/csilab/turtlebot3_ws/install/dynamixel_sdk/include//dynamixel_easy_sdk/dynamixel_easy_sdk.hpp\n'}
[2.468633] (dynamixel_sdk) StdoutLine: {'line': b'-- Symlinking: /home/csilab/turtlebot3_ws/install/dynamixel_sdk/include//dynamixel_easy_sdk/dynamixel_error.hpp\n'}
[2.477248] (dynamixel_sdk) StdoutLine: {'line': b'-- Symlinking: /home/csilab/turtlebot3_ws/install/dynamixel_sdk/include//dynamixel_easy_sdk/group_executor.hpp\n'}
[2.487342] (dynamixel_sdk) StdoutLine: {'line': b'-- Symlinking: /home/csilab/turtlebot3_ws/install/dynamixel_sdk/include//dynamixel_easy_sdk/motor.hpp\n'}
[2.496123] (dynamixel_sdk) StdoutLine: {'line': b'-- Symlinking: /home/csilab/turtlebot3_ws/install/dynamixel_sdk/include//dynamixel_sdk/dynamixel_sdk.h\n'}
[2.505306] (dynamixel_sdk) StdoutLine: {'line': b'-- Symlinking: /home/csilab/turtlebot3_ws/install/dynamixel_sdk/include//dynamixel_sdk/group_bulk_read.h\n'}
[2.506188] (-) TimerEvent: {}
[2.514486] (dynamixel_sdk) StdoutLine: {'line': b'-- Symlinking: /home/csilab/turtlebot3_ws/install/dynamixel_sdk/include//dynamixel_sdk/group_bulk_write.h\n'}
[2.524805] (dynamixel_sdk) StdoutLine: {'line': b'-- Symlinking: /home/csilab/turtlebot3_ws/install/dynamixel_sdk/include//dynamixel_sdk/group_fast_bulk_read.h\n'}
[2.534331] (dynamixel_sdk) StdoutLine: {'line': b'-- Symlinking: /home/csilab/turtlebot3_ws/install/dynamixel_sdk/include//dynamixel_sdk/group_fast_sync_read.h\n'}
[2.543442] (dynamixel_sdk) StdoutLine: {'line': b'-- Symlinking: /home/csilab/turtlebot3_ws/install/dynamixel_sdk/include//dynamixel_sdk/group_handler.h\n'}
[2.552291] (dynamixel_sdk) StdoutLine: {'line': b'-- Symlinking: /home/csilab/turtlebot3_ws/install/dynamixel_sdk/include//dynamixel_sdk/group_sync_read.h\n'}
[2.560534] (dynamixel_sdk) StdoutLine: {'line': b'-- Symlinking: /home/csilab/turtlebot3_ws/install/dynamixel_sdk/include//dynamixel_sdk/group_sync_write.h\n'}
[2.569900] (dynamixel_sdk) StdoutLine: {'line': b'-- Symlinking: /home/csilab/turtlebot3_ws/install/dynamixel_sdk/include//dynamixel_sdk/packet_handler.h\n'}
[2.578435] (dynamixel_sdk) StdoutLine: {'line': b'-- Symlinking: /home/csilab/turtlebot3_ws/install/dynamixel_sdk/include//dynamixel_sdk/port_handler.h\n'}
[2.587136] (dynamixel_sdk) StdoutLine: {'line': b'-- Symlinking: /home/csilab/turtlebot3_ws/install/dynamixel_sdk/include//dynamixel_sdk/port_handler_arduino.h\n'}
[2.596500] (dynamixel_sdk) StdoutLine: {'line': b'-- Symlinking: /home/csilab/turtlebot3_ws/install/dynamixel_sdk/include//dynamixel_sdk/port_handler_linux.h\n'}
[2.605913] (dynamixel_sdk) StdoutLine: {'line': b'-- Symlinking: /home/csilab/turtlebot3_ws/install/dynamixel_sdk/include//dynamixel_sdk/port_handler_mac.h\n'}
[2.606316] (-) TimerEvent: {}
[2.614668] (dynamixel_sdk) StdoutLine: {'line': b'-- Symlinking: /home/csilab/turtlebot3_ws/install/dynamixel_sdk/include//dynamixel_sdk/port_handler_windows.h\n'}
[2.624401] (dynamixel_sdk) StdoutLine: {'line': b'-- Symlinking: /home/csilab/turtlebot3_ws/install/dynamixel_sdk/include//dynamixel_sdk/protocol1_packet_handler.h\n'}
[2.633679] (dynamixel_sdk) StdoutLine: {'line': b'-- Symlinking: /home/csilab/turtlebot3_ws/install/dynamixel_sdk/include//dynamixel_sdk/protocol2_packet_handler.h\n'}
[2.644382] (dynamixel_sdk) StdoutLine: {'line': b'-- Symlinking: /home/csilab/turtlebot3_ws/install/dynamixel_sdk/share/dynamixel_sdk/control_table/2xc430_w250.model\n'}
[2.653479] (dynamixel_sdk) StdoutLine: {'line': b'-- Symlinking: /home/csilab/turtlebot3_ws/install/dynamixel_sdk/share/dynamixel_sdk/control_table/2xl430_w250.model\n'}
[2.662413] (dynamixel_sdk) StdoutLine: {'line': b'-- Symlinking: /home/csilab/turtlebot3_ws/install/dynamixel_sdk/share/dynamixel_sdk/control_table/dynamixel.model\n'}
[2.672431] (dynamixel_sdk) StdoutLine: {'line': b'-- Symlinking: /home/csilab/turtlebot3_ws/install/dynamixel_sdk/share/dynamixel_sdk/control_table/h42_20_s300_ra.model\n'}
[2.681332] (dynamixel_sdk) StdoutLine: {'line': b'-- Symlinking: /home/csilab/turtlebot3_ws/install/dynamixel_sdk/share/dynamixel_sdk/control_table/h54_100_s500_ra.model\n'}
[2.690383] (dynamixel_sdk) StdoutLine: {'line': b'-- Symlinking: /home/csilab/turtlebot3_ws/install/dynamixel_sdk/share/dynamixel_sdk/control_table/h54_200_s500_ra.model\n'}
[2.700688] (dynamixel_sdk) StdoutLine: {'line': b'-- Symlinking: /home/csilab/turtlebot3_ws/install/dynamixel_sdk/share/dynamixel_sdk/control_table/m42_10_s260_ra.model\n'}
[2.706396] (-) TimerEvent: {}
[2.710397] (dynamixel_sdk) StdoutLine: {'line': b'-- Symlinking: /home/csilab/turtlebot3_ws/install/dynamixel_sdk/share/dynamixel_sdk/control_table/m54_40_s250_ra.model\n'}
[2.720876] (dynamixel_sdk) StdoutLine: {'line': b'-- Symlinking: /home/csilab/turtlebot3_ws/install/dynamixel_sdk/share/dynamixel_sdk/control_table/m54_60_s250_ra.model\n'}
[2.730720] (dynamixel_sdk) StdoutLine: {'line': b'-- Symlinking: /home/csilab/turtlebot3_ws/install/dynamixel_sdk/share/dynamixel_sdk/control_table/mx_106.model\n'}
[2.741480] (dynamixel_sdk) StdoutLine: {'line': b'-- Symlinking: /home/csilab/turtlebot3_ws/install/dynamixel_sdk/share/dynamixel_sdk/control_table/mx_28.model\n'}
[2.751517] (dynamixel_sdk) StdoutLine: {'line': b'-- Symlinking: /home/csilab/turtlebot3_ws/install/dynamixel_sdk/share/dynamixel_sdk/control_table/mx_64.model\n'}
[2.760934] (dynamixel_sdk) StdoutLine: {'line': b'-- Symlinking: /home/csilab/turtlebot3_ws/install/dynamixel_sdk/share/dynamixel_sdk/control_table/ph42_020_s300.model\n'}
[2.770232] (dynamixel_sdk) StdoutLine: {'line': b'-- Symlinking: /home/csilab/turtlebot3_ws/install/dynamixel_sdk/share/dynamixel_sdk/control_table/ph54_100_s500.model\n'}
[2.778922] (dynamixel_sdk) StdoutLine: {'line': b'-- Symlinking: /home/csilab/turtlebot3_ws/install/dynamixel_sdk/share/dynamixel_sdk/control_table/ph54_200_s500.model\n'}
[2.787907] (dynamixel_sdk) StdoutLine: {'line': b'-- Symlinking: /home/csilab/turtlebot3_ws/install/dynamixel_sdk/share/dynamixel_sdk/control_table/pm42_010_s260.model\n'}
[2.798282] (dynamixel_sdk) StdoutLine: {'line': b'-- Symlinking: /home/csilab/turtlebot3_ws/install/dynamixel_sdk/share/dynamixel_sdk/control_table/pm54_040_s250.model\n'}
[2.806488] (-) TimerEvent: {}
[2.807707] (dynamixel_sdk) StdoutLine: {'line': b'-- Symlinking: /home/csilab/turtlebot3_ws/install/dynamixel_sdk/share/dynamixel_sdk/control_table/pm54_060_s250.model\n'}
[2.818160] (dynamixel_sdk) StdoutLine: {'line': b'-- Symlinking: /home/csilab/turtlebot3_ws/install/dynamixel_sdk/share/dynamixel_sdk/control_table/rh_p12_rn.model\n'}
[2.827386] (dynamixel_sdk) StdoutLine: {'line': b'-- Symlinking: /home/csilab/turtlebot3_ws/install/dynamixel_sdk/share/dynamixel_sdk/control_table/xc330_m181.model\n'}
[2.837067] (dynamixel_sdk) StdoutLine: {'line': b'-- Symlinking: /home/csilab/turtlebot3_ws/install/dynamixel_sdk/share/dynamixel_sdk/control_table/xc330_m181_fw52.model\n'}
[2.846054] (dynamixel_sdk) StdoutLine: {'line': b'-- Symlinking: /home/csilab/turtlebot3_ws/install/dynamixel_sdk/share/dynamixel_sdk/control_table/xc330_m288.model\n'}
[2.855923] (dynamixel_sdk) StdoutLine: {'line': b'-- Symlinking: /home/csilab/turtlebot3_ws/install/dynamixel_sdk/share/dynamixel_sdk/control_table/xc330_m288_fw52.model\n'}
[2.865564] (dynamixel_sdk) StdoutLine: {'line': b'-- Symlinking: /home/csilab/turtlebot3_ws/install/dynamixel_sdk/share/dynamixel_sdk/control_table/xc330_t181.model\n'}
[2.875140] (dynamixel_sdk) StdoutLine: {'line': b'-- Symlinking: /home/csilab/turtlebot3_ws/install/dynamixel_sdk/share/dynamixel_sdk/control_table/xc330_t181_fw52.model\n'}
[2.884879] (dynamixel_sdk) StdoutLine: {'line': b'-- Symlinking: /home/csilab/turtlebot3_ws/install/dynamixel_sdk/share/dynamixel_sdk/control_table/xc330_t288.model\n'}
[2.893364] (dynamixel_sdk) StdoutLine: {'line': b'-- Symlinking: /home/csilab/turtlebot3_ws/install/dynamixel_sdk/share/dynamixel_sdk/control_table/xc330_t288_fw52.model\n'}
[2.901976] (dynamixel_sdk) StdoutLine: {'line': b'-- Symlinking: /home/csilab/turtlebot3_ws/install/dynamixel_sdk/share/dynamixel_sdk/control_table/xc430_w150.model\n'}
[2.906557] (-) TimerEvent: {}
[2.912634] (dynamixel_sdk) StdoutLine: {'line': b'-- Symlinking: /home/csilab/turtlebot3_ws/install/dynamixel_sdk/share/dynamixel_sdk/control_table/xc430_w240.model\n'}
[2.922175] (dynamixel_sdk) StdoutLine: {'line': b'-- Symlinking: /home/csilab/turtlebot3_ws/install/dynamixel_sdk/share/dynamixel_sdk/control_table/xd430_t210.model\n'}
[2.931571] (dynamixel_sdk) StdoutLine: {'line': b'-- Symlinking: /home/csilab/turtlebot3_ws/install/dynamixel_sdk/share/dynamixel_sdk/control_table/xd430_t350.model\n'}
[2.940519] (dynamixel_sdk) StdoutLine: {'line': b'-- Symlinking: /home/csilab/turtlebot3_ws/install/dynamixel_sdk/share/dynamixel_sdk/control_table/xd540_t150.model\n'}
[2.949075] (dynamixel_sdk) StdoutLine: {'line': b'-- Symlinking: /home/csilab/turtlebot3_ws/install/dynamixel_sdk/share/dynamixel_sdk/control_table/xd540_t270.model\n'}
[2.959268] (dynamixel_sdk) StdoutLine: {'line': b'-- Symlinking: /home/csilab/turtlebot3_ws/install/dynamixel_sdk/share/dynamixel_sdk/control_table/xh430_v210.model\n'}
[2.967393] (dynamixel_sdk) StdoutLine: {'line': b'-- Symlinking: /home/csilab/turtlebot3_ws/install/dynamixel_sdk/share/dynamixel_sdk/control_table/xh430_v350.model\n'}
[2.976966] (dynamixel_sdk) StdoutLine: {'line': b'-- Symlinking: /home/csilab/turtlebot3_ws/install/dynamixel_sdk/share/dynamixel_sdk/control_table/xh430_w210.model\n'}
[2.985519] (dynamixel_sdk) StdoutLine: {'line': b'-- Symlinking: /home/csilab/turtlebot3_ws/install/dynamixel_sdk/share/dynamixel_sdk/control_table/xh430_w350.model\n'}
[2.995356] (dynamixel_sdk) StdoutLine: {'line': b'-- Symlinking: /home/csilab/turtlebot3_ws/install/dynamixel_sdk/share/dynamixel_sdk/control_table/xh540_v150.model\n'}
[3.005319] (dynamixel_sdk) StdoutLine: {'line': b'-- Symlinking: /home/csilab/turtlebot3_ws/install/dynamixel_sdk/share/dynamixel_sdk/control_table/xh540_v270.model\n'}
[3.006625] (-) TimerEvent: {}
[3.016092] (dynamixel_sdk) StdoutLine: {'line': b'-- Symlinking: /home/csilab/turtlebot3_ws/install/dynamixel_sdk/share/dynamixel_sdk/control_table/xh540_w150.model\n'}
[3.026561] (dynamixel_sdk) StdoutLine: {'line': b'-- Symlinking: /home/csilab/turtlebot3_ws/install/dynamixel_sdk/share/dynamixel_sdk/control_table/xh540_w270.model\n'}
[3.035713] (dynamixel_sdk) StdoutLine: {'line': b'-- Symlinking: /home/csilab/turtlebot3_ws/install/dynamixel_sdk/share/dynamixel_sdk/control_table/xl320.model\n'}
[3.044627] (dynamixel_sdk) StdoutLine: {'line': b'-- Symlinking: /home/csilab/turtlebot3_ws/install/dynamixel_sdk/share/dynamixel_sdk/control_table/xl330_m077.model\n'}
[3.053859] (dynamixel_sdk) StdoutLine: {'line': b'-- Symlinking: /home/csilab/turtlebot3_ws/install/dynamixel_sdk/share/dynamixel_sdk/control_table/xl330_m077_fw52.model\n'}
[3.063115] (dynamixel_sdk) StdoutLine: {'line': b'-- Symlinking: /home/csilab/turtlebot3_ws/install/dynamixel_sdk/share/dynamixel_sdk/control_table/xl330_m288.model\n'}
[3.073156] (dynamixel_sdk) StdoutLine: {'line': b'-- Symlinking: /home/csilab/turtlebot3_ws/install/dynamixel_sdk/share/dynamixel_sdk/control_table/xl330_m288_fw52.model\n'}
[3.083265] (dynamixel_sdk) StdoutLine: {'line': b'-- Symlinking: /home/csilab/turtlebot3_ws/install/dynamixel_sdk/share/dynamixel_sdk/control_table/xl430_w250.model\n'}
[3.092942] (dynamixel_sdk) StdoutLine: {'line': b'-- Symlinking: /home/csilab/turtlebot3_ws/install/dynamixel_sdk/share/dynamixel_sdk/control_table/xm430_w210.model\n'}
[3.102878] (dynamixel_sdk) StdoutLine: {'line': b'-- Symlinking: /home/csilab/turtlebot3_ws/install/dynamixel_sdk/share/dynamixel_sdk/control_table/xm430_w350.model\n'}
[3.106734] (-) TimerEvent: {}
[3.113793] (dynamixel_sdk) StdoutLine: {'line': b'-- Symlinking: /home/csilab/turtlebot3_ws/install/dynamixel_sdk/share/dynamixel_sdk/control_table/xm540_w150.model\n'}
[3.123270] (dynamixel_sdk) StdoutLine: {'line': b'-- Symlinking: /home/csilab/turtlebot3_ws/install/dynamixel_sdk/share/dynamixel_sdk/control_table/xm540_w270.model\n'}
[3.132562] (dynamixel_sdk) StdoutLine: {'line': b'-- Symlinking: /home/csilab/turtlebot3_ws/install/dynamixel_sdk/share/dynamixel_sdk/control_table/xw430_t200.model\n'}
[3.141803] (dynamixel_sdk) StdoutLine: {'line': b'-- Symlinking: /home/csilab/turtlebot3_ws/install/dynamixel_sdk/share/dynamixel_sdk/control_table/xw430_t333.model\n'}
[3.151846] (dynamixel_sdk) StdoutLine: {'line': b'-- Symlinking: /home/csilab/turtlebot3_ws/install/dynamixel_sdk/share/dynamixel_sdk/control_table/xw540_h260.model\n'}
[3.160693] (dynamixel_sdk) StdoutLine: {'line': b'-- Symlinking: /home/csilab/turtlebot3_ws/install/dynamixel_sdk/share/dynamixel_sdk/control_table/xw540_t140.model\n'}
[3.170453] (dynamixel_sdk) StdoutLine: {'line': b'-- Symlinking: /home/csilab/turtlebot3_ws/install/dynamixel_sdk/share/dynamixel_sdk/control_table/xw540_t260.model\n'}
[3.180041] (dynamixel_sdk) StdoutLine: {'line': b'-- Symlinking: /home/csilab/turtlebot3_ws/install/dynamixel_sdk/share/dynamixel_sdk/control_table/ym070_210_a051.model\n'}
[3.189239] (dynamixel_sdk) StdoutLine: {'line': b'-- Symlinking: /home/csilab/turtlebot3_ws/install/dynamixel_sdk/share/dynamixel_sdk/control_table/ym070_210_a099.model\n'}
[3.197647] (dynamixel_sdk) StdoutLine: {'line': b'-- Symlinking: /home/csilab/turtlebot3_ws/install/dynamixel_sdk/share/dynamixel_sdk/control_table/ym070_210_b001.model\n'}
[3.206030] (dynamixel_sdk) StdoutLine: {'line': b'-- Symlinking: /home/csilab/turtlebot3_ws/install/dynamixel_sdk/share/dynamixel_sdk/control_table/ym070_210_m001.model\n'}
[3.206804] (-) TimerEvent: {}
[3.215075] (dynamixel_sdk) StdoutLine: {'line': b'-- Symlinking: /home/csilab/turtlebot3_ws/install/dynamixel_sdk/share/dynamixel_sdk/control_table/ym070_210_r051.model\n'}
[3.225051] (dynamixel_sdk) StdoutLine: {'line': b'-- Symlinking: /home/csilab/turtlebot3_ws/install/dynamixel_sdk/share/dynamixel_sdk/control_table/ym070_210_r099.model\n'}
[3.234042] (dynamixel_sdk) StdoutLine: {'line': b'-- Symlinking: /home/csilab/turtlebot3_ws/install/dynamixel_sdk/share/dynamixel_sdk/control_table/ym080_230_a051.model\n'}
[3.243130] (dynamixel_sdk) StdoutLine: {'line': b'-- Symlinking: /home/csilab/turtlebot3_ws/install/dynamixel_sdk/share/dynamixel_sdk/control_table/ym080_230_a099.model\n'}
[3.251927] (dynamixel_sdk) StdoutLine: {'line': b'-- Symlinking: /home/csilab/turtlebot3_ws/install/dynamixel_sdk/share/dynamixel_sdk/control_table/ym080_230_b001.model\n'}
[3.260577] (dynamixel_sdk) StdoutLine: {'line': b'-- Symlinking: /home/csilab/turtlebot3_ws/install/dynamixel_sdk/share/dynamixel_sdk/control_table/ym080_230_m001.model\n'}
[3.270490] (dynamixel_sdk) StdoutLine: {'line': b'-- Symlinking: /home/csilab/turtlebot3_ws/install/dynamixel_sdk/share/dynamixel_sdk/control_table/ym080_230_r051.model\n'}
[3.279954] (dynamixel_sdk) StdoutLine: {'line': b'-- Symlinking: /home/csilab/turtlebot3_ws/install/dynamixel_sdk/share/dynamixel_sdk/control_table/ym080_230_r099.model\n'}
[3.289619] (dynamixel_sdk) StdoutLine: {'line': b'-- Symlinking: /home/csilab/turtlebot3_ws/install/dynamixel_sdk/share/dynamixel_sdk/environment/pythonpath.sh\n'}
[3.298839] (dynamixel_sdk) StdoutLine: {'line': b'-- Symlinking: /home/csilab/turtlebot3_ws/install/dynamixel_sdk/share/dynamixel_sdk/environment/pythonpath.dsv\n'}
[3.306896] (-) TimerEvent: {}
[3.308353] (dynamixel_sdk) StdoutLine: {'line': b'-- Symlinking: /home/csilab/turtlebot3_ws/install/dynamixel_sdk/lib/python3.12/site-packages/dynamixel_sdk-4.0.5-py3.12.egg-info/PKG-INFO\n'}
[3.318263] (dynamixel_sdk) StdoutLine: {'line': b'-- Symlinking: /home/csilab/turtlebot3_ws/install/dynamixel_sdk/lib/python3.12/site-packages/dynamixel_sdk-4.0.5-py3.12.egg-info/SOURCES.txt\n'}
[3.328383] (dynamixel_sdk) StdoutLine: {'line': b'-- Symlinking: /home/csilab/turtlebot3_ws/install/dynamixel_sdk/lib/python3.12/site-packages/dynamixel_sdk-4.0.5-py3.12.egg-info/dependency_links.txt\n'}
[3.337455] (dynamixel_sdk) StdoutLine: {'line': b'-- Symlinking: /home/csilab/turtlebot3_ws/install/dynamixel_sdk/lib/python3.12/site-packages/dynamixel_sdk-4.0.5-py3.12.egg-info/top_level.txt\n'}
[3.348702] (dynamixel_sdk) StdoutLine: {'line': b'-- Symlinking: /home/csilab/turtlebot3_ws/install/dynamixel_sdk/lib/python3.12/site-packages/dynamixel_sdk/__init__.py\n'}
[3.358837] (dynamixel_sdk) StdoutLine: {'line': b'-- Symlinking: /home/csilab/turtlebot3_ws/install/dynamixel_sdk/lib/python3.12/site-packages/dynamixel_sdk/group_bulk_read.cpp\n'}
[3.368742] (dynamixel_sdk) StdoutLine: {'line': b'-- Symlinking: /home/csilab/turtlebot3_ws/install/dynamixel_sdk/lib/python3.12/site-packages/dynamixel_sdk/group_bulk_read.py\n'}
[3.377799] (dynamixel_sdk) StdoutLine: {'line': b'-- Symlinking: /home/csilab/turtlebot3_ws/install/dynamixel_sdk/lib/python3.12/site-packages/dynamixel_sdk/group_bulk_write.cpp\n'}
[3.386842] (dynamixel_sdk) StdoutLine: {'line': b'-- Symlinking: /home/csilab/turtlebot3_ws/install/dynamixel_sdk/lib/python3.12/site-packages/dynamixel_sdk/group_bulk_write.py\n'}
[3.395549] (dynamixel_sdk) StdoutLine: {'line': b'-- Symlinking: /home/csilab/turtlebot3_ws/install/dynamixel_sdk/lib/python3.12/site-packages/dynamixel_sdk/group_fast_bulk_read.cpp\n'}
[3.405411] (dynamixel_sdk) StdoutLine: {'line': b'-- Symlinking: /home/csilab/turtlebot3_ws/install/dynamixel_sdk/lib/python3.12/site-packages/dynamixel_sdk/group_fast_sync_read.cpp\n'}
[3.406976] (-) TimerEvent: {}
[3.415712] (dynamixel_sdk) StdoutLine: {'line': b'-- Symlinking: /home/csilab/turtlebot3_ws/install/dynamixel_sdk/lib/python3.12/site-packages/dynamixel_sdk/group_handler.cpp\n'}
[3.426059] (dynamixel_sdk) StdoutLine: {'line': b'-- Symlinking: /home/csilab/turtlebot3_ws/install/dynamixel_sdk/lib/python3.12/site-packages/dynamixel_sdk/group_sync_read.cpp\n'}
[3.434718] (dynamixel_sdk) StdoutLine: {'line': b'-- Symlinking: /home/csilab/turtlebot3_ws/install/dynamixel_sdk/lib/python3.12/site-packages/dynamixel_sdk/group_sync_read.py\n'}
[3.443219] (dynamixel_sdk) StdoutLine: {'line': b'-- Symlinking: /home/csilab/turtlebot3_ws/install/dynamixel_sdk/lib/python3.12/site-packages/dynamixel_sdk/group_sync_write.cpp\n'}
[3.452110] (dynamixel_sdk) StdoutLine: {'line': b'-- Symlinking: /home/csilab/turtlebot3_ws/install/dynamixel_sdk/lib/python3.12/site-packages/dynamixel_sdk/group_sync_write.py\n'}
[3.461381] (dynamixel_sdk) StdoutLine: {'line': b'-- Symlinking: /home/csilab/turtlebot3_ws/install/dynamixel_sdk/lib/python3.12/site-packages/dynamixel_sdk/packet_handler.cpp\n'}
[3.470764] (dynamixel_sdk) StdoutLine: {'line': b'-- Symlinking: /home/csilab/turtlebot3_ws/install/dynamixel_sdk/lib/python3.12/site-packages/dynamixel_sdk/packet_handler.py\n'}
[3.480985] (dynamixel_sdk) StdoutLine: {'line': b'-- Symlinking: /home/csilab/turtlebot3_ws/install/dynamixel_sdk/lib/python3.12/site-packages/dynamixel_sdk/port_handler.cpp\n'}
[3.489998] (dynamixel_sdk) StdoutLine: {'line': b'-- Symlinking: /home/csilab/turtlebot3_ws/install/dynamixel_sdk/lib/python3.12/site-packages/dynamixel_sdk/port_handler.py\n'}
[3.499890] (dynamixel_sdk) StdoutLine: {'line': b'-- Symlinking: /home/csilab/turtlebot3_ws/install/dynamixel_sdk/lib/python3.12/site-packages/dynamixel_sdk/port_handler_arduino.cpp\n'}
[3.507104] (-) TimerEvent: {}
[3.509785] (dynamixel_sdk) StdoutLine: {'line': b'-- Symlinking: /home/csilab/turtlebot3_ws/install/dynamixel_sdk/lib/python3.12/site-packages/dynamixel_sdk/port_handler_linux.cpp\n'}
[3.519512] (dynamixel_sdk) StdoutLine: {'line': b'-- Symlinking: /home/csilab/turtlebot3_ws/install/dynamixel_sdk/lib/python3.12/site-packages/dynamixel_sdk/port_handler_mac.cpp\n'}
[3.529412] (dynamixel_sdk) StdoutLine: {'line': b'-- Symlinking: /home/csilab/turtlebot3_ws/install/dynamixel_sdk/lib/python3.12/site-packages/dynamixel_sdk/port_handler_windows.cpp\n'}
[3.539077] (dynamixel_sdk) StdoutLine: {'line': b'-- Symlinking: /home/csilab/turtlebot3_ws/install/dynamixel_sdk/lib/python3.12/site-packages/dynamixel_sdk/protocol1_packet_handler.cpp\n'}
[3.549043] (dynamixel_sdk) StdoutLine: {'line': b'-- Symlinking: /home/csilab/turtlebot3_ws/install/dynamixel_sdk/lib/python3.12/site-packages/dynamixel_sdk/protocol1_packet_handler.py\n'}
[3.559803] (dynamixel_sdk) StdoutLine: {'line': b'-- Symlinking: /home/csilab/turtlebot3_ws/install/dynamixel_sdk/lib/python3.12/site-packages/dynamixel_sdk/protocol2_packet_handler.cpp\n'}
[3.568974] (dynamixel_sdk) StdoutLine: {'line': b'-- Symlinking: /home/csilab/turtlebot3_ws/install/dynamixel_sdk/lib/python3.12/site-packages/dynamixel_sdk/protocol2_packet_handler.py\n'}
[3.577875] (dynamixel_sdk) StdoutLine: {'line': b'-- Symlinking: /home/csilab/turtlebot3_ws/install/dynamixel_sdk/lib/python3.12/site-packages/dynamixel_sdk/robotis_def.py\n'}
[3.587414] (dynamixel_sdk) StdoutLine: {'line': b'-- Symlinking: /home/csilab/turtlebot3_ws/install/dynamixel_sdk/lib/python3.12/site-packages/dynamixel_easy_sdk-4.0.5-py3.12.egg-info/PKG-INFO\n'}
[3.596813] (dynamixel_sdk) StdoutLine: {'line': b'-- Symlinking: /home/csilab/turtlebot3_ws/install/dynamixel_sdk/lib/python3.12/site-packages/dynamixel_easy_sdk-4.0.5-py3.12.egg-info/SOURCES.txt\n'}
[3.605541] (dynamixel_sdk) StdoutLine: {'line': b'-- Symlinking: /home/csilab/turtlebot3_ws/install/dynamixel_sdk/lib/python3.12/site-packages/dynamixel_easy_sdk-4.0.5-py3.12.egg-info/dependency_links.txt\n'}
[3.607161] (-) TimerEvent: {}
[3.616099] (dynamixel_sdk) StdoutLine: {'line': b'-- Symlinking: /home/csilab/turtlebot3_ws/install/dynamixel_sdk/lib/python3.12/site-packages/dynamixel_easy_sdk-4.0.5-py3.12.egg-info/top_level.txt\n'}
[3.626490] (dynamixel_sdk) StdoutLine: {'line': b'-- Symlinking: /home/csilab/turtlebot3_ws/install/dynamixel_sdk/lib/python3.12/site-packages/dynamixel_easy_sdk/__init__.py\n'}
[3.635946] (dynamixel_sdk) StdoutLine: {'line': b'-- Symlinking: /home/csilab/turtlebot3_ws/install/dynamixel_sdk/lib/python3.12/site-packages/dynamixel_easy_sdk/connector.cpp\n'}
[3.645378] (dynamixel_sdk) StdoutLine: {'line': b'-- Symlinking: /home/csilab/turtlebot3_ws/install/dynamixel_sdk/lib/python3.12/site-packages/dynamixel_easy_sdk/connector.py\n'}
[3.655193] (dynamixel_sdk) StdoutLine: {'line': b'-- Symlinking: /home/csilab/turtlebot3_ws/install/dynamixel_sdk/lib/python3.12/site-packages/dynamixel_easy_sdk/control_table.cpp\n'}
[3.664330] (dynamixel_sdk) StdoutLine: {'line': b'-- Symlinking: /home/csilab/turtlebot3_ws/install/dynamixel_sdk/lib/python3.12/site-packages/dynamixel_easy_sdk/control_table.py\n'}
[3.672903] (dynamixel_sdk) StdoutLine: {'line': b'-- Symlinking: /home/csilab/turtlebot3_ws/install/dynamixel_sdk/lib/python3.12/site-packages/dynamixel_easy_sdk/data_types.py\n'}
[3.681722] (dynamixel_sdk) StdoutLine: {'line': b'-- Symlinking: /home/csilab/turtlebot3_ws/install/dynamixel_sdk/lib/python3.12/site-packages/dynamixel_easy_sdk/dynamixel_error.cpp\n'}
[3.689961] (dynamixel_sdk) StdoutLine: {'line': b'-- Symlinking: /home/csilab/turtlebot3_ws/install/dynamixel_sdk/lib/python3.12/site-packages/dynamixel_easy_sdk/dynamixel_error.py\n'}
[3.699003] (dynamixel_sdk) StdoutLine: {'line': b'-- Symlinking: /home/csilab/turtlebot3_ws/install/dynamixel_sdk/lib/python3.12/site-packages/dynamixel_easy_sdk/group_executor.cpp\n'}
[3.707272] (-) TimerEvent: {}
[3.709256] (dynamixel_sdk) StdoutLine: {'line': b'-- Symlinking: /home/csilab/turtlebot3_ws/install/dynamixel_sdk/lib/python3.12/site-packages/dynamixel_easy_sdk/group_executor.py\n'}
[3.718559] (dynamixel_sdk) StdoutLine: {'line': b'-- Symlinking: /home/csilab/turtlebot3_ws/install/dynamixel_sdk/lib/python3.12/site-packages/dynamixel_easy_sdk/motor.cpp\n'}
[3.727767] (dynamixel_sdk) StdoutLine: {'line': b'-- Symlinking: /home/csilab/turtlebot3_ws/install/dynamixel_sdk/lib/python3.12/site-packages/dynamixel_easy_sdk/motor.py\n'}
[3.737752] (dynamixel_sdk) StdoutLine: {'line': b'-- Symlinking: /home/csilab/turtlebot3_ws/install/dynamixel_sdk/share/dynamixel_sdk/environment/library_path.sh\n'}
[3.746892] (dynamixel_sdk) StdoutLine: {'line': b'-- Symlinking: /home/csilab/turtlebot3_ws/install/dynamixel_sdk/share/dynamixel_sdk/environment/library_path.dsv\n'}
[3.757257] (dynamixel_sdk) StdoutLine: {'line': b'-- Symlinking: /home/csilab/turtlebot3_ws/install/dynamixel_sdk/share/ament_index/resource_index/package_run_dependencies/dynamixel_sdk\n'}
[3.766061] (dynamixel_sdk) StdoutLine: {'line': b'-- Symlinking: /home/csilab/turtlebot3_ws/install/dynamixel_sdk/share/ament_index/resource_index/parent_prefix_path/dynamixel_sdk\n'}
[3.774374] (dynamixel_sdk) StdoutLine: {'line': b'-- Symlinking: /home/csilab/turtlebot3_ws/install/dynamixel_sdk/share/dynamixel_sdk/environment/ament_prefix_path.sh\n'}
[3.783379] (dynamixel_sdk) StdoutLine: {'line': b'-- Symlinking: /home/csilab/turtlebot3_ws/install/dynamixel_sdk/share/dynamixel_sdk/environment/ament_prefix_path.dsv\n'}
[3.792357] (dynamixel_sdk) StdoutLine: {'line': b'-- Symlinking: /home/csilab/turtlebot3_ws/install/dynamixel_sdk/share/dynamixel_sdk/environment/path.sh\n'}
[3.802576] (dynamixel_sdk) StdoutLine: {'line': b'-- Symlinking: /home/csilab/turtlebot3_ws/install/dynamixel_sdk/share/dynamixel_sdk/environment/path.dsv\n'}
[3.807343] (-) TimerEvent: {}
[3.812174] (dynamixel_sdk) StdoutLine: {'line': b'-- Symlinking: /home/csilab/turtlebot3_ws/install/dynamixel_sdk/share/dynamixel_sdk/local_setup.bash\n'}
[3.822549] (dynamixel_sdk) StdoutLine: {'line': b'-- Symlinking: /home/csilab/turtlebot3_ws/install/dynamixel_sdk/share/dynamixel_sdk/local_setup.sh\n'}
[3.832480] (dynamixel_sdk) StdoutLine: {'line': b'-- Symlinking: /home/csilab/turtlebot3_ws/install/dynamixel_sdk/share/dynamixel_sdk/local_setup.zsh\n'}
[3.842246] (dynamixel_sdk) StdoutLine: {'line': b'-- Symlinking: /home/csilab/turtlebot3_ws/install/dynamixel_sdk/share/dynamixel_sdk/local_setup.dsv\n'}
[3.852142] (dynamixel_sdk) StdoutLine: {'line': b'-- Symlinking: /home/csilab/turtlebot3_ws/install/dynamixel_sdk/share/dynamixel_sdk/package.dsv\n'}
[3.861960] (dynamixel_sdk) StdoutLine: {'line': b'-- Symlinking: /home/csilab/turtlebot3_ws/install/dynamixel_sdk/share/ament_index/resource_index/packages/dynamixel_sdk\n'}
[3.871350] (dynamixel_sdk) StdoutLine: {'line': b'-- Symlinking: /home/csilab/turtlebot3_ws/install/dynamixel_sdk/share/dynamixel_sdk/cmake/ament_cmake_export_targets-extras.cmake\n'}
[3.881837] (dynamixel_sdk) StdoutLine: {'line': b'-- Symlinking: /home/csilab/turtlebot3_ws/install/dynamixel_sdk/share/dynamixel_sdk/cmake/ament_cmake_export_include_directories-extras.cmake\n'}
[3.891912] (dynamixel_sdk) StdoutLine: {'line': b'-- Symlinking: /home/csilab/turtlebot3_ws/install/dynamixel_sdk/share/dynamixel_sdk/cmake/ament_cmake_export_libraries-extras.cmake\n'}
[3.902403] (dynamixel_sdk) StdoutLine: {'line': b'-- Symlinking: /home/csilab/turtlebot3_ws/install/dynamixel_sdk/share/dynamixel_sdk/cmake/dynamixel_sdkConfig.cmake\n'}
[3.907413] (-) TimerEvent: {}
[3.912622] (dynamixel_sdk) StdoutLine: {'line': b'-- Symlinking: /home/csilab/turtlebot3_ws/install/dynamixel_sdk/share/dynamixel_sdk/cmake/dynamixel_sdkConfig-version.cmake\n'}
[3.921976] (dynamixel_sdk) StdoutLine: {'line': b'-- Symlinking: /home/csilab/turtlebot3_ws/install/dynamixel_sdk/share/dynamixel_sdk/package.xml\n'}
[3.931635] (dynamixel_sdk) StdoutLine: {'line': b'-- Installing: /home/csilab/turtlebot3_ws/install/dynamixel_sdk/lib/libdynamixel_sdk.so\n'}
[3.979239] (dynamixel_sdk) StdoutLine: {'line': b"Listing '/home/csilab/turtlebot3_ws/install/dynamixel_sdk/lib/python3.12/site-packages/dynamixel_sdk'...\n"}
[3.979519] (dynamixel_sdk) StdoutLine: {'line': b"Compiling '/home/csilab/turtlebot3_ws/install/dynamixel_sdk/lib/python3.12/site-packages/dynamixel_sdk/__init__.py'...\n"}
[3.979646] (dynamixel_sdk) StdoutLine: {'line': b"Compiling '/home/csilab/turtlebot3_ws/install/dynamixel_sdk/lib/python3.12/site-packages/dynamixel_sdk/group_bulk_read.py'...\n"}
[3.979762] (dynamixel_sdk) StdoutLine: {'line': b"Compiling '/home/csilab/turtlebot3_ws/install/dynamixel_sdk/lib/python3.12/site-packages/dynamixel_sdk/group_bulk_write.py'...\n"}
[3.979869] (dynamixel_sdk) StdoutLine: {'line': b"Compiling '/home/csilab/turtlebot3_ws/install/dynamixel_sdk/lib/python3.12/site-packages/dynamixel_sdk/group_sync_read.py'...\n"}
[3.979970] (dynamixel_sdk) StdoutLine: {'line': b"Compiling '/home/csilab/turtlebot3_ws/install/dynamixel_sdk/lib/python3.12/site-packages/dynamixel_sdk/group_sync_write.py'...\n"}
[3.980072] (dynamixel_sdk) StdoutLine: {'line': b"Compiling '/home/csilab/turtlebot3_ws/install/dynamixel_sdk/lib/python3.12/site-packages/dynamixel_sdk/packet_handler.py'...\n"}
[3.980174] (dynamixel_sdk) StdoutLine: {'line': b"Compiling '/home/csilab/turtlebot3_ws/install/dynamixel_sdk/lib/python3.12/site-packages/dynamixel_sdk/port_handler.py'...\n"}
[3.980284] (dynamixel_sdk) StdoutLine: {'line': b"Compiling '/home/csilab/turtlebot3_ws/install/dynamixel_sdk/lib/python3.12/site-packages/dynamixel_sdk/protocol1_packet_handler.py'...\n"}
[3.980341] (dynamixel_sdk) StdoutLine: {'line': b"Compiling '/home/csilab/turtlebot3_ws/install/dynamixel_sdk/lib/python3.12/site-packages/dynamixel_sdk/protocol2_packet_handler.py'...\n"}
[3.980386] (dynamixel_sdk) StdoutLine: {'line': b"Compiling '/home/csilab/turtlebot3_ws/install/dynamixel_sdk/lib/python3.12/site-packages/dynamixel_sdk/robotis_def.py'...\n"}
[4.007538] (-) TimerEvent: {}
[4.022320] (dynamixel_sdk) StdoutLine: {'line': b"Listing '/home/csilab/turtlebot3_ws/install/dynamixel_sdk/lib/python3.12/site-packages/dynamixel_easy_sdk'...\n"}
[4.022544] (dynamixel_sdk) StdoutLine: {'line': b"Compiling '/home/csilab/turtlebot3_ws/install/dynamixel_sdk/lib/python3.12/site-packages/dynamixel_easy_sdk/__init__.py'...\n"}
[4.022667] (dynamixel_sdk) StdoutLine: {'line': b"Compiling '/home/csilab/turtlebot3_ws/install/dynamixel_sdk/lib/python3.12/site-packages/dynamixel_easy_sdk/connector.py'...\n"}
[4.022797] (dynamixel_sdk) StdoutLine: {'line': b"Compiling '/home/csilab/turtlebot3_ws/install/dynamixel_sdk/lib/python3.12/site-packages/dynamixel_easy_sdk/control_table.py'...\n"}
[4.022908] (dynamixel_sdk) StdoutLine: {'line': b"Compiling '/home/csilab/turtlebot3_ws/install/dynamixel_sdk/lib/python3.12/site-packages/dynamixel_easy_sdk/data_types.py'...\n"}
[4.023017] (dynamixel_sdk) StdoutLine: {'line': b"Compiling '/home/csilab/turtlebot3_ws/install/dynamixel_sdk/lib/python3.12/site-packages/dynamixel_easy_sdk/dynamixel_error.py'...\n"}
[4.023116] (dynamixel_sdk) StdoutLine: {'line': b"Compiling '/home/csilab/turtlebot3_ws/install/dynamixel_sdk/lib/python3.12/site-packages/dynamixel_easy_sdk/group_executor.py'...\n"}
[4.023221] (dynamixel_sdk) StdoutLine: {'line': b"Compiling '/home/csilab/turtlebot3_ws/install/dynamixel_sdk/lib/python3.12/site-packages/dynamixel_easy_sdk/motor.py'...\n"}
[4.027045] (dynamixel_sdk) StdoutLine: {'line': b'-- Installing: /home/csilab/turtlebot3_ws/install/dynamixel_sdk/share/dynamixel_sdk/cmake/dynamixel_sdkExport.cmake\n'}
[4.027318] (dynamixel_sdk) StdoutLine: {'line': b'-- Installing: /home/csilab/turtlebot3_ws/install/dynamixel_sdk/share/dynamixel_sdk/cmake/dynamixel_sdkExport-noconfig.cmake\n'}
[4.029459] (dynamixel_sdk) CommandEnded: {'returncode': 0}
[4.053730] (dynamixel_sdk) JobEnded: {'identifier': 'dynamixel_sdk', 'rc': 0}
[4.054371] (dynamixel_sdk_custom_interfaces) JobStarted: {'identifier': 'dynamixel_sdk_custom_interfaces'}
[4.062068] (dynamixel_sdk_custom_interfaces) JobProgress: {'identifier': 'dynamixel_sdk_custom_interfaces', 'progress': 'cmake'}
[4.062771] (dynamixel_sdk_custom_interfaces) Command: {'cmd': ['/usr/bin/cmake', '/home/csilab/turtlebot3_ws/src/DynamixelSDK/ros/dynamixel_sdk_custom_interfaces', '-DAMENT_CMAKE_SYMLINK_INSTALL=1', '-DCMAKE_INSTALL_PREFIX=/home/csilab/turtlebot3_ws/install/dynamixel_sdk_custom_interfaces'], 'cwd': '/home/csilab/turtlebot3_ws/build/dynamixel_sdk_custom_interfaces', 'env': OrderedDict({'LESSOPEN': '| /usr/bin/lesspipe %s', 'LANGUAGE': 'ko:en', 'USER': 'csilab', 'LC_TIME': 'en_US.UTF-8', 'GZ_CONFIG_PATH': '/opt/ros/jazzy/opt/gz_sim_vendor/share/gz:/opt/ros/jazzy/opt/sdformat_vendor/share/gz:/opt/ros/jazzy/opt/gz_gui_vendor/share/gz:/opt/ros/jazzy/opt/gz_transport_vendor/share/gz:/opt/ros/jazzy/opt/gz_rendering_vendor/share/gz:/opt/ros/jazzy/opt/gz_plugin_vendor/share/gz:/opt/ros/jazzy/opt/gz_fuel_tools_vendor/share/gz:/opt/ros/jazzy/opt/gz_msgs_vendor/share/gz:/opt/ros/jazzy/opt/gz_common_vendor/share/gz', 'XDG_SESSION_TYPE': 'wayland', 'CLUTTER_DISABLE_MIPMAPPED_TEXT': '1', 'SHLVL': '1', 'LD_LIBRARY_PATH': '/home/csilab/turtlebot3_ws/install/dynamixel_sdk_custom_interfaces/lib:/home/csilab/turtlebot3_ws/install/dynamixel_sdk/lib:/opt/ros/jazzy/opt/gz_sim_vendor/lib:/opt/ros/jazzy/opt/gz_sensors_vendor/lib:/opt/ros/jazzy/opt/gz_physics_vendor/lib:/opt/ros/jazzy/opt/sdformat_vendor/lib:/opt/ros/jazzy/opt/rviz_ogre_vendor/lib:/opt/ros/jazzy/lib/x86_64-linux-gnu:/opt/ros/jazzy/opt/gz_gui_vendor/lib:/opt/ros/jazzy/opt/gz_transport_vendor/lib:/opt/ros/jazzy/opt/gz_rendering_vendor/lib:/opt/ros/jazzy/opt/gz_plugin_vendor/lib:/opt/ros/jazzy/opt/gz_fuel_tools_vendor/lib:/opt/ros/jazzy/opt/gz_msgs_vendor/lib:/opt/ros/jazzy/opt/gz_common_vendor/lib:/opt/ros/jazzy/opt/gz_math_vendor/lib:/opt/ros/jazzy/opt/gz_utils_vendor/lib:/opt/ros/jazzy/opt/gz_tools_vendor/lib:/opt/ros/jazzy/opt/gz_ogre_next_vendor/lib:/opt/ros/jazzy/opt/gz_dartsim_vendor/lib:/opt/ros/jazzy/opt/gz_cmake_vendor/lib:/opt/ros/jazzy/lib', 'HOME': '/home/csilab', 'OLDPWD': '/home/csilab', 'DESKTOP_SESSION': 'ubuntu', 'ROS_PYTHON_VERSION': '3', 'GNOME_SHELL_SESSION_MODE': 'ubuntu', 'GTK_MODULES': 'gail:atk-bridge', 'LC_MONETARY': 'en_US.UTF-8', 'SYSTEMD_EXEC_PID': '2982', 'GSM_SKIP_SSH_AGENT_WORKAROUND': 'true', 'DBUS_SESSION_BUS_ADDRESS': 'unix:path=/run/user/1000/bus', 'COLORTERM': 'truecolor', 'DEBUGINFOD_URLS': 'https://debuginfod.ubuntu.com', 'IM_CONFIG_PHASE': '1', 'WAYLAND_DISPLAY': 'wayland-0', 'COLCON_PREFIX_PATH': '/home/csilab/turtlebot3_ws/install', 'ROS_DISTRO': 'jazzy', 'LOGNAME': 'csilab', '_': '/usr/bin/colcon', 'ROS_VERSION': '2', 'MEMORY_PRESSURE_WATCH': '/sys/fs/cgroup/user.slice/user-1000.slice/user@1000.service/session.slice/org.gnome.Shell@wayland.service/memory.pressure', 'XDG_SESSION_CLASS': 'user', 'USERNAME': 'csilab', 'TERM': 'xterm-256color', 'GNOME_DESKTOP_SESSION_ID': 'this-is-deprecated', 'ROS_LOCALHOST_ONLY': '0', 'PATH': '/opt/ros/jazzy/opt/gz_msgs_vendor/bin:/opt/ros/jazzy/opt/gz_tools_vendor/bin:/opt/ros/jazzy/opt/gz_ogre_next_vendor/bin:/opt/ros/jazzy/bin:/home/csilab/.local/bin:/usr/local/sbin:/usr/local/bin:/usr/sbin:/usr/bin:/sbin:/bin:/usr/games:/usr/local/games:/snap/bin:/snap/bin', 'SESSION_MANAGER': 'local/turtle-jeong:@/tmp/.ICE-unix/2949,unix/turtle-jeong:/tmp/.ICE-unix/2949', 'PAPERSIZE': 'letter', 'XDG_MENU_PREFIX': 'gnome-', 'LC_ADDRESS': 'en_US.UTF-8', 'GNOME_TERMINAL_SCREEN': '/org/gnome/Terminal/screen/2f4e7b85_68a8_4b0b_822e_d2ca6887dc44', 'GNOME_SETUP_DISPLAY': ':1', 'XDG_RUNTIME_DIR': '/run/user/1000', 'DISPLAY': ':0', 'LANG': 'ko_KR.UTF-8', 'XDG_CURRENT_DESKTOP': 'ubuntu:GNOME', 'LC_TELEPHONE': 'en_US.UTF-8', 'XMODIFIERS': '@im=ibus', 'XDG_SESSION_DESKTOP': 'ubuntu', 'XAUTHORITY': '/run/user/1000/.mutter-Xwaylandauth.FV4ZR3', 'LS_COLORS': 'rs=0:di=01;34:ln=01;36:mh=00:pi=40;33:so=01;35:do=01;35:bd=40;33;01:cd=40;33;01:or=40;31;01:mi=00:su=37;41:sg=30;43:ca=00:tw=30;42:ow=34;42:st=37;44:ex=01;32:*.tar=01;31:*.tgz=01;31:*.arc=01;31:*.arj=01;31:*.taz=01;31:*.lha=01;31:*.lz4=01;31:*.lzh=01;31:*.lzma=01;31:*.tlz=01;31:*.txz=01;31:*.tzo=01;31:*.t7z=01;31:*.zip=01;31:*.z=01;31:*.dz=01;31:*.gz=01;31:*.lrz=01;31:*.lz=01;31:*.lzo=01;31:*.xz=01;31:*.zst=01;31:*.tzst=01;31:*.bz2=01;31:*.bz=01;31:*.tbz=01;31:*.tbz2=01;31:*.tz=01;31:*.deb=01;31:*.rpm=01;31:*.jar=01;31:*.war=01;31:*.ear=01;31:*.sar=01;31:*.rar=01;31:*.alz=01;31:*.ace=01;31:*.zoo=01;31:*.cpio=01;31:*.7z=01;31:*.rz=01;31:*.cab=01;31:*.wim=01;31:*.swm=01;31:*.dwm=01;31:*.esd=01;31:*.avif=01;35:*.jpg=01;35:*.jpeg=01;35:*.mjpg=01;35:*.mjpeg=01;35:*.gif=01;35:*.bmp=01;35:*.pbm=01;35:*.pgm=01;35:*.ppm=01;35:*.tga=01;35:*.xbm=01;35:*.xpm=01;35:*.tif=01;35:*.tiff=01;35:*.png=01;35:*.svg=01;35:*.svgz=01;35:*.mng=01;35:*.pcx=01;35:*.mov=01;35:*.mpg=01;35:*.mpeg=01;35:*.m2v=01;35:*.mkv=01;35:*.webm=01;35:*.webp=01;35:*.ogm=01;35:*.mp4=01;35:*.m4v=01;35:*.mp4v=01;35:*.vob=01;35:*.qt=01;35:*.nuv=01;35:*.wmv=01;35:*.asf=01;35:*.rm=01;35:*.rmvb=01;35:*.flc=01;35:*.avi=01;35:*.fli=01;35:*.flv=01;35:*.gl=01;35:*.dl=01;35:*.xcf=01;35:*.xwd=01;35:*.yuv=01;35:*.cgm=01;35:*.emf=01;35:*.ogv=01;35:*.ogx=01;35:*.aac=00;36:*.au=00;36:*.flac=00;36:*.m4a=00;36:*.mid=00;36:*.midi=00;36:*.mka=00;36:*.mp3=00;36:*.mpc=00;36:*.ogg=00;36:*.ra=00;36:*.wav=00;36:*.oga=00;36:*.opus=00;36:*.spx=00;36:*.xspf=00;36:*~=00;90:*#=00;90:*.bak=00;90:*.crdownload=00;90:*.dpkg-dist=00;90:*.dpkg-new=00;90:*.dpkg-old=00;90:*.dpkg-tmp=00;90:*.old=00;90:*.orig=00;90:*.part=00;90:*.rej=00;90:*.rpmnew=00;90:*.rpmorig=00;90:*.rpmsave=00;90:*.swp=00;90:*.tmp=00;90:*.ucf-dist=00;90:*.ucf-new=00;90:*.ucf-old=00;90:', 'GNOME_TERMINAL_SERVICE': ':1.12184', 'SSH_AUTH_SOCK': '/run/user/1000/keyring/ssh', 'ROS_DOMAIN_ID': '30', 'AMENT_PREFIX_PATH': '/opt/ros/jazzy', 'SHELL': '/bin/bash', 'LC_NAME': 'en_US.UTF-8', 'QT_ACCESSIBILITY': '1', 'GDMSESSION': 'ubuntu', 'LESSCLOSE': '/usr/bin/lesspipe %s %s', 'LC_MEASUREMENT': 'en_US.UTF-8', 'LC_IDENTIFICATION': 'en_US.UTF-8', 'ROS_AUTOMATIC_DISCOVERY_RANGE': 'SUBNET', 'QT_IM_MODULE': 'ibus', 'PWD': '/home/csilab/turtlebot3_ws/build/dynamixel_sdk_custom_interfaces', 'LC_ALL': 'en_US.UTF-8', 'XDG_CONFIG_DIRS': '/etc/xdg/xdg-ubuntu:/etc/xdg', 'XDG_DATA_DIRS': '/usr/share/ubuntu:/usr/share/gnome:/usr/local/share/:/usr/share/:/var/lib/snapd/desktop', 'LDS_MODEL': 'LDS-02', 'PYTHONPATH': '/home/csilab/turtlebot3_ws/install/dynamixel_sdk_custom_interfaces/lib/python3.12/site-packages:/home/csilab/turtlebot3_ws/install/dynamixel_sdk/lib/python3.12/site-packages:/opt/ros/jazzy/lib/python3.12/site-packages', 'LC_NUMERIC': 'en_US.UTF-8', 'LC_PAPER': 'en_US.UTF-8', 'COLCON': '1', 'MEMORY_PRESSURE_WRITE': 'c29tZSAyMDAwMDAgMjAwMDAwMAA=', 'VTE_VERSION': '7600', 'CMAKE_PREFIX_PATH': '/home/csilab/turtlebot3_ws/install/dynamixel_sdk_examples:/home/csilab/turtlebot3_ws/install/dynamixel_sdk_custom_interfaces:/home/csilab/turtlebot3_ws/install/dynamixel_sdk:/opt/ros/jazzy/opt/gz_sim_vendor:/opt/ros/jazzy/opt/gz_sensors_vendor:/opt/ros/jazzy/opt/gz_physics_vendor:/opt/ros/jazzy/opt/sdformat_vendor:/opt/ros/jazzy/opt/gz_gui_vendor:/opt/ros/jazzy/opt/gz_transport_vendor:/opt/ros/jazzy/opt/gz_rendering_vendor:/opt/ros/jazzy/opt/gz_plugin_vendor:/opt/ros/jazzy/opt/gz_fuel_tools_vendor:/opt/ros/jazzy/opt/gz_msgs_vendor:/opt/ros/jazzy/opt/gz_common_vendor:/opt/ros/jazzy/opt/gz_math_vendor:/opt/ros/jazzy/opt/gz_utils_vendor:/opt/ros/jazzy/opt/gz_tools_vendor:/opt/ros/jazzy/opt/gz_ogre_next_vendor:/opt/ros/jazzy/opt/gz_dartsim_vendor:/opt/ros/jazzy/opt/gz_cmake_vendor:/opt/ros/jazzy'}), 'shell': False}
[4.107639] (-) TimerEvent: {}
[4.115496] (dynamixel_sdk_custom_interfaces) StdoutLine: {'line': b'-- The C compiler identification is GNU 13.3.0\n'}
[4.165331] (dynamixel_sdk_custom_interfaces) StdoutLine: {'line': b'-- The CXX compiler identification is GNU 13.3.0\n'}
[4.182330] (dynamixel_sdk_custom_interfaces) StdoutLine: {'line': b'-- Detecting C compiler ABI info\n'}
[4.207744] (-) TimerEvent: {}
[4.271689] (dynamixel_sdk_custom_interfaces) StdoutLine: {'line': b'-- Detecting C compiler ABI info - done\n'}
[4.278873] (dynamixel_sdk_custom_interfaces) StdoutLine: {'line': b'-- Check for working C compiler: /usr/bin/cc - skipped\n'}
[4.279089] (dynamixel_sdk_custom_interfaces) StdoutLine: {'line': b'-- Detecting C compile features\n'}
[4.279418] (dynamixel_sdk_custom_interfaces) StdoutLine: {'line': b'-- Detecting C compile features - done\n'}
[4.288408] (dynamixel_sdk_custom_interfaces) StdoutLine: {'line': b'-- Detecting CXX compiler ABI info\n'}
[4.307844] (-) TimerEvent: {}
[4.385158] (dynamixel_sdk_custom_interfaces) StdoutLine: {'line': b'-- Detecting CXX compiler ABI info - done\n'}
[4.392683] (dynamixel_sdk_custom_interfaces) StdoutLine: {'line': b'-- Check for working CXX compiler: /usr/bin/c++ - skipped\n'}
[4.392876] (dynamixel_sdk_custom_interfaces) StdoutLine: {'line': b'-- Detecting CXX compile features\n'}
[4.393315] (dynamixel_sdk_custom_interfaces) StdoutLine: {'line': b'-- Detecting CXX compile features - done\n'}
[4.398428] (dynamixel_sdk_custom_interfaces) StdoutLine: {'line': b'-- Found ament_cmake: 2.5.6 (/opt/ros/jazzy/share/ament_cmake/cmake)\n'}
[4.407905] (-) TimerEvent: {}
[4.508083] (-) TimerEvent: {}
[4.542272] (dynamixel_sdk_custom_interfaces) StdoutLine: {'line': b'-- Found Python3: /usr/bin/python3 (found version "3.12.3") found components: Interpreter \n'}
[4.602565] (dynamixel_sdk_custom_interfaces) StdoutLine: {'line': b'-- Override CMake install command with custom implementation using symlinks instead of copying resources\n'}
[4.608150] (-) TimerEvent: {}
[4.666898] (dynamixel_sdk_custom_interfaces) StdoutLine: {'line': b'-- Found builtin_interfaces: 2.0.4 (/opt/ros/jazzy/share/builtin_interfaces/cmake)\n'}
[4.708293] (-) TimerEvent: {}
[4.742432] (dynamixel_sdk_custom_interfaces) StdoutLine: {'line': b'-- Found rosidl_generator_c: 4.6.9 (/opt/ros/jazzy/share/rosidl_generator_c/cmake)\n'}
[4.766665] (dynamixel_sdk_custom_interfaces) StdoutLine: {'line': b'-- Found rosidl_generator_cpp: 4.6.9 (/opt/ros/jazzy/share/rosidl_generator_cpp/cmake)\n'}
[4.797651] (dynamixel_sdk_custom_interfaces) StdoutLine: {'line': b'-- Using all available rosidl_typesupport_c: rosidl_typesupport_fastrtps_c;rosidl_typesupport_introspection_c\n'}
[4.808348] (-) TimerEvent: {}
[4.825003] (dynamixel_sdk_custom_interfaces) StdoutLine: {'line': b'-- Using all available rosidl_typesupport_cpp: rosidl_typesupport_fastrtps_cpp;rosidl_typesupport_introspection_cpp\n'}
[4.849952] (dynamixel_sdk_custom_interfaces) StdoutLine: {'line': b'-- Found rosidl_default_generators: 1.6.1 (/opt/ros/jazzy/share/rosidl_default_generators/cmake)\n'}
[4.882302] (dynamixel_sdk_custom_interfaces) StdoutLine: {'line': b'-- Found rosidl_adapter: 4.6.9 (/opt/ros/jazzy/share/rosidl_adapter/cmake)\n'}
[4.908494] (-) TimerEvent: {}
[5.008801] (-) TimerEvent: {}
[5.109068] (-) TimerEvent: {}
[5.209317] (-) TimerEvent: {}
[5.309576] (-) TimerEvent: {}
[5.404630] (dynamixel_sdk_custom_interfaces) StdoutLine: {'line': b'-- Found ament_cmake_ros: 0.12.1 (/opt/ros/jazzy/share/ament_cmake_ros/cmake)\n'}
[5.409661] (-) TimerEvent: {}
[5.509904] (-) TimerEvent: {}
[5.610163] (-) TimerEvent: {}
[5.710420] (-) TimerEvent: {}
[5.810681] (-) TimerEvent: {}
[5.910905] (-) TimerEvent: {}
[6.011188] (-) TimerEvent: {}
[6.024325] (dynamixel_sdk_custom_interfaces) StdoutLine: {'line': b'-- Using all available rosidl_typesupport_c: rosidl_typesupport_fastrtps_c;rosidl_typesupport_introspection_c\n'}
[6.111331] (-) TimerEvent: {}
[6.211596] (-) TimerEvent: {}
[6.268923] (dynamixel_sdk_custom_interfaces) StdoutLine: {'line': b'-- Using all available rosidl_typesupport_cpp: rosidl_typesupport_fastrtps_cpp;rosidl_typesupport_introspection_cpp\n'}
[6.275901] (dynamixel_sdk_custom_interfaces) StdoutLine: {'line': b'-- Found python_cmake_module: 0.11.1 (/opt/ros/jazzy/share/python_cmake_module/cmake)\n'}
[6.311718] (-) TimerEvent: {}
[6.393981] (dynamixel_sdk_custom_interfaces) StdoutLine: {'line': b'-- Found PythonExtra: /usr/bin/python3  \n'}
[6.411810] (-) TimerEvent: {}
[6.512051] (-) TimerEvent: {}
[6.612254] (-) TimerEvent: {}
[6.712463] (-) TimerEvent: {}
[6.786335] (dynamixel_sdk_custom_interfaces) StdoutLine: {'line': b'-- Found Python3: /usr/bin/python3 (found version "3.12.3") found components: Interpreter Development NumPy Development.Module Development.Embed \n'}
[6.812582] (-) TimerEvent: {}
[6.843109] (dynamixel_sdk_custom_interfaces) StdoutLine: {'line': b'-- Found Python3: /usr/bin/python3 (found version "3.12.3") found components: Interpreter \n'}
[6.853805] (dynamixel_sdk_custom_interfaces) StdoutLine: {'line': b'-- Configuring done (2.8s)\n'}
[6.886228] (dynamixel_sdk_custom_interfaces) StdoutLine: {'line': b'-- Generating done (0.0s)\n'}
[6.895056] (dynamixel_sdk_custom_interfaces) StdoutLine: {'line': b'-- Build files have been written to: /home/csilab/turtlebot3_ws/build/dynamixel_sdk_custom_interfaces\n'}
[6.904427] (dynamixel_sdk_custom_interfaces) CommandEnded: {'returncode': 0}
[6.905076] (dynamixel_sdk_custom_interfaces) JobProgress: {'identifier': 'dynamixel_sdk_custom_interfaces', 'progress': 'build'}
[6.905494] (dynamixel_sdk_custom_interfaces) Command: {'cmd': ['/usr/bin/cmake', '--build', '/home/csilab/turtlebot3_ws/build/dynamixel_sdk_custom_interfaces', '--', '-j12', '-l12'], 'cwd': '/home/csilab/turtlebot3_ws/build/dynamixel_sdk_custom_interfaces', 'env': OrderedDict({'LESSOPEN': '| /usr/bin/lesspipe %s', 'LANGUAGE': 'ko:en', 'USER': 'csilab', 'LC_TIME': 'en_US.UTF-8', 'GZ_CONFIG_PATH': '/opt/ros/jazzy/opt/gz_sim_vendor/share/gz:/opt/ros/jazzy/opt/sdformat_vendor/share/gz:/opt/ros/jazzy/opt/gz_gui_vendor/share/gz:/opt/ros/jazzy/opt/gz_transport_vendor/share/gz:/opt/ros/jazzy/opt/gz_rendering_vendor/share/gz:/opt/ros/jazzy/opt/gz_plugin_vendor/share/gz:/opt/ros/jazzy/opt/gz_fuel_tools_vendor/share/gz:/opt/ros/jazzy/opt/gz_msgs_vendor/share/gz:/opt/ros/jazzy/opt/gz_common_vendor/share/gz', 'XDG_SESSION_TYPE': 'wayland', 'CLUTTER_DISABLE_MIPMAPPED_TEXT': '1', 'SHLVL': '1', 'LD_LIBRARY_PATH': '/home/csilab/turtlebot3_ws/install/dynamixel_sdk_custom_interfaces/lib:/home/csilab/turtlebot3_ws/install/dynamixel_sdk/lib:/opt/ros/jazzy/opt/gz_sim_vendor/lib:/opt/ros/jazzy/opt/gz_sensors_vendor/lib:/opt/ros/jazzy/opt/gz_physics_vendor/lib:/opt/ros/jazzy/opt/sdformat_vendor/lib:/opt/ros/jazzy/opt/rviz_ogre_vendor/lib:/opt/ros/jazzy/lib/x86_64-linux-gnu:/opt/ros/jazzy/opt/gz_gui_vendor/lib:/opt/ros/jazzy/opt/gz_transport_vendor/lib:/opt/ros/jazzy/opt/gz_rendering_vendor/lib:/opt/ros/jazzy/opt/gz_plugin_vendor/lib:/opt/ros/jazzy/opt/gz_fuel_tools_vendor/lib:/opt/ros/jazzy/opt/gz_msgs_vendor/lib:/opt/ros/jazzy/opt/gz_common_vendor/lib:/opt/ros/jazzy/opt/gz_math_vendor/lib:/opt/ros/jazzy/opt/gz_utils_vendor/lib:/opt/ros/jazzy/opt/gz_tools_vendor/lib:/opt/ros/jazzy/opt/gz_ogre_next_vendor/lib:/opt/ros/jazzy/opt/gz_dartsim_vendor/lib:/opt/ros/jazzy/opt/gz_cmake_vendor/lib:/opt/ros/jazzy/lib', 'HOME': '/home/csilab', 'OLDPWD': '/home/csilab', 'DESKTOP_SESSION': 'ubuntu', 'ROS_PYTHON_VERSION': '3', 'GNOME_SHELL_SESSION_MODE': 'ubuntu', 'GTK_MODULES': 'gail:atk-bridge', 'LC_MONETARY': 'en_US.UTF-8', 'SYSTEMD_EXEC_PID': '2982', 'GSM_SKIP_SSH_AGENT_WORKAROUND': 'true', 'DBUS_SESSION_BUS_ADDRESS': 'unix:path=/run/user/1000/bus', 'COLORTERM': 'truecolor', 'DEBUGINFOD_URLS': 'https://debuginfod.ubuntu.com', 'IM_CONFIG_PHASE': '1', 'WAYLAND_DISPLAY': 'wayland-0', 'COLCON_PREFIX_PATH': '/home/csilab/turtlebot3_ws/install', 'ROS_DISTRO': 'jazzy', 'LOGNAME': 'csilab', '_': '/usr/bin/colcon', 'ROS_VERSION': '2', 'MEMORY_PRESSURE_WATCH': '/sys/fs/cgroup/user.slice/user-1000.slice/user@1000.service/session.slice/org.gnome.Shell@wayland.service/memory.pressure', 'XDG_SESSION_CLASS': 'user', 'USERNAME': 'csilab', 'TERM': 'xterm-256color', 'GNOME_DESKTOP_SESSION_ID': 'this-is-deprecated', 'ROS_LOCALHOST_ONLY': '0', 'PATH': '/opt/ros/jazzy/opt/gz_msgs_vendor/bin:/opt/ros/jazzy/opt/gz_tools_vendor/bin:/opt/ros/jazzy/opt/gz_ogre_next_vendor/bin:/opt/ros/jazzy/bin:/home/csilab/.local/bin:/usr/local/sbin:/usr/local/bin:/usr/sbin:/usr/bin:/sbin:/bin:/usr/games:/usr/local/games:/snap/bin:/snap/bin', 'SESSION_MANAGER': 'local/turtle-jeong:@/tmp/.ICE-unix/2949,unix/turtle-jeong:/tmp/.ICE-unix/2949', 'PAPERSIZE': 'letter', 'XDG_MENU_PREFIX': 'gnome-', 'LC_ADDRESS': 'en_US.UTF-8', 'GNOME_TERMINAL_SCREEN': '/org/gnome/Terminal/screen/2f4e7b85_68a8_4b0b_822e_d2ca6887dc44', 'GNOME_SETUP_DISPLAY': ':1', 'XDG_RUNTIME_DIR': '/run/user/1000', 'DISPLAY': ':0', 'LANG': 'ko_KR.UTF-8', 'XDG_CURRENT_DESKTOP': 'ubuntu:GNOME', 'LC_TELEPHONE': 'en_US.UTF-8', 'XMODIFIERS': '@im=ibus', 'XDG_SESSION_DESKTOP': 'ubuntu', 'XAUTHORITY': '/run/user/1000/.mutter-Xwaylandauth.FV4ZR3', 'LS_COLORS': 'rs=0:di=01;34:ln=01;36:mh=00:pi=40;33:so=01;35:do=01;35:bd=40;33;01:cd=40;33;01:or=40;31;01:mi=00:su=37;41:sg=30;43:ca=00:tw=30;42:ow=34;42:st=37;44:ex=01;32:*.tar=01;31:*.tgz=01;31:*.arc=01;31:*.arj=01;31:*.taz=01;31:*.lha=01;31:*.lz4=01;31:*.lzh=01;31:*.lzma=01;31:*.tlz=01;31:*.txz=01;31:*.tzo=01;31:*.t7z=01;31:*.zip=01;31:*.z=01;31:*.dz=01;31:*.gz=01;31:*.lrz=01;31:*.lz=01;31:*.lzo=01;31:*.xz=01;31:*.zst=01;31:*.tzst=01;31:*.bz2=01;31:*.bz=01;31:*.tbz=01;31:*.tbz2=01;31:*.tz=01;31:*.deb=01;31:*.rpm=01;31:*.jar=01;31:*.war=01;31:*.ear=01;31:*.sar=01;31:*.rar=01;31:*.alz=01;31:*.ace=01;31:*.zoo=01;31:*.cpio=01;31:*.7z=01;31:*.rz=01;31:*.cab=01;31:*.wim=01;31:*.swm=01;31:*.dwm=01;31:*.esd=01;31:*.avif=01;35:*.jpg=01;35:*.jpeg=01;35:*.mjpg=01;35:*.mjpeg=01;35:*.gif=01;35:*.bmp=01;35:*.pbm=01;35:*.pgm=01;35:*.ppm=01;35:*.tga=01;35:*.xbm=01;35:*.xpm=01;35:*.tif=01;35:*.tiff=01;35:*.png=01;35:*.svg=01;35:*.svgz=01;35:*.mng=01;35:*.pcx=01;35:*.mov=01;35:*.mpg=01;35:*.mpeg=01;35:*.m2v=01;35:*.mkv=01;35:*.webm=01;35:*.webp=01;35:*.ogm=01;35:*.mp4=01;35:*.m4v=01;35:*.mp4v=01;35:*.vob=01;35:*.qt=01;35:*.nuv=01;35:*.wmv=01;35:*.asf=01;35:*.rm=01;35:*.rmvb=01;35:*.flc=01;35:*.avi=01;35:*.fli=01;35:*.flv=01;35:*.gl=01;35:*.dl=01;35:*.xcf=01;35:*.xwd=01;35:*.yuv=01;35:*.cgm=01;35:*.emf=01;35:*.ogv=01;35:*.ogx=01;35:*.aac=00;36:*.au=00;36:*.flac=00;36:*.m4a=00;36:*.mid=00;36:*.midi=00;36:*.mka=00;36:*.mp3=00;36:*.mpc=00;36:*.ogg=00;36:*.ra=00;36:*.wav=00;36:*.oga=00;36:*.opus=00;36:*.spx=00;36:*.xspf=00;36:*~=00;90:*#=00;90:*.bak=00;90:*.crdownload=00;90:*.dpkg-dist=00;90:*.dpkg-new=00;90:*.dpkg-old=00;90:*.dpkg-tmp=00;90:*.old=00;90:*.orig=00;90:*.part=00;90:*.rej=00;90:*.rpmnew=00;90:*.rpmorig=00;90:*.rpmsave=00;90:*.swp=00;90:*.tmp=00;90:*.ucf-dist=00;90:*.ucf-new=00;90:*.ucf-old=00;90:', 'GNOME_TERMINAL_SERVICE': ':1.12184', 'SSH_AUTH_SOCK': '/run/user/1000/keyring/ssh', 'ROS_DOMAIN_ID': '30', 'AMENT_PREFIX_PATH': '/opt/ros/jazzy', 'SHELL': '/bin/bash', 'LC_NAME': 'en_US.UTF-8', 'QT_ACCESSIBILITY': '1', 'GDMSESSION': 'ubuntu', 'LESSCLOSE': '/usr/bin/lesspipe %s %s', 'LC_MEASUREMENT': 'en_US.UTF-8', 'LC_IDENTIFICATION': 'en_US.UTF-8', 'ROS_AUTOMATIC_DISCOVERY_RANGE': 'SUBNET', 'QT_IM_MODULE': 'ibus', 'PWD': '/home/csilab/turtlebot3_ws/build/dynamixel_sdk_custom_interfaces', 'LC_ALL': 'en_US.UTF-8', 'XDG_CONFIG_DIRS': '/etc/xdg/xdg-ubuntu:/etc/xdg', 'XDG_DATA_DIRS': '/usr/share/ubuntu:/usr/share/gnome:/usr/local/share/:/usr/share/:/var/lib/snapd/desktop', 'LDS_MODEL': 'LDS-02', 'PYTHONPATH': '/home/csilab/turtlebot3_ws/install/dynamixel_sdk_custom_interfaces/lib/python3.12/site-packages:/home/csilab/turtlebot3_ws/install/dynamixel_sdk/lib/python3.12/site-packages:/opt/ros/jazzy/lib/python3.12/site-packages', 'LC_NUMERIC': 'en_US.UTF-8', 'LC_PAPER': 'en_US.UTF-8', 'COLCON': '1', 'MEMORY_PRESSURE_WRITE': 'c29tZSAyMDAwMDAgMjAwMDAwMAA=', 'VTE_VERSION': '7600', 'CMAKE_PREFIX_PATH': '/home/csilab/turtlebot3_ws/install/dynamixel_sdk_examples:/home/csilab/turtlebot3_ws/install/dynamixel_sdk_custom_interfaces:/home/csilab/turtlebot3_ws/install/dynamixel_sdk:/opt/ros/jazzy/opt/gz_sim_vendor:/opt/ros/jazzy/opt/gz_sensors_vendor:/opt/ros/jazzy/opt/gz_physics_vendor:/opt/ros/jazzy/opt/sdformat_vendor:/opt/ros/jazzy/opt/gz_gui_vendor:/opt/ros/jazzy/opt/gz_transport_vendor:/opt/ros/jazzy/opt/gz_rendering_vendor:/opt/ros/jazzy/opt/gz_plugin_vendor:/opt/ros/jazzy/opt/gz_fuel_tools_vendor:/opt/ros/jazzy/opt/gz_msgs_vendor:/opt/ros/jazzy/opt/gz_common_vendor:/opt/ros/jazzy/opt/gz_math_vendor:/opt/ros/jazzy/opt/gz_utils_vendor:/opt/ros/jazzy/opt/gz_tools_vendor:/opt/ros/jazzy/opt/gz_ogre_next_vendor:/opt/ros/jazzy/opt/gz_dartsim_vendor:/opt/ros/jazzy/opt/gz_cmake_vendor:/opt/ros/jazzy'}), 'shell': False}
[6.912653] (-) TimerEvent: {}
[6.959178] (dynamixel_sdk_custom_interfaces) StdoutLine: {'line': b'[  4%] \x1b[34m\x1b[1mGenerating Rust code for ROS interfaces\x1b[0m\n'}
[6.959426] (dynamixel_sdk_custom_interfaces) StdoutLine: {'line': b'[  4%] \x1b[34m\x1b[1mGenerating type hashes for ROS interfaces\x1b[0m\n'}
[6.968648] (dynamixel_sdk_custom_interfaces) StdoutLine: {'line': b'[  4%] Built target ament_cmake_python_symlink_dynamixel_sdk_custom_interfaces\n'}
[7.012753] (-) TimerEvent: {}
[7.113038] (-) TimerEvent: {}
[7.148869] (dynamixel_sdk_custom_interfaces) StdoutLine: {'line': b'[  4%] Built target dynamixel_sdk_custom_interfaces__rosidl_generator_type_description\n'}
[7.161947] (dynamixel_sdk_custom_interfaces) StdoutLine: {'line': b'[  6%] \x1b[34m\x1b[1mGenerating C code for ROS interfaces\x1b[0m\n'}
[7.173605] (dynamixel_sdk_custom_interfaces) StdoutLine: {'line': b'[  8%] \x1b[34m\x1b[1mGenerating C++ code for ROS interfaces\x1b[0m\n'}
[7.173830] (dynamixel_sdk_custom_interfaces) StdoutLine: {'line': b'[  8%] Built target dynamixel_sdk_custom_interfaces__rs\n'}
[7.177382] (dynamixel_sdk_custom_interfaces) StdoutLine: {'line': b'running egg_info\n'}
[7.178267] (dynamixel_sdk_custom_interfaces) StdoutLine: {'line': b'creating dynamixel_sdk_custom_interfaces.egg-info\n'}
[7.197263] (dynamixel_sdk_custom_interfaces) StdoutLine: {'line': b'writing dynamixel_sdk_custom_interfaces.egg-info/PKG-INFO\n'}
[7.197502] (dynamixel_sdk_custom_interfaces) StdoutLine: {'line': b'writing dependency_links to dynamixel_sdk_custom_interfaces.egg-info/dependency_links.txt\n'}
[7.197691] (dynamixel_sdk_custom_interfaces) StdoutLine: {'line': b'writing top-level names to dynamixel_sdk_custom_interfaces.egg-info/top_level.txt\n'}
[7.197805] (dynamixel_sdk_custom_interfaces) StdoutLine: {'line': b"writing manifest file 'dynamixel_sdk_custom_interfaces.egg-info/SOURCES.txt'\n"}
[7.213113] (-) TimerEvent: {}
[7.257244] (dynamixel_sdk_custom_interfaces) StdoutLine: {'line': b"reading manifest file 'dynamixel_sdk_custom_interfaces.egg-info/SOURCES.txt'\n"}
[7.257721] (dynamixel_sdk_custom_interfaces) StdoutLine: {'line': b"writing manifest file 'dynamixel_sdk_custom_interfaces.egg-info/SOURCES.txt'\n"}
[7.286891] (dynamixel_sdk_custom_interfaces) StdoutLine: {'line': b'[  8%] Built target ament_cmake_python_build_dynamixel_sdk_custom_interfaces_egg\n'}
[7.313197] (-) TimerEvent: {}
[7.413456] (-) TimerEvent: {}
[7.452418] (dynamixel_sdk_custom_interfaces) StdoutLine: {'line': b'[  8%] Built target dynamixel_sdk_custom_interfaces__cpp\n'}
[7.486382] (dynamixel_sdk_custom_interfaces) StdoutLine: {'line': b'[ 22%] \x1b[32mBuilding C object CMakeFiles/dynamixel_sdk_custom_interfaces__rosidl_generator_c.dir/rosidl_generator_c/dynamixel_sdk_custom_interfaces/msg/detail/set_position__functions.c.o\x1b[0m\n'}
[7.486585] (dynamixel_sdk_custom_interfaces) StdoutLine: {'line': b'[ 22%] \x1b[32mBuilding C object CMakeFiles/dynamixel_sdk_custom_interfaces__rosidl_generator_c.dir/rosidl_generator_c/dynamixel_sdk_custom_interfaces/srv/detail/get_position__description.c.o\x1b[0m\n'}
[7.486665] (dynamixel_sdk_custom_interfaces) StdoutLine: {'line': b'[ 22%] \x1b[32mBuilding C object CMakeFiles/dynamixel_sdk_custom_interfaces__rosidl_generator_c.dir/rosidl_generator_c/dynamixel_sdk_custom_interfaces/msg/detail/set_position__type_support.c.o\x1b[0m\n'}
[7.486737] (dynamixel_sdk_custom_interfaces) StdoutLine: {'line': b'[ 22%] \x1b[32mBuilding C object CMakeFiles/dynamixel_sdk_custom_interfaces__rosidl_generator_c.dir/rosidl_generator_c/dynamixel_sdk_custom_interfaces/msg/detail/set_position__description.c.o\x1b[0m\n'}
[7.486826] (dynamixel_sdk_custom_interfaces) StdoutLine: {'line': b'[ 22%] \x1b[32mBuilding C object CMakeFiles/dynamixel_sdk_custom_interfaces__rosidl_generator_c.dir/rosidl_generator_c/dynamixel_sdk_custom_interfaces/srv/detail/get_position__type_support.c.o\x1b[0m\n'}
[7.486906] (dynamixel_sdk_custom_interfaces) StdoutLine: {'line': b'[ 22%] \x1b[32mBuilding C object CMakeFiles/dynamixel_sdk_custom_interfaces__rosidl_generator_c.dir/rosidl_generator_c/dynamixel_sdk_custom_interfaces/srv/detail/get_position__functions.c.o\x1b[0m\n'}
[7.513559] (-) TimerEvent: {}
[7.553373] (dynamixel_sdk_custom_interfaces) StdoutLine: {'line': b'[ 24%] \x1b[32m\x1b[1mLinking C shared library libdynamixel_sdk_custom_interfaces__rosidl_generator_c.so\x1b[0m\n'}
[7.593303] (dynamixel_sdk_custom_interfaces) StdoutLine: {'line': b'[ 24%] Built target dynamixel_sdk_custom_interfaces__rosidl_generator_c\n'}
[7.603893] (dynamixel_sdk_custom_interfaces) StdoutLine: {'line': b'[ 31%] \x1b[34m\x1b[1mGenerating C introspection for ROS interfaces\x1b[0m\n'}
[7.604125] (dynamixel_sdk_custom_interfaces) StdoutLine: {'line': b'[ 31%] \x1b[34m\x1b[1mGenerating C type support dispatch for ROS interfaces\x1b[0m\n'}
[7.604206] (dynamixel_sdk_custom_interfaces) StdoutLine: {'line': b'[ 35%] \x1b[34m\x1b[1mGenerating C++ type support for eProsima Fast-RTPS\x1b[0m\n'}
[7.604281] (dynamixel_sdk_custom_interfaces) StdoutLine: {'line': b'[ 37%] \x1b[34m\x1b[1mGenerating C++ introspection for ROS interfaces\x1b[0m\n'}
[7.604362] (dynamixel_sdk_custom_interfaces) StdoutLine: {'line': b'[ 37%] \x1b[34m\x1b[1mGenerating C++ type support dispatch for ROS interfaces\x1b[0m\n'}
[7.604436] (dynamixel_sdk_custom_interfaces) StdoutLine: {'line': b'[ 37%] \x1b[34m\x1b[1mGenerating C type support for eProsima Fast-RTPS\x1b[0m\n'}
[7.613652] (-) TimerEvent: {}
[7.713896] (-) TimerEvent: {}
[7.814152] (-) TimerEvent: {}
[7.854523] (dynamixel_sdk_custom_interfaces) StdoutLine: {'line': b'[ 40%] \x1b[32mBuilding CXX object CMakeFiles/dynamixel_sdk_custom_interfaces__rosidl_typesupport_c.dir/rosidl_typesupport_c/dynamixel_sdk_custom_interfaces/msg/set_position__type_support.cpp.o\x1b[0m\n'}
[7.854894] (dynamixel_sdk_custom_interfaces) StdoutLine: {'line': b'[ 42%] \x1b[32mBuilding CXX object CMakeFiles/dynamixel_sdk_custom_interfaces__rosidl_typesupport_c.dir/rosidl_typesupport_c/dynamixel_sdk_custom_interfaces/srv/get_position__type_support.cpp.o\x1b[0m\n'}
[7.855195] (dynamixel_sdk_custom_interfaces) StdoutLine: {'line': b'[ 44%] \x1b[32mBuilding CXX object CMakeFiles/dynamixel_sdk_custom_interfaces__rosidl_typesupport_cpp.dir/rosidl_typesupport_cpp/dynamixel_sdk_custom_interfaces/msg/set_position__type_support.cpp.o\x1b[0m\n'}
[7.855559] (dynamixel_sdk_custom_interfaces) StdoutLine: {'line': b'[ 46%] \x1b[32mBuilding CXX object CMakeFiles/dynamixel_sdk_custom_interfaces__rosidl_typesupport_cpp.dir/rosidl_typesupport_cpp/dynamixel_sdk_custom_interfaces/srv/get_position__type_support.cpp.o\x1b[0m\n'}
[7.882096] (dynamixel_sdk_custom_interfaces) StdoutLine: {'line': b'[ 48%] \x1b[32mBuilding CXX object CMakeFiles/dynamixel_sdk_custom_interfaces__rosidl_typesupport_introspection_cpp.dir/rosidl_typesupport_introspection_cpp/dynamixel_sdk_custom_interfaces/srv/detail/get_position__type_support.cpp.o\x1b[0m\n'}
[7.883544] (dynamixel_sdk_custom_interfaces) StdoutLine: {'line': b'[ 51%] \x1b[32mBuilding CXX object CMakeFiles/dynamixel_sdk_custom_interfaces__rosidl_typesupport_introspection_cpp.dir/rosidl_typesupport_introspection_cpp/dynamixel_sdk_custom_interfaces/msg/detail/set_position__type_support.cpp.o\x1b[0m\n'}
[7.903548] (dynamixel_sdk_custom_interfaces) StdoutLine: {'line': b'[ 55%] \x1b[32mBuilding C object CMakeFiles/dynamixel_sdk_custom_interfaces__rosidl_typesupport_introspection_c.dir/rosidl_typesupport_introspection_c/dynamixel_sdk_custom_interfaces/srv/detail/get_position__type_support.c.o\x1b[0m\n'}
[7.903796] (dynamixel_sdk_custom_interfaces) StdoutLine: {'line': b'[ 55%] \x1b[32mBuilding C object CMakeFiles/dynamixel_sdk_custom_interfaces__rosidl_typesupport_introspection_c.dir/rosidl_typesupport_introspection_c/dynamixel_sdk_custom_interfaces/msg/detail/set_position__type_support.c.o\x1b[0m\n'}
[7.914263] (-) TimerEvent: {}
[7.923470] (dynamixel_sdk_custom_interfaces) StdoutLine: {'line': b'[ 57%] \x1b[32m\x1b[1mLinking CXX shared library libdynamixel_sdk_custom_interfaces__rosidl_typesupport_c.so\x1b[0m\n'}
[7.948092] (dynamixel_sdk_custom_interfaces) StdoutLine: {'line': b'[ 60%] \x1b[32mBuilding CXX object CMakeFiles/dynamixel_sdk_custom_interfaces__rosidl_typesupport_fastrtps_cpp.dir/rosidl_typesupport_fastrtps_cpp/dynamixel_sdk_custom_interfaces/msg/detail/dds_fastrtps/set_position__type_support.cpp.o\x1b[0m\n'}
[7.948378] (dynamixel_sdk_custom_interfaces) StdoutLine: {'line': b'[ 62%] \x1b[32mBuilding CXX object CMakeFiles/dynamixel_sdk_custom_interfaces__rosidl_typesupport_fastrtps_cpp.dir/rosidl_typesupport_fastrtps_cpp/dynamixel_sdk_custom_interfaces/srv/detail/dds_fastrtps/get_position__type_support.cpp.o\x1b[0m\n'}
[7.973020] (dynamixel_sdk_custom_interfaces) StdoutLine: {'line': b'[ 66%] \x1b[32mBuilding CXX object CMakeFiles/dynamixel_sdk_custom_interfaces__rosidl_typesupport_fastrtps_c.dir/rosidl_typesupport_fastrtps_c/dynamixel_sdk_custom_interfaces/msg/detail/set_position__type_support_c.cpp.o\x1b[0m\n'}
[7.973363] (dynamixel_sdk_custom_interfaces) StdoutLine: {'line': b'[ 66%] \x1b[32m\x1b[1mLinking C shared library libdynamixel_sdk_custom_interfaces__rosidl_typesupport_introspection_c.so\x1b[0m\n'}
[7.973511] (dynamixel_sdk_custom_interfaces) StdoutLine: {'line': b'[ 68%] \x1b[32mBuilding CXX object CMakeFiles/dynamixel_sdk_custom_interfaces__rosidl_typesupport_fastrtps_c.dir/rosidl_typesupport_fastrtps_c/dynamixel_sdk_custom_interfaces/srv/detail/get_position__type_support_c.cpp.o\x1b[0m\n'}
[7.992480] (dynamixel_sdk_custom_interfaces) StdoutLine: {'line': b'[ 68%] Built target dynamixel_sdk_custom_interfaces__rosidl_typesupport_c\n'}
[8.014366] (-) TimerEvent: {}
[8.033850] (dynamixel_sdk_custom_interfaces) StdoutLine: {'line': b'[ 68%] Built target dynamixel_sdk_custom_interfaces__rosidl_typesupport_introspection_c\n'}
[8.114480] (-) TimerEvent: {}
[8.214781] (-) TimerEvent: {}
[8.261064] (dynamixel_sdk_custom_interfaces) StdoutLine: {'line': b'[ 71%] \x1b[32m\x1b[1mLinking CXX shared library libdynamixel_sdk_custom_interfaces__rosidl_typesupport_cpp.so\x1b[0m\n'}
[8.314902] (-) TimerEvent: {}
[8.373584] (dynamixel_sdk_custom_interfaces) StdoutLine: {'line': b'[ 71%] Built target dynamixel_sdk_custom_interfaces__rosidl_typesupport_cpp\n'}
[8.390088] (dynamixel_sdk_custom_interfaces) StdoutLine: {'line': b'[ 73%] \x1b[32m\x1b[1mLinking CXX shared library libdynamixel_sdk_custom_interfaces__rosidl_typesupport_introspection_cpp.so\x1b[0m\n'}
[8.415017] (-) TimerEvent: {}
[8.482633] (dynamixel_sdk_custom_interfaces) StdoutLine: {'line': b'[ 73%] Built target dynamixel_sdk_custom_interfaces__rosidl_typesupport_introspection_cpp\n'}
[8.515120] (-) TimerEvent: {}
[8.527063] (dynamixel_sdk_custom_interfaces) StdoutLine: {'line': b'[ 75%] \x1b[32m\x1b[1mLinking CXX shared library libdynamixel_sdk_custom_interfaces__rosidl_typesupport_fastrtps_c.so\x1b[0m\n'}
[8.581683] (dynamixel_sdk_custom_interfaces) StdoutLine: {'line': b'[ 75%] Built target dynamixel_sdk_custom_interfaces__rosidl_typesupport_fastrtps_c\n'}
[8.615231] (-) TimerEvent: {}
[8.618454] (dynamixel_sdk_custom_interfaces) StdoutLine: {'line': b'[ 77%] \x1b[32m\x1b[1mLinking CXX shared library libdynamixel_sdk_custom_interfaces__rosidl_typesupport_fastrtps_cpp.so\x1b[0m\n'}
[8.693510] (dynamixel_sdk_custom_interfaces) StdoutLine: {'line': b'[ 77%] Built target dynamixel_sdk_custom_interfaces__rosidl_typesupport_fastrtps_cpp\n'}
[8.715362] (-) TimerEvent: {}
[8.716768] (dynamixel_sdk_custom_interfaces) StdoutLine: {'line': b'[ 77%] Built target dynamixel_sdk_custom_interfaces\n'}
[8.740001] (dynamixel_sdk_custom_interfaces) StdoutLine: {'line': b'[ 80%] \x1b[34m\x1b[1mGenerating Python code for ROS interfaces\x1b[0m\n'}
[8.815699] (-) TimerEvent: {}
[8.916009] (-) TimerEvent: {}
[9.016294] (-) TimerEvent: {}
[9.109522] (dynamixel_sdk_custom_interfaces) StdoutLine: {'line': b'[ 80%] Built target dynamixel_sdk_custom_interfaces__py\n'}
[9.116388] (-) TimerEvent: {}
[9.133117] (dynamixel_sdk_custom_interfaces) StdoutLine: {'line': b'[ 84%] \x1b[32mBuilding C object CMakeFiles/dynamixel_sdk_custom_interfaces__rosidl_generator_py.dir/rosidl_generator_py/dynamixel_sdk_custom_interfaces/msg/_set_position_s.c.o\x1b[0m\n'}
[9.133341] (dynamixel_sdk_custom_interfaces) StdoutLine: {'line': b'[ 84%] \x1b[32mBuilding C object CMakeFiles/dynamixel_sdk_custom_interfaces__rosidl_generator_py.dir/rosidl_generator_py/dynamixel_sdk_custom_interfaces/srv/_get_position_s.c.o\x1b[0m\n'}
[9.216493] (-) TimerEvent: {}
[9.281661] (dynamixel_sdk_custom_interfaces) StdoutLine: {'line': b'[ 86%] \x1b[32m\x1b[1mLinking C shared library libdynamixel_sdk_custom_interfaces__rosidl_generator_py.so\x1b[0m\n'}
[9.316600] (-) TimerEvent: {}
[9.325583] (dynamixel_sdk_custom_interfaces) StdoutLine: {'line': b'[ 86%] Built target dynamixel_sdk_custom_interfaces__rosidl_generator_py\n'}
[9.348562] (dynamixel_sdk_custom_interfaces) StdoutLine: {'line': b'[ 88%] \x1b[32mBuilding C object CMakeFiles/dynamixel_sdk_custom_interfaces_s__rosidl_typesupport_fastrtps_c.dir/rosidl_generator_py/dynamixel_sdk_custom_interfaces/_dynamixel_sdk_custom_interfaces_s.ep.rosidl_typesupport_fastrtps_c.c.o\x1b[0m\n'}
[9.348828] (dynamixel_sdk_custom_interfaces) StdoutLine: {'line': b'[ 91%] \x1b[32mBuilding C object CMakeFiles/dynamixel_sdk_custom_interfaces_s__rosidl_typesupport_c.dir/rosidl_generator_py/dynamixel_sdk_custom_interfaces/_dynamixel_sdk_custom_interfaces_s.ep.rosidl_typesupport_c.c.o\x1b[0m\n'}
[9.349294] (dynamixel_sdk_custom_interfaces) StdoutLine: {'line': b'[ 93%] \x1b[32mBuilding C object CMakeFiles/dynamixel_sdk_custom_interfaces_s__rosidl_typesupport_introspection_c.dir/rosidl_generator_py/dynamixel_sdk_custom_interfaces/_dynamixel_sdk_custom_interfaces_s.ep.rosidl_typesupport_introspection_c.c.o\x1b[0m\n'}
[9.416741] (-) TimerEvent: {}
[9.448799] (dynamixel_sdk_custom_interfaces) StdoutLine: {'line': b'[ 95%] \x1b[32m\x1b[1mLinking C shared module rosidl_generator_py/dynamixel_sdk_custom_interfaces/dynamixel_sdk_custom_interfaces_s__rosidl_typesupport_c.so\x1b[0m\n'}
[9.450264] (dynamixel_sdk_custom_interfaces) StdoutLine: {'line': b'[ 97%] \x1b[32m\x1b[1mLinking C shared module rosidl_generator_py/dynamixel_sdk_custom_interfaces/dynamixel_sdk_custom_interfaces_s__rosidl_typesupport_introspection_c.so\x1b[0m\n'}
[9.452032] (dynamixel_sdk_custom_interfaces) StdoutLine: {'line': b'[100%] \x1b[32m\x1b[1mLinking C shared module rosidl_generator_py/dynamixel_sdk_custom_interfaces/dynamixel_sdk_custom_interfaces_s__rosidl_typesupport_fastrtps_c.so\x1b[0m\n'}
[9.482506] (dynamixel_sdk_custom_interfaces) StdoutLine: {'line': b'[100%] Built target dynamixel_sdk_custom_interfaces_s__rosidl_typesupport_introspection_c\n'}
[9.482724] (dynamixel_sdk_custom_interfaces) StdoutLine: {'line': b'[100%] Built target dynamixel_sdk_custom_interfaces_s__rosidl_typesupport_c\n'}
[9.484089] (dynamixel_sdk_custom_interfaces) StdoutLine: {'line': b'[100%] Built target dynamixel_sdk_custom_interfaces_s__rosidl_typesupport_fastrtps_c\n'}
[9.496764] (dynamixel_sdk_custom_interfaces) CommandEnded: {'returncode': 0}
[9.497463] (dynamixel_sdk_custom_interfaces) JobProgress: {'identifier': 'dynamixel_sdk_custom_interfaces', 'progress': 'install'}
[9.497627] (dynamixel_sdk_custom_interfaces) Command: {'cmd': ['/usr/bin/cmake', '--install', '/home/csilab/turtlebot3_ws/build/dynamixel_sdk_custom_interfaces'], 'cwd': '/home/csilab/turtlebot3_ws/build/dynamixel_sdk_custom_interfaces', 'env': OrderedDict({'LESSOPEN': '| /usr/bin/lesspipe %s', 'LANGUAGE': 'ko:en', 'USER': 'csilab', 'LC_TIME': 'en_US.UTF-8', 'GZ_CONFIG_PATH': '/opt/ros/jazzy/opt/gz_sim_vendor/share/gz:/opt/ros/jazzy/opt/sdformat_vendor/share/gz:/opt/ros/jazzy/opt/gz_gui_vendor/share/gz:/opt/ros/jazzy/opt/gz_transport_vendor/share/gz:/opt/ros/jazzy/opt/gz_rendering_vendor/share/gz:/opt/ros/jazzy/opt/gz_plugin_vendor/share/gz:/opt/ros/jazzy/opt/gz_fuel_tools_vendor/share/gz:/opt/ros/jazzy/opt/gz_msgs_vendor/share/gz:/opt/ros/jazzy/opt/gz_common_vendor/share/gz', 'XDG_SESSION_TYPE': 'wayland', 'CLUTTER_DISABLE_MIPMAPPED_TEXT': '1', 'SHLVL': '1', 'LD_LIBRARY_PATH': '/home/csilab/turtlebot3_ws/install/dynamixel_sdk_custom_interfaces/lib:/home/csilab/turtlebot3_ws/install/dynamixel_sdk/lib:/opt/ros/jazzy/opt/gz_sim_vendor/lib:/opt/ros/jazzy/opt/gz_sensors_vendor/lib:/opt/ros/jazzy/opt/gz_physics_vendor/lib:/opt/ros/jazzy/opt/sdformat_vendor/lib:/opt/ros/jazzy/opt/rviz_ogre_vendor/lib:/opt/ros/jazzy/lib/x86_64-linux-gnu:/opt/ros/jazzy/opt/gz_gui_vendor/lib:/opt/ros/jazzy/opt/gz_transport_vendor/lib:/opt/ros/jazzy/opt/gz_rendering_vendor/lib:/opt/ros/jazzy/opt/gz_plugin_vendor/lib:/opt/ros/jazzy/opt/gz_fuel_tools_vendor/lib:/opt/ros/jazzy/opt/gz_msgs_vendor/lib:/opt/ros/jazzy/opt/gz_common_vendor/lib:/opt/ros/jazzy/opt/gz_math_vendor/lib:/opt/ros/jazzy/opt/gz_utils_vendor/lib:/opt/ros/jazzy/opt/gz_tools_vendor/lib:/opt/ros/jazzy/opt/gz_ogre_next_vendor/lib:/opt/ros/jazzy/opt/gz_dartsim_vendor/lib:/opt/ros/jazzy/opt/gz_cmake_vendor/lib:/opt/ros/jazzy/lib', 'HOME': '/home/csilab', 'OLDPWD': '/home/csilab', 'DESKTOP_SESSION': 'ubuntu', 'ROS_PYTHON_VERSION': '3', 'GNOME_SHELL_SESSION_MODE': 'ubuntu', 'GTK_MODULES': 'gail:atk-bridge', 'LC_MONETARY': 'en_US.UTF-8', 'SYSTEMD_EXEC_PID': '2982', 'GSM_SKIP_SSH_AGENT_WORKAROUND': 'true', 'DBUS_SESSION_BUS_ADDRESS': 'unix:path=/run/user/1000/bus', 'COLORTERM': 'truecolor', 'DEBUGINFOD_URLS': 'https://debuginfod.ubuntu.com', 'IM_CONFIG_PHASE': '1', 'WAYLAND_DISPLAY': 'wayland-0', 'COLCON_PREFIX_PATH': '/home/csilab/turtlebot3_ws/install', 'ROS_DISTRO': 'jazzy', 'LOGNAME': 'csilab', '_': '/usr/bin/colcon', 'ROS_VERSION': '2', 'MEMORY_PRESSURE_WATCH': '/sys/fs/cgroup/user.slice/user-1000.slice/user@1000.service/session.slice/org.gnome.Shell@wayland.service/memory.pressure', 'XDG_SESSION_CLASS': 'user', 'USERNAME': 'csilab', 'TERM': 'xterm-256color', 'GNOME_DESKTOP_SESSION_ID': 'this-is-deprecated', 'ROS_LOCALHOST_ONLY': '0', 'PATH': '/opt/ros/jazzy/opt/gz_msgs_vendor/bin:/opt/ros/jazzy/opt/gz_tools_vendor/bin:/opt/ros/jazzy/opt/gz_ogre_next_vendor/bin:/opt/ros/jazzy/bin:/home/csilab/.local/bin:/usr/local/sbin:/usr/local/bin:/usr/sbin:/usr/bin:/sbin:/bin:/usr/games:/usr/local/games:/snap/bin:/snap/bin', 'SESSION_MANAGER': 'local/turtle-jeong:@/tmp/.ICE-unix/2949,unix/turtle-jeong:/tmp/.ICE-unix/2949', 'PAPERSIZE': 'letter', 'XDG_MENU_PREFIX': 'gnome-', 'LC_ADDRESS': 'en_US.UTF-8', 'GNOME_TERMINAL_SCREEN': '/org/gnome/Terminal/screen/2f4e7b85_68a8_4b0b_822e_d2ca6887dc44', 'GNOME_SETUP_DISPLAY': ':1', 'XDG_RUNTIME_DIR': '/run/user/1000', 'DISPLAY': ':0', 'LANG': 'ko_KR.UTF-8', 'XDG_CURRENT_DESKTOP': 'ubuntu:GNOME', 'LC_TELEPHONE': 'en_US.UTF-8', 'XMODIFIERS': '@im=ibus', 'XDG_SESSION_DESKTOP': 'ubuntu', 'XAUTHORITY': '/run/user/1000/.mutter-Xwaylandauth.FV4ZR3', 'LS_COLORS': 'rs=0:di=01;34:ln=01;36:mh=00:pi=40;33:so=01;35:do=01;35:bd=40;33;01:cd=40;33;01:or=40;31;01:mi=00:su=37;41:sg=30;43:ca=00:tw=30;42:ow=34;42:st=37;44:ex=01;32:*.tar=01;31:*.tgz=01;31:*.arc=01;31:*.arj=01;31:*.taz=01;31:*.lha=01;31:*.lz4=01;31:*.lzh=01;31:*.lzma=01;31:*.tlz=01;31:*.txz=01;31:*.tzo=01;31:*.t7z=01;31:*.zip=01;31:*.z=01;31:*.dz=01;31:*.gz=01;31:*.lrz=01;31:*.lz=01;31:*.lzo=01;31:*.xz=01;31:*.zst=01;31:*.tzst=01;31:*.bz2=01;31:*.bz=01;31:*.tbz=01;31:*.tbz2=01;31:*.tz=01;31:*.deb=01;31:*.rpm=01;31:*.jar=01;31:*.war=01;31:*.ear=01;31:*.sar=01;31:*.rar=01;31:*.alz=01;31:*.ace=01;31:*.zoo=01;31:*.cpio=01;31:*.7z=01;31:*.rz=01;31:*.cab=01;31:*.wim=01;31:*.swm=01;31:*.dwm=01;31:*.esd=01;31:*.avif=01;35:*.jpg=01;35:*.jpeg=01;35:*.mjpg=01;35:*.mjpeg=01;35:*.gif=01;35:*.bmp=01;35:*.pbm=01;35:*.pgm=01;35:*.ppm=01;35:*.tga=01;35:*.xbm=01;35:*.xpm=01;35:*.tif=01;35:*.tiff=01;35:*.png=01;35:*.svg=01;35:*.svgz=01;35:*.mng=01;35:*.pcx=01;35:*.mov=01;35:*.mpg=01;35:*.mpeg=01;35:*.m2v=01;35:*.mkv=01;35:*.webm=01;35:*.webp=01;35:*.ogm=01;35:*.mp4=01;35:*.m4v=01;35:*.mp4v=01;35:*.vob=01;35:*.qt=01;35:*.nuv=01;35:*.wmv=01;35:*.asf=01;35:*.rm=01;35:*.rmvb=01;35:*.flc=01;35:*.avi=01;35:*.fli=01;35:*.flv=01;35:*.gl=01;35:*.dl=01;35:*.xcf=01;35:*.xwd=01;35:*.yuv=01;35:*.cgm=01;35:*.emf=01;35:*.ogv=01;35:*.ogx=01;35:*.aac=00;36:*.au=00;36:*.flac=00;36:*.m4a=00;36:*.mid=00;36:*.midi=00;36:*.mka=00;36:*.mp3=00;36:*.mpc=00;36:*.ogg=00;36:*.ra=00;36:*.wav=00;36:*.oga=00;36:*.opus=00;36:*.spx=00;36:*.xspf=00;36:*~=00;90:*#=00;90:*.bak=00;90:*.crdownload=00;90:*.dpkg-dist=00;90:*.dpkg-new=00;90:*.dpkg-old=00;90:*.dpkg-tmp=00;90:*.old=00;90:*.orig=00;90:*.part=00;90:*.rej=00;90:*.rpmnew=00;90:*.rpmorig=00;90:*.rpmsave=00;90:*.swp=00;90:*.tmp=00;90:*.ucf-dist=00;90:*.ucf-new=00;90:*.ucf-old=00;90:', 'GNOME_TERMINAL_SERVICE': ':1.12184', 'SSH_AUTH_SOCK': '/run/user/1000/keyring/ssh', 'ROS_DOMAIN_ID': '30', 'AMENT_PREFIX_PATH': '/opt/ros/jazzy', 'SHELL': '/bin/bash', 'LC_NAME': 'en_US.UTF-8', 'QT_ACCESSIBILITY': '1', 'GDMSESSION': 'ubuntu', 'LESSCLOSE': '/usr/bin/lesspipe %s %s', 'LC_MEASUREMENT': 'en_US.UTF-8', 'LC_IDENTIFICATION': 'en_US.UTF-8', 'ROS_AUTOMATIC_DISCOVERY_RANGE': 'SUBNET', 'QT_IM_MODULE': 'ibus', 'PWD': '/home/csilab/turtlebot3_ws/build/dynamixel_sdk_custom_interfaces', 'LC_ALL': 'en_US.UTF-8', 'XDG_CONFIG_DIRS': '/etc/xdg/xdg-ubuntu:/etc/xdg', 'XDG_DATA_DIRS': '/usr/share/ubuntu:/usr/share/gnome:/usr/local/share/:/usr/share/:/var/lib/snapd/desktop', 'LDS_MODEL': 'LDS-02', 'PYTHONPATH': '/home/csilab/turtlebot3_ws/install/dynamixel_sdk_custom_interfaces/lib/python3.12/site-packages:/home/csilab/turtlebot3_ws/install/dynamixel_sdk/lib/python3.12/site-packages:/opt/ros/jazzy/lib/python3.12/site-packages', 'LC_NUMERIC': 'en_US.UTF-8', 'LC_PAPER': 'en_US.UTF-8', 'COLCON': '1', 'MEMORY_PRESSURE_WRITE': 'c29tZSAyMDAwMDAgMjAwMDAwMAA=', 'VTE_VERSION': '7600', 'CMAKE_PREFIX_PATH': '/home/csilab/turtlebot3_ws/install/dynamixel_sdk_examples:/home/csilab/turtlebot3_ws/install/dynamixel_sdk_custom_interfaces:/home/csilab/turtlebot3_ws/install/dynamixel_sdk:/opt/ros/jazzy/opt/gz_sim_vendor:/opt/ros/jazzy/opt/gz_sensors_vendor:/opt/ros/jazzy/opt/gz_physics_vendor:/opt/ros/jazzy/opt/sdformat_vendor:/opt/ros/jazzy/opt/gz_gui_vendor:/opt/ros/jazzy/opt/gz_transport_vendor:/opt/ros/jazzy/opt/gz_rendering_vendor:/opt/ros/jazzy/opt/gz_plugin_vendor:/opt/ros/jazzy/opt/gz_fuel_tools_vendor:/opt/ros/jazzy/opt/gz_msgs_vendor:/opt/ros/jazzy/opt/gz_common_vendor:/opt/ros/jazzy/opt/gz_math_vendor:/opt/ros/jazzy/opt/gz_utils_vendor:/opt/ros/jazzy/opt/gz_tools_vendor:/opt/ros/jazzy/opt/gz_ogre_next_vendor:/opt/ros/jazzy/opt/gz_dartsim_vendor:/opt/ros/jazzy/opt/gz_cmake_vendor:/opt/ros/jazzy'}), 'shell': False}
[9.505726] (dynamixel_sdk_custom_interfaces) StdoutLine: {'line': b'-- Install configuration: ""\n'}
[9.506245] (dynamixel_sdk_custom_interfaces) StdoutLine: {'line': b'-- Execute custom install script\n'}
[9.506515] (dynamixel_sdk_custom_interfaces) StdoutLine: {'line': b'-- Symlinking: /home/csilab/turtlebot3_ws/install/dynamixel_sdk_custom_interfaces/share/ament_index/resource_index/rosidl_interfaces/dynamixel_sdk_custom_interfaces\n'}
[9.516821] (-) TimerEvent: {}
[9.517026] (dynamixel_sdk_custom_interfaces) StdoutLine: {'line': b'-- Symlinking: /home/csilab/turtlebot3_ws/install/dynamixel_sdk_custom_interfaces/share/dynamixel_sdk_custom_interfaces/msg/SetPosition.json\n'}
[9.527176] (dynamixel_sdk_custom_interfaces) StdoutLine: {'line': b'-- Symlinking: /home/csilab/turtlebot3_ws/install/dynamixel_sdk_custom_interfaces/share/dynamixel_sdk_custom_interfaces/srv/GetPosition.json\n'}
[9.537659] (dynamixel_sdk_custom_interfaces) StdoutLine: {'line': b'-- Symlinking: /home/csilab/turtlebot3_ws/install/dynamixel_sdk_custom_interfaces/include/dynamixel_sdk_custom_interfaces/dynamixel_sdk_custom_interfaces/msg/detail/set_position__functions.h\n'}
[9.547156] (dynamixel_sdk_custom_interfaces) StdoutLine: {'line': b'-- Symlinking: /home/csilab/turtlebot3_ws/install/dynamixel_sdk_custom_interfaces/include/dynamixel_sdk_custom_interfaces/dynamixel_sdk_custom_interfaces/msg/detail/set_position__struct.h\n'}
[9.556474] (dynamixel_sdk_custom_interfaces) StdoutLine: {'line': b'-- Symlinking: /home/csilab/turtlebot3_ws/install/dynamixel_sdk_custom_interfaces/include/dynamixel_sdk_custom_interfaces/dynamixel_sdk_custom_interfaces/msg/detail/set_position__type_support.h\n'}
[9.566467] (dynamixel_sdk_custom_interfaces) StdoutLine: {'line': b'-- Symlinking: /home/csilab/turtlebot3_ws/install/dynamixel_sdk_custom_interfaces/include/dynamixel_sdk_custom_interfaces/dynamixel_sdk_custom_interfaces/msg/rosidl_generator_c__visibility_control.h\n'}
[9.575782] (dynamixel_sdk_custom_interfaces) StdoutLine: {'line': b'-- Symlinking: /home/csilab/turtlebot3_ws/install/dynamixel_sdk_custom_interfaces/include/dynamixel_sdk_custom_interfaces/dynamixel_sdk_custom_interfaces/msg/set_position.h\n'}
[9.585098] (dynamixel_sdk_custom_interfaces) StdoutLine: {'line': b'-- Symlinking: /home/csilab/turtlebot3_ws/install/dynamixel_sdk_custom_interfaces/include/dynamixel_sdk_custom_interfaces/dynamixel_sdk_custom_interfaces/srv/detail/get_position__functions.h\n'}
[9.593767] (dynamixel_sdk_custom_interfaces) StdoutLine: {'line': b'-- Symlinking: /home/csilab/turtlebot3_ws/install/dynamixel_sdk_custom_interfaces/include/dynamixel_sdk_custom_interfaces/dynamixel_sdk_custom_interfaces/srv/detail/get_position__struct.h\n'}
[9.602989] (dynamixel_sdk_custom_interfaces) StdoutLine: {'line': b'-- Symlinking: /home/csilab/turtlebot3_ws/install/dynamixel_sdk_custom_interfaces/include/dynamixel_sdk_custom_interfaces/dynamixel_sdk_custom_interfaces/srv/detail/get_position__type_support.h\n'}
[9.611783] (dynamixel_sdk_custom_interfaces) StdoutLine: {'line': b'-- Symlinking: /home/csilab/turtlebot3_ws/install/dynamixel_sdk_custom_interfaces/include/dynamixel_sdk_custom_interfaces/dynamixel_sdk_custom_interfaces/srv/get_position.h\n'}
[9.616921] (-) TimerEvent: {}
[9.622335] (dynamixel_sdk_custom_interfaces) StdoutLine: {'line': b'-- Symlinking: /home/csilab/turtlebot3_ws/install/dynamixel_sdk_custom_interfaces/share/dynamixel_sdk_custom_interfaces/environment/library_path.sh\n'}
[9.631995] (dynamixel_sdk_custom_interfaces) StdoutLine: {'line': b'-- Symlinking: /home/csilab/turtlebot3_ws/install/dynamixel_sdk_custom_interfaces/share/dynamixel_sdk_custom_interfaces/environment/library_path.dsv\n'}
[9.641078] (dynamixel_sdk_custom_interfaces) StdoutLine: {'line': b'-- Symlinking: /home/csilab/turtlebot3_ws/install/dynamixel_sdk_custom_interfaces/include/dynamixel_sdk_custom_interfaces/dynamixel_sdk_custom_interfaces/msg/detail/set_position__rosidl_typesupport_fastrtps_c.h\n'}
[9.649748] (dynamixel_sdk_custom_interfaces) StdoutLine: {'line': b'-- Symlinking: /home/csilab/turtlebot3_ws/install/dynamixel_sdk_custom_interfaces/include/dynamixel_sdk_custom_interfaces/dynamixel_sdk_custom_interfaces/msg/rosidl_typesupport_fastrtps_c__visibility_control.h\n'}
[9.658545] (dynamixel_sdk_custom_interfaces) StdoutLine: {'line': b'-- Symlinking: /home/csilab/turtlebot3_ws/install/dynamixel_sdk_custom_interfaces/include/dynamixel_sdk_custom_interfaces/dynamixel_sdk_custom_interfaces/srv/detail/get_position__rosidl_typesupport_fastrtps_c.h\n'}
[9.668239] (dynamixel_sdk_custom_interfaces) StdoutLine: {'line': b'-- Symlinking: /home/csilab/turtlebot3_ws/install/dynamixel_sdk_custom_interfaces/include/dynamixel_sdk_custom_interfaces/dynamixel_sdk_custom_interfaces/msg/detail/set_position__builder.hpp\n'}
[9.677774] (dynamixel_sdk_custom_interfaces) StdoutLine: {'line': b'-- Symlinking: /home/csilab/turtlebot3_ws/install/dynamixel_sdk_custom_interfaces/include/dynamixel_sdk_custom_interfaces/dynamixel_sdk_custom_interfaces/msg/detail/set_position__struct.hpp\n'}
[9.685999] (dynamixel_sdk_custom_interfaces) StdoutLine: {'line': b'-- Symlinking: /home/csilab/turtlebot3_ws/install/dynamixel_sdk_custom_interfaces/include/dynamixel_sdk_custom_interfaces/dynamixel_sdk_custom_interfaces/msg/detail/set_position__traits.hpp\n'}
[9.696196] (dynamixel_sdk_custom_interfaces) StdoutLine: {'line': b'-- Symlinking: /home/csilab/turtlebot3_ws/install/dynamixel_sdk_custom_interfaces/include/dynamixel_sdk_custom_interfaces/dynamixel_sdk_custom_interfaces/msg/detail/set_position__type_support.hpp\n'}
[9.705952] (dynamixel_sdk_custom_interfaces) StdoutLine: {'line': b'-- Symlinking: /home/csilab/turtlebot3_ws/install/dynamixel_sdk_custom_interfaces/include/dynamixel_sdk_custom_interfaces/dynamixel_sdk_custom_interfaces/msg/rosidl_generator_cpp__visibility_control.hpp\n'}
[9.717055] (-) TimerEvent: {}
[9.717265] (dynamixel_sdk_custom_interfaces) StdoutLine: {'line': b'-- Symlinking: /home/csilab/turtlebot3_ws/install/dynamixel_sdk_custom_interfaces/include/dynamixel_sdk_custom_interfaces/dynamixel_sdk_custom_interfaces/msg/set_position.hpp\n'}
[9.727523] (dynamixel_sdk_custom_interfaces) StdoutLine: {'line': b'-- Symlinking: /home/csilab/turtlebot3_ws/install/dynamixel_sdk_custom_interfaces/include/dynamixel_sdk_custom_interfaces/dynamixel_sdk_custom_interfaces/srv/detail/get_position__builder.hpp\n'}
[9.736902] (dynamixel_sdk_custom_interfaces) StdoutLine: {'line': b'-- Symlinking: /home/csilab/turtlebot3_ws/install/dynamixel_sdk_custom_interfaces/include/dynamixel_sdk_custom_interfaces/dynamixel_sdk_custom_interfaces/srv/detail/get_position__struct.hpp\n'}
[9.745603] (dynamixel_sdk_custom_interfaces) StdoutLine: {'line': b'-- Symlinking: /home/csilab/turtlebot3_ws/install/dynamixel_sdk_custom_interfaces/include/dynamixel_sdk_custom_interfaces/dynamixel_sdk_custom_interfaces/srv/detail/get_position__traits.hpp\n'}
[9.754573] (dynamixel_sdk_custom_interfaces) StdoutLine: {'line': b'-- Symlinking: /home/csilab/turtlebot3_ws/install/dynamixel_sdk_custom_interfaces/include/dynamixel_sdk_custom_interfaces/dynamixel_sdk_custom_interfaces/srv/detail/get_position__type_support.hpp\n'}
[9.763823] (dynamixel_sdk_custom_interfaces) StdoutLine: {'line': b'-- Symlinking: /home/csilab/turtlebot3_ws/install/dynamixel_sdk_custom_interfaces/include/dynamixel_sdk_custom_interfaces/dynamixel_sdk_custom_interfaces/srv/get_position.hpp\n'}
[9.773217] (dynamixel_sdk_custom_interfaces) StdoutLine: {'line': b'-- Symlinking: /home/csilab/turtlebot3_ws/install/dynamixel_sdk_custom_interfaces/include/dynamixel_sdk_custom_interfaces/dynamixel_sdk_custom_interfaces/msg/detail/set_position__rosidl_typesupport_fastrtps_cpp.hpp\n'}
[9.781716] (dynamixel_sdk_custom_interfaces) StdoutLine: {'line': b'-- Symlinking: /home/csilab/turtlebot3_ws/install/dynamixel_sdk_custom_interfaces/include/dynamixel_sdk_custom_interfaces/dynamixel_sdk_custom_interfaces/msg/rosidl_typesupport_fastrtps_cpp__visibility_control.h\n'}
[9.790679] (dynamixel_sdk_custom_interfaces) StdoutLine: {'line': b'-- Symlinking: /home/csilab/turtlebot3_ws/install/dynamixel_sdk_custom_interfaces/include/dynamixel_sdk_custom_interfaces/dynamixel_sdk_custom_interfaces/srv/detail/get_position__rosidl_typesupport_fastrtps_cpp.hpp\n'}
[9.800724] (dynamixel_sdk_custom_interfaces) StdoutLine: {'line': b'-- Symlinking: /home/csilab/turtlebot3_ws/install/dynamixel_sdk_custom_interfaces/include/dynamixel_sdk_custom_interfaces/dynamixel_sdk_custom_interfaces/msg/detail/set_position__rosidl_typesupport_introspection_c.h\n'}
[9.808967] (dynamixel_sdk_custom_interfaces) StdoutLine: {'line': b'-- Symlinking: /home/csilab/turtlebot3_ws/install/dynamixel_sdk_custom_interfaces/include/dynamixel_sdk_custom_interfaces/dynamixel_sdk_custom_interfaces/msg/rosidl_typesupport_introspection_c__visibility_control.h\n'}
[9.817124] (-) TimerEvent: {}
[9.818997] (dynamixel_sdk_custom_interfaces) StdoutLine: {'line': b'-- Symlinking: /home/csilab/turtlebot3_ws/install/dynamixel_sdk_custom_interfaces/include/dynamixel_sdk_custom_interfaces/dynamixel_sdk_custom_interfaces/srv/detail/get_position__rosidl_typesupport_introspection_c.h\n'}
[9.829167] (dynamixel_sdk_custom_interfaces) StdoutLine: {'line': b'-- Symlinking: /home/csilab/turtlebot3_ws/install/dynamixel_sdk_custom_interfaces/include/dynamixel_sdk_custom_interfaces/dynamixel_sdk_custom_interfaces/msg/detail/set_position__rosidl_typesupport_introspection_cpp.hpp\n'}
[9.838350] (dynamixel_sdk_custom_interfaces) StdoutLine: {'line': b'-- Symlinking: /home/csilab/turtlebot3_ws/install/dynamixel_sdk_custom_interfaces/include/dynamixel_sdk_custom_interfaces/dynamixel_sdk_custom_interfaces/srv/detail/get_position__rosidl_typesupport_introspection_cpp.hpp\n'}
[9.848042] (dynamixel_sdk_custom_interfaces) StdoutLine: {'line': b'-- Symlinking: /home/csilab/turtlebot3_ws/install/dynamixel_sdk_custom_interfaces/share/dynamixel_sdk_custom_interfaces/environment/pythonpath.sh\n'}
[9.857606] (dynamixel_sdk_custom_interfaces) StdoutLine: {'line': b'-- Symlinking: /home/csilab/turtlebot3_ws/install/dynamixel_sdk_custom_interfaces/share/dynamixel_sdk_custom_interfaces/environment/pythonpath.dsv\n'}
[9.866826] (dynamixel_sdk_custom_interfaces) StdoutLine: {'line': b'-- Symlinking: /home/csilab/turtlebot3_ws/install/dynamixel_sdk_custom_interfaces/lib/python3.12/site-packages/dynamixel_sdk_custom_interfaces-4.0.5-py3.12.egg-info/PKG-INFO\n'}
[9.876001] (dynamixel_sdk_custom_interfaces) StdoutLine: {'line': b'-- Symlinking: /home/csilab/turtlebot3_ws/install/dynamixel_sdk_custom_interfaces/lib/python3.12/site-packages/dynamixel_sdk_custom_interfaces-4.0.5-py3.12.egg-info/SOURCES.txt\n'}
[9.885300] (dynamixel_sdk_custom_interfaces) StdoutLine: {'line': b'-- Symlinking: /home/csilab/turtlebot3_ws/install/dynamixel_sdk_custom_interfaces/lib/python3.12/site-packages/dynamixel_sdk_custom_interfaces-4.0.5-py3.12.egg-info/dependency_links.txt\n'}
[9.894224] (dynamixel_sdk_custom_interfaces) StdoutLine: {'line': b'-- Symlinking: /home/csilab/turtlebot3_ws/install/dynamixel_sdk_custom_interfaces/lib/python3.12/site-packages/dynamixel_sdk_custom_interfaces-4.0.5-py3.12.egg-info/top_level.txt\n'}
[9.904004] (dynamixel_sdk_custom_interfaces) StdoutLine: {'line': b'-- Symlinking: /home/csilab/turtlebot3_ws/install/dynamixel_sdk_custom_interfaces/lib/python3.12/site-packages/dynamixel_sdk_custom_interfaces/__init__.py\n'}
[9.914858] (dynamixel_sdk_custom_interfaces) StdoutLine: {'line': b'-- Symlinking: /home/csilab/turtlebot3_ws/install/dynamixel_sdk_custom_interfaces/lib/python3.12/site-packages/dynamixel_sdk_custom_interfaces/_dynamixel_sdk_custom_interfaces_s.ep.rosidl_typesupport_c.c\n'}
[9.917197] (-) TimerEvent: {}
[9.924367] (dynamixel_sdk_custom_interfaces) StdoutLine: {'line': b'-- Symlinking: /home/csilab/turtlebot3_ws/install/dynamixel_sdk_custom_interfaces/lib/python3.12/site-packages/dynamixel_sdk_custom_interfaces/_dynamixel_sdk_custom_interfaces_s.ep.rosidl_typesupport_fastrtps_c.c\n'}
[9.934392] (dynamixel_sdk_custom_interfaces) StdoutLine: {'line': b'-- Symlinking: /home/csilab/turtlebot3_ws/install/dynamixel_sdk_custom_interfaces/lib/python3.12/site-packages/dynamixel_sdk_custom_interfaces/_dynamixel_sdk_custom_interfaces_s.ep.rosidl_typesupport_introspection_c.c\n'}
[9.944387] (dynamixel_sdk_custom_interfaces) StdoutLine: {'line': b'-- Symlinking: /home/csilab/turtlebot3_ws/install/dynamixel_sdk_custom_interfaces/lib/python3.12/site-packages/dynamixel_sdk_custom_interfaces/dynamixel_sdk_custom_interfaces_s__rosidl_typesupport_c.so\n'}
[9.954593] (dynamixel_sdk_custom_interfaces) StdoutLine: {'line': b'-- Symlinking: /home/csilab/turtlebot3_ws/install/dynamixel_sdk_custom_interfaces/lib/python3.12/site-packages/dynamixel_sdk_custom_interfaces/dynamixel_sdk_custom_interfaces_s__rosidl_typesupport_fastrtps_c.so\n'}
[9.964321] (dynamixel_sdk_custom_interfaces) StdoutLine: {'line': b'-- Symlinking: /home/csilab/turtlebot3_ws/install/dynamixel_sdk_custom_interfaces/lib/python3.12/site-packages/dynamixel_sdk_custom_interfaces/dynamixel_sdk_custom_interfaces_s__rosidl_typesupport_introspection_c.so\n'}
[9.974305] (dynamixel_sdk_custom_interfaces) StdoutLine: {'line': b'-- Symlinking: /home/csilab/turtlebot3_ws/install/dynamixel_sdk_custom_interfaces/lib/python3.12/site-packages/dynamixel_sdk_custom_interfaces/msg/__init__.py\n'}
[9.983952] (dynamixel_sdk_custom_interfaces) StdoutLine: {'line': b'-- Symlinking: /home/csilab/turtlebot3_ws/install/dynamixel_sdk_custom_interfaces/lib/python3.12/site-packages/dynamixel_sdk_custom_interfaces/msg/_set_position.py\n'}
[9.993487] (dynamixel_sdk_custom_interfaces) StdoutLine: {'line': b'-- Symlinking: /home/csilab/turtlebot3_ws/install/dynamixel_sdk_custom_interfaces/lib/python3.12/site-packages/dynamixel_sdk_custom_interfaces/msg/_set_position_s.c\n'}
[10.002500] (dynamixel_sdk_custom_interfaces) StdoutLine: {'line': b'-- Symlinking: /home/csilab/turtlebot3_ws/install/dynamixel_sdk_custom_interfaces/lib/python3.12/site-packages/dynamixel_sdk_custom_interfaces/srv/__init__.py\n'}
[10.011578] (dynamixel_sdk_custom_interfaces) StdoutLine: {'line': b'-- Symlinking: /home/csilab/turtlebot3_ws/install/dynamixel_sdk_custom_interfaces/lib/python3.12/site-packages/dynamixel_sdk_custom_interfaces/srv/_get_position.py\n'}
[10.017292] (-) TimerEvent: {}
[10.021592] (dynamixel_sdk_custom_interfaces) StdoutLine: {'line': b'-- Symlinking: /home/csilab/turtlebot3_ws/install/dynamixel_sdk_custom_interfaces/lib/python3.12/site-packages/dynamixel_sdk_custom_interfaces/srv/_get_position_s.c\n'}
[10.031838] (dynamixel_sdk_custom_interfaces) StdoutLine: {'line': b'-- Up-to-date symlink: /home/csilab/turtlebot3_ws/install/dynamixel_sdk_custom_interfaces/lib/python3.12/site-packages/dynamixel_sdk_custom_interfaces/dynamixel_sdk_custom_interfaces_s__rosidl_typesupport_fastrtps_c.so\n'}
[10.032196] (dynamixel_sdk_custom_interfaces) StdoutLine: {'line': b'-- Up-to-date symlink: /home/csilab/turtlebot3_ws/install/dynamixel_sdk_custom_interfaces/lib/python3.12/site-packages/dynamixel_sdk_custom_interfaces/dynamixel_sdk_custom_interfaces_s__rosidl_typesupport_introspection_c.so\n'}
[10.032407] (dynamixel_sdk_custom_interfaces) StdoutLine: {'line': b'-- Up-to-date symlink: /home/csilab/turtlebot3_ws/install/dynamixel_sdk_custom_interfaces/lib/python3.12/site-packages/dynamixel_sdk_custom_interfaces/dynamixel_sdk_custom_interfaces_s__rosidl_typesupport_c.so\n'}
[10.032578] (dynamixel_sdk_custom_interfaces) StdoutLine: {'line': b'-- Symlinking: /home/csilab/turtlebot3_ws/install/dynamixel_sdk_custom_interfaces/share/ament_index/resource_index/rust_packages/dynamixel_sdk_custom_interfaces\n'}
[10.042846] (dynamixel_sdk_custom_interfaces) StdoutLine: {'line': b'-- Symlinking: /home/csilab/turtlebot3_ws/install/dynamixel_sdk_custom_interfaces/share/dynamixel_sdk_custom_interfaces/rust/Cargo.toml\n'}
[10.052660] (dynamixel_sdk_custom_interfaces) StdoutLine: {'line': b'-- Symlinking: /home/csilab/turtlebot3_ws/install/dynamixel_sdk_custom_interfaces/share/dynamixel_sdk_custom_interfaces/rust/build.rs\n'}
[10.061933] (dynamixel_sdk_custom_interfaces) StdoutLine: {'line': b'-- Symlinking: /home/csilab/turtlebot3_ws/install/dynamixel_sdk_custom_interfaces/share/dynamixel_sdk_custom_interfaces/rust/src/lib.rs\n'}
[10.071624] (dynamixel_sdk_custom_interfaces) StdoutLine: {'line': b'-- Symlinking: /home/csilab/turtlebot3_ws/install/dynamixel_sdk_custom_interfaces/share/dynamixel_sdk_custom_interfaces/rust/src/msg.rs\n'}
[10.081534] (dynamixel_sdk_custom_interfaces) StdoutLine: {'line': b'-- Symlinking: /home/csilab/turtlebot3_ws/install/dynamixel_sdk_custom_interfaces/share/dynamixel_sdk_custom_interfaces/rust/src/msg/rmw.rs\n'}
[10.090308] (dynamixel_sdk_custom_interfaces) StdoutLine: {'line': b'-- Symlinking: /home/csilab/turtlebot3_ws/install/dynamixel_sdk_custom_interfaces/share/dynamixel_sdk_custom_interfaces/rust/src/srv.rs\n'}
[10.099794] (dynamixel_sdk_custom_interfaces) StdoutLine: {'line': b'-- Symlinking: /home/csilab/turtlebot3_ws/install/dynamixel_sdk_custom_interfaces/share/dynamixel_sdk_custom_interfaces/rust/src/srv/rmw.rs\n'}
[10.108882] (dynamixel_sdk_custom_interfaces) StdoutLine: {'line': b'-- Symlinking: /home/csilab/turtlebot3_ws/install/dynamixel_sdk_custom_interfaces/share/dynamixel_sdk_custom_interfaces/msg/SetPosition.idl\n'}
[10.117323] (-) TimerEvent: {}
[10.119487] (dynamixel_sdk_custom_interfaces) StdoutLine: {'line': b'-- Symlinking: /home/csilab/turtlebot3_ws/install/dynamixel_sdk_custom_interfaces/share/dynamixel_sdk_custom_interfaces/srv/GetPosition.idl\n'}
[10.129477] (dynamixel_sdk_custom_interfaces) StdoutLine: {'line': b'-- Symlinking: /home/csilab/turtlebot3_ws/install/dynamixel_sdk_custom_interfaces/share/dynamixel_sdk_custom_interfaces/msg/SetPosition.msg\n'}
[10.138801] (dynamixel_sdk_custom_interfaces) StdoutLine: {'line': b'-- Symlinking: /home/csilab/turtlebot3_ws/install/dynamixel_sdk_custom_interfaces/share/dynamixel_sdk_custom_interfaces/srv/GetPosition.srv\n'}
[10.148387] (dynamixel_sdk_custom_interfaces) StdoutLine: {'line': b'-- Symlinking: /home/csilab/turtlebot3_ws/install/dynamixel_sdk_custom_interfaces/share/ament_index/resource_index/package_run_dependencies/dynamixel_sdk_custom_interfaces\n'}
[10.158000] (dynamixel_sdk_custom_interfaces) StdoutLine: {'line': b'-- Symlinking: /home/csilab/turtlebot3_ws/install/dynamixel_sdk_custom_interfaces/share/ament_index/resource_index/parent_prefix_path/dynamixel_sdk_custom_interfaces\n'}
[10.167894] (dynamixel_sdk_custom_interfaces) StdoutLine: {'line': b'-- Symlinking: /home/csilab/turtlebot3_ws/install/dynamixel_sdk_custom_interfaces/share/dynamixel_sdk_custom_interfaces/environment/ament_prefix_path.sh\n'}
[10.177260] (dynamixel_sdk_custom_interfaces) StdoutLine: {'line': b'-- Symlinking: /home/csilab/turtlebot3_ws/install/dynamixel_sdk_custom_interfaces/share/dynamixel_sdk_custom_interfaces/environment/ament_prefix_path.dsv\n'}
[10.186479] (dynamixel_sdk_custom_interfaces) StdoutLine: {'line': b'-- Symlinking: /home/csilab/turtlebot3_ws/install/dynamixel_sdk_custom_interfaces/share/dynamixel_sdk_custom_interfaces/environment/path.sh\n'}
[10.195481] (dynamixel_sdk_custom_interfaces) StdoutLine: {'line': b'-- Symlinking: /home/csilab/turtlebot3_ws/install/dynamixel_sdk_custom_interfaces/share/dynamixel_sdk_custom_interfaces/environment/path.dsv\n'}
[10.204479] (dynamixel_sdk_custom_interfaces) StdoutLine: {'line': b'-- Symlinking: /home/csilab/turtlebot3_ws/install/dynamixel_sdk_custom_interfaces/share/dynamixel_sdk_custom_interfaces/local_setup.bash\n'}
[10.213387] (dynamixel_sdk_custom_interfaces) StdoutLine: {'line': b'-- Symlinking: /home/csilab/turtlebot3_ws/install/dynamixel_sdk_custom_interfaces/share/dynamixel_sdk_custom_interfaces/local_setup.sh\n'}
[10.217424] (-) TimerEvent: {}
[10.223305] (dynamixel_sdk_custom_interfaces) StdoutLine: {'line': b'-- Symlinking: /home/csilab/turtlebot3_ws/install/dynamixel_sdk_custom_interfaces/share/dynamixel_sdk_custom_interfaces/local_setup.zsh\n'}
[10.234338] (dynamixel_sdk_custom_interfaces) StdoutLine: {'line': b'-- Symlinking: /home/csilab/turtlebot3_ws/install/dynamixel_sdk_custom_interfaces/share/dynamixel_sdk_custom_interfaces/local_setup.dsv\n'}
[10.243822] (dynamixel_sdk_custom_interfaces) StdoutLine: {'line': b'-- Symlinking: /home/csilab/turtlebot3_ws/install/dynamixel_sdk_custom_interfaces/share/dynamixel_sdk_custom_interfaces/package.dsv\n'}
[10.254087] (dynamixel_sdk_custom_interfaces) StdoutLine: {'line': b'-- Symlinking: /home/csilab/turtlebot3_ws/install/dynamixel_sdk_custom_interfaces/share/ament_index/resource_index/packages/dynamixel_sdk_custom_interfaces\n'}
[10.263331] (dynamixel_sdk_custom_interfaces) StdoutLine: {'line': b'-- Symlinking: /home/csilab/turtlebot3_ws/install/dynamixel_sdk_custom_interfaces/share/dynamixel_sdk_custom_interfaces/cmake/rosidl_cmake-extras.cmake\n'}
[10.272677] (dynamixel_sdk_custom_interfaces) StdoutLine: {'line': b'-- Symlinking: /home/csilab/turtlebot3_ws/install/dynamixel_sdk_custom_interfaces/share/dynamixel_sdk_custom_interfaces/cmake/ament_cmake_export_dependencies-extras.cmake\n'}
[10.281679] (dynamixel_sdk_custom_interfaces) StdoutLine: {'line': b'-- Symlinking: /home/csilab/turtlebot3_ws/install/dynamixel_sdk_custom_interfaces/share/dynamixel_sdk_custom_interfaces/cmake/ament_cmake_export_include_directories-extras.cmake\n'}
[10.291185] (dynamixel_sdk_custom_interfaces) StdoutLine: {'line': b'-- Symlinking: /home/csilab/turtlebot3_ws/install/dynamixel_sdk_custom_interfaces/share/dynamixel_sdk_custom_interfaces/cmake/ament_cmake_export_libraries-extras.cmake\n'}
[10.300968] (dynamixel_sdk_custom_interfaces) StdoutLine: {'line': b'-- Symlinking: /home/csilab/turtlebot3_ws/install/dynamixel_sdk_custom_interfaces/share/dynamixel_sdk_custom_interfaces/cmake/ament_cmake_export_targets-extras.cmake\n'}
[10.310202] (dynamixel_sdk_custom_interfaces) StdoutLine: {'line': b'-- Symlinking: /home/csilab/turtlebot3_ws/install/dynamixel_sdk_custom_interfaces/share/dynamixel_sdk_custom_interfaces/cmake/rosidl_cmake_export_typesupport_targets-extras.cmake\n'}
[10.317516] (-) TimerEvent: {}
[10.320043] (dynamixel_sdk_custom_interfaces) StdoutLine: {'line': b'-- Symlinking: /home/csilab/turtlebot3_ws/install/dynamixel_sdk_custom_interfaces/share/dynamixel_sdk_custom_interfaces/cmake/rosidl_cmake_export_typesupport_libraries-extras.cmake\n'}
[10.331327] (dynamixel_sdk_custom_interfaces) StdoutLine: {'line': b'-- Symlinking: /home/csilab/turtlebot3_ws/install/dynamixel_sdk_custom_interfaces/share/dynamixel_sdk_custom_interfaces/cmake/rosidl_cmake_aggregate_target-extras.cmake\n'}
[10.342088] (dynamixel_sdk_custom_interfaces) StdoutLine: {'line': b'-- Symlinking: /home/csilab/turtlebot3_ws/install/dynamixel_sdk_custom_interfaces/share/dynamixel_sdk_custom_interfaces/cmake/dynamixel_sdk_custom_interfacesConfig.cmake\n'}
[10.353243] (dynamixel_sdk_custom_interfaces) StdoutLine: {'line': b'-- Symlinking: /home/csilab/turtlebot3_ws/install/dynamixel_sdk_custom_interfaces/share/dynamixel_sdk_custom_interfaces/cmake/dynamixel_sdk_custom_interfacesConfig-version.cmake\n'}
[10.362754] (dynamixel_sdk_custom_interfaces) StdoutLine: {'line': b'-- Symlinking: /home/csilab/turtlebot3_ws/install/dynamixel_sdk_custom_interfaces/share/dynamixel_sdk_custom_interfaces/package.xml\n'}
[10.372463] (dynamixel_sdk_custom_interfaces) StdoutLine: {'line': b'-- Installing: /home/csilab/turtlebot3_ws/install/dynamixel_sdk_custom_interfaces/lib/libdynamixel_sdk_custom_interfaces__rosidl_generator_c.so\n'}
[10.373126] (dynamixel_sdk_custom_interfaces) StdoutLine: {'line': b'-- Set non-toolchain portion of runtime path of "/home/csilab/turtlebot3_ws/install/dynamixel_sdk_custom_interfaces/lib/libdynamixel_sdk_custom_interfaces__rosidl_generator_c.so" to ""\n'}
[10.373306] (dynamixel_sdk_custom_interfaces) StdoutLine: {'line': b'-- Installing: /home/csilab/turtlebot3_ws/install/dynamixel_sdk_custom_interfaces/lib/libdynamixel_sdk_custom_interfaces__rosidl_typesupport_fastrtps_c.so\n'}
[10.373549] (dynamixel_sdk_custom_interfaces) StdoutLine: {'line': b'-- Set non-toolchain portion of runtime path of "/home/csilab/turtlebot3_ws/install/dynamixel_sdk_custom_interfaces/lib/libdynamixel_sdk_custom_interfaces__rosidl_typesupport_fastrtps_c.so" to ""\n'}
[10.373672] (dynamixel_sdk_custom_interfaces) StdoutLine: {'line': b'-- Installing: /home/csilab/turtlebot3_ws/install/dynamixel_sdk_custom_interfaces/lib/libdynamixel_sdk_custom_interfaces__rosidl_typesupport_fastrtps_cpp.so\n'}
[10.374038] (dynamixel_sdk_custom_interfaces) StdoutLine: {'line': b'-- Set non-toolchain portion of runtime path of "/home/csilab/turtlebot3_ws/install/dynamixel_sdk_custom_interfaces/lib/libdynamixel_sdk_custom_interfaces__rosidl_typesupport_fastrtps_cpp.so" to ""\n'}
[10.374167] (dynamixel_sdk_custom_interfaces) StdoutLine: {'line': b'-- Installing: /home/csilab/turtlebot3_ws/install/dynamixel_sdk_custom_interfaces/lib/libdynamixel_sdk_custom_interfaces__rosidl_typesupport_introspection_c.so\n'}
[10.374422] (dynamixel_sdk_custom_interfaces) StdoutLine: {'line': b'-- Set non-toolchain portion of runtime path of "/home/csilab/turtlebot3_ws/install/dynamixel_sdk_custom_interfaces/lib/libdynamixel_sdk_custom_interfaces__rosidl_typesupport_introspection_c.so" to ""\n'}
[10.374553] (dynamixel_sdk_custom_interfaces) StdoutLine: {'line': b'-- Installing: /home/csilab/turtlebot3_ws/install/dynamixel_sdk_custom_interfaces/lib/libdynamixel_sdk_custom_interfaces__rosidl_typesupport_c.so\n'}
[10.374782] (dynamixel_sdk_custom_interfaces) StdoutLine: {'line': b'-- Set non-toolchain portion of runtime path of "/home/csilab/turtlebot3_ws/install/dynamixel_sdk_custom_interfaces/lib/libdynamixel_sdk_custom_interfaces__rosidl_typesupport_c.so" to ""\n'}
[10.374908] (dynamixel_sdk_custom_interfaces) StdoutLine: {'line': b'-- Installing: /home/csilab/turtlebot3_ws/install/dynamixel_sdk_custom_interfaces/lib/libdynamixel_sdk_custom_interfaces__rosidl_typesupport_introspection_cpp.so\n'}
[10.375240] (dynamixel_sdk_custom_interfaces) StdoutLine: {'line': b'-- Set non-toolchain portion of runtime path of "/home/csilab/turtlebot3_ws/install/dynamixel_sdk_custom_interfaces/lib/libdynamixel_sdk_custom_interfaces__rosidl_typesupport_introspection_cpp.so" to ""\n'}
[10.375337] (dynamixel_sdk_custom_interfaces) StdoutLine: {'line': b'-- Installing: /home/csilab/turtlebot3_ws/install/dynamixel_sdk_custom_interfaces/lib/libdynamixel_sdk_custom_interfaces__rosidl_typesupport_cpp.so\n'}
[10.375724] (dynamixel_sdk_custom_interfaces) StdoutLine: {'line': b'-- Set non-toolchain portion of runtime path of "/home/csilab/turtlebot3_ws/install/dynamixel_sdk_custom_interfaces/lib/libdynamixel_sdk_custom_interfaces__rosidl_typesupport_cpp.so" to ""\n'}
[10.413848] (dynamixel_sdk_custom_interfaces) StdoutLine: {'line': b"Listing '/home/csilab/turtlebot3_ws/install/dynamixel_sdk_custom_interfaces/lib/python3.12/site-packages/dynamixel_sdk_custom_interfaces'...\n"}
[10.413997] (dynamixel_sdk_custom_interfaces) StdoutLine: {'line': b"Compiling '/home/csilab/turtlebot3_ws/install/dynamixel_sdk_custom_interfaces/lib/python3.12/site-packages/dynamixel_sdk_custom_interfaces/__init__.py'...\n"}
[10.414063] (dynamixel_sdk_custom_interfaces) StdoutLine: {'line': b"Listing '/home/csilab/turtlebot3_ws/install/dynamixel_sdk_custom_interfaces/lib/python3.12/site-packages/dynamixel_sdk_custom_interfaces/msg'...\n"}
[10.414116] (dynamixel_sdk_custom_interfaces) StdoutLine: {'line': b"Compiling '/home/csilab/turtlebot3_ws/install/dynamixel_sdk_custom_interfaces/lib/python3.12/site-packages/dynamixel_sdk_custom_interfaces/msg/__init__.py'...\n"}
[10.414167] (dynamixel_sdk_custom_interfaces) StdoutLine: {'line': b"Compiling '/home/csilab/turtlebot3_ws/install/dynamixel_sdk_custom_interfaces/lib/python3.12/site-packages/dynamixel_sdk_custom_interfaces/msg/_set_position.py'...\n"}
[10.414218] (dynamixel_sdk_custom_interfaces) StdoutLine: {'line': b"Listing '/home/csilab/turtlebot3_ws/install/dynamixel_sdk_custom_interfaces/lib/python3.12/site-packages/dynamixel_sdk_custom_interfaces/srv'...\n"}
[10.414269] (dynamixel_sdk_custom_interfaces) StdoutLine: {'line': b"Compiling '/home/csilab/turtlebot3_ws/install/dynamixel_sdk_custom_interfaces/lib/python3.12/site-packages/dynamixel_sdk_custom_interfaces/srv/__init__.py'...\n"}
[10.414331] (dynamixel_sdk_custom_interfaces) StdoutLine: {'line': b"Compiling '/home/csilab/turtlebot3_ws/install/dynamixel_sdk_custom_interfaces/lib/python3.12/site-packages/dynamixel_sdk_custom_interfaces/srv/_get_position.py'...\n"}
[10.417586] (-) TimerEvent: {}
[10.419133] (dynamixel_sdk_custom_interfaces) StdoutLine: {'line': b'-- Installing: /home/csilab/turtlebot3_ws/install/dynamixel_sdk_custom_interfaces/lib/libdynamixel_sdk_custom_interfaces__rosidl_generator_py.so\n'}
[10.419912] (dynamixel_sdk_custom_interfaces) StdoutLine: {'line': b'-- Set non-toolchain portion of runtime path of "/home/csilab/turtlebot3_ws/install/dynamixel_sdk_custom_interfaces/lib/libdynamixel_sdk_custom_interfaces__rosidl_generator_py.so" to ""\n'}
[10.420075] (dynamixel_sdk_custom_interfaces) StdoutLine: {'line': b'-- Installing: /home/csilab/turtlebot3_ws/install/dynamixel_sdk_custom_interfaces/share/dynamixel_sdk_custom_interfaces/cmake/export_dynamixel_sdk_custom_interfaces__rosidl_generator_cExport.cmake\n'}
[10.420206] (dynamixel_sdk_custom_interfaces) StdoutLine: {'line': b'-- Installing: /home/csilab/turtlebot3_ws/install/dynamixel_sdk_custom_interfaces/share/dynamixel_sdk_custom_interfaces/cmake/export_dynamixel_sdk_custom_interfaces__rosidl_generator_cExport-noconfig.cmake\n'}
[10.420447] (dynamixel_sdk_custom_interfaces) StdoutLine: {'line': b'-- Installing: /home/csilab/turtlebot3_ws/install/dynamixel_sdk_custom_interfaces/share/dynamixel_sdk_custom_interfaces/cmake/export_dynamixel_sdk_custom_interfaces__rosidl_typesupport_fastrtps_cExport.cmake\n'}
[10.420648] (dynamixel_sdk_custom_interfaces) StdoutLine: {'line': b'-- Installing: /home/csilab/turtlebot3_ws/install/dynamixel_sdk_custom_interfaces/share/dynamixel_sdk_custom_interfaces/cmake/export_dynamixel_sdk_custom_interfaces__rosidl_typesupport_fastrtps_cExport-noconfig.cmake\n'}
[10.420819] (dynamixel_sdk_custom_interfaces) StdoutLine: {'line': b'-- Installing: /home/csilab/turtlebot3_ws/install/dynamixel_sdk_custom_interfaces/share/dynamixel_sdk_custom_interfaces/cmake/export_dynamixel_sdk_custom_interfaces__rosidl_generator_cppExport.cmake\n'}
[10.420985] (dynamixel_sdk_custom_interfaces) StdoutLine: {'line': b'-- Installing: /home/csilab/turtlebot3_ws/install/dynamixel_sdk_custom_interfaces/share/dynamixel_sdk_custom_interfaces/cmake/export_dynamixel_sdk_custom_interfaces__rosidl_typesupport_fastrtps_cppExport.cmake\n'}
[10.421080] (dynamixel_sdk_custom_interfaces) StdoutLine: {'line': b'-- Installing: /home/csilab/turtlebot3_ws/install/dynamixel_sdk_custom_interfaces/share/dynamixel_sdk_custom_interfaces/cmake/export_dynamixel_sdk_custom_interfaces__rosidl_typesupport_fastrtps_cppExport-noconfig.cmake\n'}
[10.421173] (dynamixel_sdk_custom_interfaces) StdoutLine: {'line': b'-- Installing: /home/csilab/turtlebot3_ws/install/dynamixel_sdk_custom_interfaces/share/dynamixel_sdk_custom_interfaces/cmake/dynamixel_sdk_custom_interfaces__rosidl_typesupport_introspection_cExport.cmake\n'}
[10.421259] (dynamixel_sdk_custom_interfaces) StdoutLine: {'line': b'-- Installing: /home/csilab/turtlebot3_ws/install/dynamixel_sdk_custom_interfaces/share/dynamixel_sdk_custom_interfaces/cmake/dynamixel_sdk_custom_interfaces__rosidl_typesupport_introspection_cExport-noconfig.cmake\n'}
[10.421404] (dynamixel_sdk_custom_interfaces) StdoutLine: {'line': b'-- Installing: /home/csilab/turtlebot3_ws/install/dynamixel_sdk_custom_interfaces/share/dynamixel_sdk_custom_interfaces/cmake/dynamixel_sdk_custom_interfaces__rosidl_typesupport_cExport.cmake\n'}
[10.421533] (dynamixel_sdk_custom_interfaces) StdoutLine: {'line': b'-- Installing: /home/csilab/turtlebot3_ws/install/dynamixel_sdk_custom_interfaces/share/dynamixel_sdk_custom_interfaces/cmake/dynamixel_sdk_custom_interfaces__rosidl_typesupport_cExport-noconfig.cmake\n'}
[10.421669] (dynamixel_sdk_custom_interfaces) StdoutLine: {'line': b'-- Installing: /home/csilab/turtlebot3_ws/install/dynamixel_sdk_custom_interfaces/share/dynamixel_sdk_custom_interfaces/cmake/dynamixel_sdk_custom_interfaces__rosidl_typesupport_introspection_cppExport.cmake\n'}
[10.421799] (dynamixel_sdk_custom_interfaces) StdoutLine: {'line': b'-- Installing: /home/csilab/turtlebot3_ws/install/dynamixel_sdk_custom_interfaces/share/dynamixel_sdk_custom_interfaces/cmake/dynamixel_sdk_custom_interfaces__rosidl_typesupport_introspection_cppExport-noconfig.cmake\n'}
[10.421943] (dynamixel_sdk_custom_interfaces) StdoutLine: {'line': b'-- Installing: /home/csilab/turtlebot3_ws/install/dynamixel_sdk_custom_interfaces/share/dynamixel_sdk_custom_interfaces/cmake/dynamixel_sdk_custom_interfaces__rosidl_typesupport_cppExport.cmake\n'}
[10.422077] (dynamixel_sdk_custom_interfaces) StdoutLine: {'line': b'-- Installing: /home/csilab/turtlebot3_ws/install/dynamixel_sdk_custom_interfaces/share/dynamixel_sdk_custom_interfaces/cmake/dynamixel_sdk_custom_interfaces__rosidl_typesupport_cppExport-noconfig.cmake\n'}
[10.422207] (dynamixel_sdk_custom_interfaces) StdoutLine: {'line': b'-- Installing: /home/csilab/turtlebot3_ws/install/dynamixel_sdk_custom_interfaces/share/dynamixel_sdk_custom_interfaces/cmake/export_dynamixel_sdk_custom_interfaces__rosidl_generator_pyExport.cmake\n'}
[10.422343] (dynamixel_sdk_custom_interfaces) StdoutLine: {'line': b'-- Installing: /home/csilab/turtlebot3_ws/install/dynamixel_sdk_custom_interfaces/share/dynamixel_sdk_custom_interfaces/cmake/export_dynamixel_sdk_custom_interfaces__rosidl_generator_pyExport-noconfig.cmake\n'}
[10.424589] (dynamixel_sdk_custom_interfaces) CommandEnded: {'returncode': 0}
[10.439271] (dynamixel_sdk_custom_interfaces) JobEnded: {'identifier': 'dynamixel_sdk_custom_interfaces', 'rc': 0}
[10.439769] (dynamixel_sdk_examples) JobStarted: {'identifier': 'dynamixel_sdk_examples'}
[10.451525] (dynamixel_sdk_examples) JobProgress: {'identifier': 'dynamixel_sdk_examples', 'progress': 'cmake'}
[10.451880] (dynamixel_sdk_examples) Command: {'cmd': ['/usr/bin/cmake', '/home/csilab/turtlebot3_ws/src/DynamixelSDK/ros/dynamixel_sdk_examples', '-DAMENT_CMAKE_SYMLINK_INSTALL=1', '-DCMAKE_INSTALL_PREFIX=/home/csilab/turtlebot3_ws/install/dynamixel_sdk_examples'], 'cwd': '/home/csilab/turtlebot3_ws/build/dynamixel_sdk_examples', 'env': OrderedDict({'LESSOPEN': '| /usr/bin/lesspipe %s', 'LANGUAGE': 'ko:en', 'USER': 'csilab', 'LC_TIME': 'en_US.UTF-8', 'GZ_CONFIG_PATH': '/opt/ros/jazzy/opt/gz_sim_vendor/share/gz:/opt/ros/jazzy/opt/sdformat_vendor/share/gz:/opt/ros/jazzy/opt/gz_gui_vendor/share/gz:/opt/ros/jazzy/opt/gz_transport_vendor/share/gz:/opt/ros/jazzy/opt/gz_rendering_vendor/share/gz:/opt/ros/jazzy/opt/gz_plugin_vendor/share/gz:/opt/ros/jazzy/opt/gz_fuel_tools_vendor/share/gz:/opt/ros/jazzy/opt/gz_msgs_vendor/share/gz:/opt/ros/jazzy/opt/gz_common_vendor/share/gz', 'XDG_SESSION_TYPE': 'wayland', 'CLUTTER_DISABLE_MIPMAPPED_TEXT': '1', 'SHLVL': '1', 'LD_LIBRARY_PATH': '/home/csilab/turtlebot3_ws/install/dynamixel_sdk_custom_interfaces/lib:/home/csilab/turtlebot3_ws/install/dynamixel_sdk/lib:/opt/ros/jazzy/opt/gz_sim_vendor/lib:/opt/ros/jazzy/opt/gz_sensors_vendor/lib:/opt/ros/jazzy/opt/gz_physics_vendor/lib:/opt/ros/jazzy/opt/sdformat_vendor/lib:/opt/ros/jazzy/opt/rviz_ogre_vendor/lib:/opt/ros/jazzy/lib/x86_64-linux-gnu:/opt/ros/jazzy/opt/gz_gui_vendor/lib:/opt/ros/jazzy/opt/gz_transport_vendor/lib:/opt/ros/jazzy/opt/gz_rendering_vendor/lib:/opt/ros/jazzy/opt/gz_plugin_vendor/lib:/opt/ros/jazzy/opt/gz_fuel_tools_vendor/lib:/opt/ros/jazzy/opt/gz_msgs_vendor/lib:/opt/ros/jazzy/opt/gz_common_vendor/lib:/opt/ros/jazzy/opt/gz_math_vendor/lib:/opt/ros/jazzy/opt/gz_utils_vendor/lib:/opt/ros/jazzy/opt/gz_tools_vendor/lib:/opt/ros/jazzy/opt/gz_ogre_next_vendor/lib:/opt/ros/jazzy/opt/gz_dartsim_vendor/lib:/opt/ros/jazzy/opt/gz_cmake_vendor/lib:/opt/ros/jazzy/lib', 'HOME': '/home/csilab', 'OLDPWD': '/home/csilab', 'DESKTOP_SESSION': 'ubuntu', 'ROS_PYTHON_VERSION': '3', 'GNOME_SHELL_SESSION_MODE': 'ubuntu', 'GTK_MODULES': 'gail:atk-bridge', 'LC_MONETARY': 'en_US.UTF-8', 'SYSTEMD_EXEC_PID': '2982', 'GSM_SKIP_SSH_AGENT_WORKAROUND': 'true', 'DBUS_SESSION_BUS_ADDRESS': 'unix:path=/run/user/1000/bus', 'COLORTERM': 'truecolor', 'DEBUGINFOD_URLS': 'https://debuginfod.ubuntu.com', 'IM_CONFIG_PHASE': '1', 'WAYLAND_DISPLAY': 'wayland-0', 'COLCON_PREFIX_PATH': '/home/csilab/turtlebot3_ws/install', 'ROS_DISTRO': 'jazzy', 'LOGNAME': 'csilab', '_': '/usr/bin/colcon', 'ROS_VERSION': '2', 'MEMORY_PRESSURE_WATCH': '/sys/fs/cgroup/user.slice/user-1000.slice/user@1000.service/session.slice/org.gnome.Shell@wayland.service/memory.pressure', 'XDG_SESSION_CLASS': 'user', 'USERNAME': 'csilab', 'TERM': 'xterm-256color', 'GNOME_DESKTOP_SESSION_ID': 'this-is-deprecated', 'ROS_LOCALHOST_ONLY': '0', 'PATH': '/opt/ros/jazzy/opt/gz_msgs_vendor/bin:/opt/ros/jazzy/opt/gz_tools_vendor/bin:/opt/ros/jazzy/opt/gz_ogre_next_vendor/bin:/opt/ros/jazzy/bin:/home/csilab/.local/bin:/usr/local/sbin:/usr/local/bin:/usr/sbin:/usr/bin:/sbin:/bin:/usr/games:/usr/local/games:/snap/bin:/snap/bin', 'SESSION_MANAGER': 'local/turtle-jeong:@/tmp/.ICE-unix/2949,unix/turtle-jeong:/tmp/.ICE-unix/2949', 'PAPERSIZE': 'letter', 'XDG_MENU_PREFIX': 'gnome-', 'LC_ADDRESS': 'en_US.UTF-8', 'GNOME_TERMINAL_SCREEN': '/org/gnome/Terminal/screen/2f4e7b85_68a8_4b0b_822e_d2ca6887dc44', 'GNOME_SETUP_DISPLAY': ':1', 'XDG_RUNTIME_DIR': '/run/user/1000', 'DISPLAY': ':0', 'LANG': 'ko_KR.UTF-8', 'XDG_CURRENT_DESKTOP': 'ubuntu:GNOME', 'LC_TELEPHONE': 'en_US.UTF-8', 'XMODIFIERS': '@im=ibus', 'XDG_SESSION_DESKTOP': 'ubuntu', 'XAUTHORITY': '/run/user/1000/.mutter-Xwaylandauth.FV4ZR3', 'LS_COLORS': 'rs=0:di=01;34:ln=01;36:mh=00:pi=40;33:so=01;35:do=01;35:bd=40;33;01:cd=40;33;01:or=40;31;01:mi=00:su=37;41:sg=30;43:ca=00:tw=30;42:ow=34;42:st=37;44:ex=01;32:*.tar=01;31:*.tgz=01;31:*.arc=01;31:*.arj=01;31:*.taz=01;31:*.lha=01;31:*.lz4=01;31:*.lzh=01;31:*.lzma=01;31:*.tlz=01;31:*.txz=01;31:*.tzo=01;31:*.t7z=01;31:*.zip=01;31:*.z=01;31:*.dz=01;31:*.gz=01;31:*.lrz=01;31:*.lz=01;31:*.lzo=01;31:*.xz=01;31:*.zst=01;31:*.tzst=01;31:*.bz2=01;31:*.bz=01;31:*.tbz=01;31:*.tbz2=01;31:*.tz=01;31:*.deb=01;31:*.rpm=01;31:*.jar=01;31:*.war=01;31:*.ear=01;31:*.sar=01;31:*.rar=01;31:*.alz=01;31:*.ace=01;31:*.zoo=01;31:*.cpio=01;31:*.7z=01;31:*.rz=01;31:*.cab=01;31:*.wim=01;31:*.swm=01;31:*.dwm=01;31:*.esd=01;31:*.avif=01;35:*.jpg=01;35:*.jpeg=01;35:*.mjpg=01;35:*.mjpeg=01;35:*.gif=01;35:*.bmp=01;35:*.pbm=01;35:*.pgm=01;35:*.ppm=01;35:*.tga=01;35:*.xbm=01;35:*.xpm=01;35:*.tif=01;35:*.tiff=01;35:*.png=01;35:*.svg=01;35:*.svgz=01;35:*.mng=01;35:*.pcx=01;35:*.mov=01;35:*.mpg=01;35:*.mpeg=01;35:*.m2v=01;35:*.mkv=01;35:*.webm=01;35:*.webp=01;35:*.ogm=01;35:*.mp4=01;35:*.m4v=01;35:*.mp4v=01;35:*.vob=01;35:*.qt=01;35:*.nuv=01;35:*.wmv=01;35:*.asf=01;35:*.rm=01;35:*.rmvb=01;35:*.flc=01;35:*.avi=01;35:*.fli=01;35:*.flv=01;35:*.gl=01;35:*.dl=01;35:*.xcf=01;35:*.xwd=01;35:*.yuv=01;35:*.cgm=01;35:*.emf=01;35:*.ogv=01;35:*.ogx=01;35:*.aac=00;36:*.au=00;36:*.flac=00;36:*.m4a=00;36:*.mid=00;36:*.midi=00;36:*.mka=00;36:*.mp3=00;36:*.mpc=00;36:*.ogg=00;36:*.ra=00;36:*.wav=00;36:*.oga=00;36:*.opus=00;36:*.spx=00;36:*.xspf=00;36:*~=00;90:*#=00;90:*.bak=00;90:*.crdownload=00;90:*.dpkg-dist=00;90:*.dpkg-new=00;90:*.dpkg-old=00;90:*.dpkg-tmp=00;90:*.old=00;90:*.orig=00;90:*.part=00;90:*.rej=00;90:*.rpmnew=00;90:*.rpmorig=00;90:*.rpmsave=00;90:*.swp=00;90:*.tmp=00;90:*.ucf-dist=00;90:*.ucf-new=00;90:*.ucf-old=00;90:', 'GNOME_TERMINAL_SERVICE': ':1.12184', 'SSH_AUTH_SOCK': '/run/user/1000/keyring/ssh', 'ROS_DOMAIN_ID': '30', 'AMENT_PREFIX_PATH': '/home/csilab/turtlebot3_ws/install/dynamixel_sdk_custom_interfaces:/home/csilab/turtlebot3_ws/install/dynamixel_sdk:/opt/ros/jazzy', 'SHELL': '/bin/bash', 'LC_NAME': 'en_US.UTF-8', 'QT_ACCESSIBILITY': '1', 'GDMSESSION': 'ubuntu', 'LESSCLOSE': '/usr/bin/lesspipe %s %s', 'LC_MEASUREMENT': 'en_US.UTF-8', 'LC_IDENTIFICATION': 'en_US.UTF-8', 'ROS_AUTOMATIC_DISCOVERY_RANGE': 'SUBNET', 'QT_IM_MODULE': 'ibus', 'PWD': '/home/csilab/turtlebot3_ws/build/dynamixel_sdk_examples', 'LC_ALL': 'en_US.UTF-8', 'XDG_CONFIG_DIRS': '/etc/xdg/xdg-ubuntu:/etc/xdg', 'XDG_DATA_DIRS': '/usr/share/ubuntu:/usr/share/gnome:/usr/local/share/:/usr/share/:/var/lib/snapd/desktop', 'LDS_MODEL': 'LDS-02', 'PYTHONPATH': '/home/csilab/turtlebot3_ws/install/dynamixel_sdk_custom_interfaces/lib/python3.12/site-packages:/home/csilab/turtlebot3_ws/install/dynamixel_sdk/lib/python3.12/site-packages:/opt/ros/jazzy/lib/python3.12/site-packages', 'LC_NUMERIC': 'en_US.UTF-8', 'LC_PAPER': 'en_US.UTF-8', 'COLCON': '1', 'MEMORY_PRESSURE_WRITE': 'c29tZSAyMDAwMDAgMjAwMDAwMAA=', 'VTE_VERSION': '7600', 'CMAKE_PREFIX_PATH': '/home/csilab/turtlebot3_ws/install/dynamixel_sdk_custom_interfaces:/home/csilab/turtlebot3_ws/install/dynamixel_sdk:/home/csilab/turtlebot3_ws/install/dynamixel_sdk_examples:/opt/ros/jazzy/opt/gz_sim_vendor:/opt/ros/jazzy/opt/gz_sensors_vendor:/opt/ros/jazzy/opt/gz_physics_vendor:/opt/ros/jazzy/opt/sdformat_vendor:/opt/ros/jazzy/opt/gz_gui_vendor:/opt/ros/jazzy/opt/gz_transport_vendor:/opt/ros/jazzy/opt/gz_rendering_vendor:/opt/ros/jazzy/opt/gz_plugin_vendor:/opt/ros/jazzy/opt/gz_fuel_tools_vendor:/opt/ros/jazzy/opt/gz_msgs_vendor:/opt/ros/jazzy/opt/gz_common_vendor:/opt/ros/jazzy/opt/gz_math_vendor:/opt/ros/jazzy/opt/gz_utils_vendor:/opt/ros/jazzy/opt/gz_tools_vendor:/opt/ros/jazzy/opt/gz_ogre_next_vendor:/opt/ros/jazzy/opt/gz_dartsim_vendor:/opt/ros/jazzy/opt/gz_cmake_vendor:/opt/ros/jazzy'}), 'shell': False}
[10.505934] (dynamixel_sdk_examples) StdoutLine: {'line': b'-- The C compiler identification is GNU 13.3.0\n'}
[10.517691] (-) TimerEvent: {}
[10.559472] (dynamixel_sdk_examples) StdoutLine: {'line': b'-- The CXX compiler identification is GNU 13.3.0\n'}
[10.576890] (dynamixel_sdk_examples) StdoutLine: {'line': b'-- Detecting C compiler ABI info\n'}
[10.617795] (-) TimerEvent: {}
[10.673827] (dynamixel_sdk_examples) StdoutLine: {'line': b'-- Detecting C compiler ABI info - done\n'}
[10.683273] (dynamixel_sdk_examples) StdoutLine: {'line': b'-- Check for working C compiler: /usr/bin/cc - skipped\n'}
[10.683518] (dynamixel_sdk_examples) StdoutLine: {'line': b'-- Detecting C compile features\n'}
[10.683792] (dynamixel_sdk_examples) StdoutLine: {'line': b'-- Detecting C compile features - done\n'}
[10.694936] (dynamixel_sdk_examples) StdoutLine: {'line': b'-- Detecting CXX compiler ABI info\n'}
[10.717885] (-) TimerEvent: {}
[10.799696] (dynamixel_sdk_examples) StdoutLine: {'line': b'-- Detecting CXX compiler ABI info - done\n'}
[10.807076] (dynamixel_sdk_examples) StdoutLine: {'line': b'-- Check for working CXX compiler: /usr/bin/c++ - skipped\n'}
[10.807325] (dynamixel_sdk_examples) StdoutLine: {'line': b'-- Detecting CXX compile features\n'}
[10.807701] (dynamixel_sdk_examples) StdoutLine: {'line': b'-- Detecting CXX compile features - done\n'}
[10.812683] (dynamixel_sdk_examples) StdoutLine: {'line': b'-- Found ament_cmake: 2.5.6 (/opt/ros/jazzy/share/ament_cmake/cmake)\n'}
[10.817958] (-) TimerEvent: {}
[10.918178] (-) TimerEvent: {}
[10.957598] (dynamixel_sdk_examples) StdoutLine: {'line': b'-- Found Python3: /usr/bin/python3 (found version "3.12.3") found components: Interpreter \n'}
[11.018261] (-) TimerEvent: {}
[11.021610] (dynamixel_sdk_examples) StdoutLine: {'line': b'-- Override CMake install command with custom implementation using symlinks instead of copying resources\n'}
[11.081407] (dynamixel_sdk_examples) StdoutLine: {'line': b'-- Found dynamixel_sdk: 4.0.5 (/home/csilab/turtlebot3_ws/install/dynamixel_sdk/share/dynamixel_sdk/cmake)\n'}
[11.083115] (dynamixel_sdk_examples) StdoutLine: {'line': b'-- Found dynamixel_sdk_custom_interfaces: 4.0.5 (/home/csilab/turtlebot3_ws/install/dynamixel_sdk_custom_interfaces/share/dynamixel_sdk_custom_interfaces/cmake)\n'}
[11.118332] (-) TimerEvent: {}
[11.142512] (dynamixel_sdk_examples) StdoutLine: {'line': b'-- Found rosidl_generator_c: 4.6.9 (/opt/ros/jazzy/share/rosidl_generator_c/cmake)\n'}
[11.162315] (dynamixel_sdk_examples) StdoutLine: {'line': b'-- Found rosidl_generator_cpp: 4.6.9 (/opt/ros/jazzy/share/rosidl_generator_cpp/cmake)\n'}
[11.184307] (dynamixel_sdk_examples) StdoutLine: {'line': b'-- Using all available rosidl_typesupport_c: rosidl_typesupport_fastrtps_c;rosidl_typesupport_introspection_c\n'}
[11.207593] (dynamixel_sdk_examples) StdoutLine: {'line': b'-- Using all available rosidl_typesupport_cpp: rosidl_typesupport_fastrtps_cpp;rosidl_typesupport_introspection_cpp\n'}
[11.218433] (-) TimerEvent: {}
[11.271259] (dynamixel_sdk_examples) StdoutLine: {'line': b'-- Found rclcpp: 28.1.21 (/opt/ros/jazzy/share/rclcpp/cmake)\n'}
[11.318528] (-) TimerEvent: {}
[11.355518] (dynamixel_sdk_examples) StdoutLine: {'line': b'-- Found rmw_implementation_cmake: 7.3.3 (/opt/ros/jazzy/share/rmw_implementation_cmake/cmake)\n'}
[11.363657] (dynamixel_sdk_examples) StdoutLine: {'line': b'-- Found rmw_fastrtps_cpp: 8.4.4 (/opt/ros/jazzy/share/rmw_fastrtps_cpp/cmake)\n'}
[11.418639] (-) TimerEvent: {}
[11.481366] (dynamixel_sdk_examples) StdoutLine: {'line': b'-- Found OpenSSL: /usr/lib/x86_64-linux-gnu/libcrypto.so (found version "3.0.13")  \n'}
[11.502232] (dynamixel_sdk_examples) StdoutLine: {'line': b'-- Found FastRTPS: /opt/ros/jazzy/include (Required is at least version "2.13") \n'}
[11.518721] (-) TimerEvent: {}
[11.524852] (dynamixel_sdk_examples) StdoutLine: {'line': b"-- Using RMW implementation 'rmw_fastrtps_cpp' as default\n"}
[11.618845] (-) TimerEvent: {}
[11.620533] (dynamixel_sdk_examples) StdoutLine: {'line': b'-- Found rclpy: 7.1.11 (/opt/ros/jazzy/share/rclpy/cmake)\n'}
[11.625876] (dynamixel_sdk_examples) StdoutLine: {'line': b'-- Found ament_lint_auto: 0.17.5 (/opt/ros/jazzy/share/ament_lint_auto/cmake)\n'}
[11.718979] (-) TimerEvent: {}
[11.745452] (dynamixel_sdk_examples) StdoutLine: {'line': b"-- Added test 'copyright' to check source files copyright and LICENSE\n"}
[11.747044] (dynamixel_sdk_examples) StdoutLine: {'line': b"-- Added test 'cppcheck' to perform static code analysis on C / C++ code\n"}
[11.747205] (dynamixel_sdk_examples) StdoutLine: {'line': b'-- Configured cppcheck include dirs: /home/csilab/turtlebot3_ws/src/DynamixelSDK/ros/dynamixel_sdk_examples/include\n'}
[11.747289] (dynamixel_sdk_examples) StdoutLine: {'line': b'-- Configured cppcheck exclude dirs and/or files: \n'}
[11.748505] (dynamixel_sdk_examples) StdoutLine: {'line': b"-- Added test 'cpplint' to check C / C++ code against the Google style\n"}
[11.748567] (dynamixel_sdk_examples) StdoutLine: {'line': b'-- Configured cpplint exclude dirs and/or files: \n'}
[11.749265] (dynamixel_sdk_examples) StdoutLine: {'line': b"-- Added test 'flake8' to check Python code syntax and style conventions\n"}
[11.749366] (dynamixel_sdk_examples) StdoutLine: {'line': b"-- Configured 'flake8' exclude dirs and/or files: \n"}
[11.750172] (dynamixel_sdk_examples) StdoutLine: {'line': b"-- Added test 'lint_cmake' to check CMake code style\n"}
[11.751003] (dynamixel_sdk_examples) StdoutLine: {'line': b"-- Added test 'pep257' to check Python code against some of the docstring style conventions in PEP 257\n"}
[11.752242] (dynamixel_sdk_examples) StdoutLine: {'line': b"-- Added test 'uncrustify' to check C / C++ code style\n"}
[11.752375] (dynamixel_sdk_examples) StdoutLine: {'line': b'-- Configured uncrustify additional arguments: \n'}
[11.753129] (dynamixel_sdk_examples) StdoutLine: {'line': b"-- Added test 'xmllint' to check XML markup files\n"}
[11.755033] (dynamixel_sdk_examples) StdoutLine: {'line': b'-- Configuring done (1.3s)\n'}
[11.765336] (dynamixel_sdk_examples) StdoutLine: {'line': b'-- Generating done (0.0s)\n'}
[11.768097] (dynamixel_sdk_examples) StdoutLine: {'line': b'-- Build files have been written to: /home/csilab/turtlebot3_ws/build/dynamixel_sdk_examples\n'}
[11.777673] (dynamixel_sdk_examples) CommandEnded: {'returncode': 0}
[11.778595] (dynamixel_sdk_examples) JobProgress: {'identifier': 'dynamixel_sdk_examples', 'progress': 'build'}
[11.778613] (dynamixel_sdk_examples) Command: {'cmd': ['/usr/bin/cmake', '--build', '/home/csilab/turtlebot3_ws/build/dynamixel_sdk_examples', '--', '-j12', '-l12'], 'cwd': '/home/csilab/turtlebot3_ws/build/dynamixel_sdk_examples', 'env': OrderedDict({'LESSOPEN': '| /usr/bin/lesspipe %s', 'LANGUAGE': 'ko:en', 'USER': 'csilab', 'LC_TIME': 'en_US.UTF-8', 'GZ_CONFIG_PATH': '/opt/ros/jazzy/opt/gz_sim_vendor/share/gz:/opt/ros/jazzy/opt/sdformat_vendor/share/gz:/opt/ros/jazzy/opt/gz_gui_vendor/share/gz:/opt/ros/jazzy/opt/gz_transport_vendor/share/gz:/opt/ros/jazzy/opt/gz_rendering_vendor/share/gz:/opt/ros/jazzy/opt/gz_plugin_vendor/share/gz:/opt/ros/jazzy/opt/gz_fuel_tools_vendor/share/gz:/opt/ros/jazzy/opt/gz_msgs_vendor/share/gz:/opt/ros/jazzy/opt/gz_common_vendor/share/gz', 'XDG_SESSION_TYPE': 'wayland', 'CLUTTER_DISABLE_MIPMAPPED_TEXT': '1', 'SHLVL': '1', 'LD_LIBRARY_PATH': '/home/csilab/turtlebot3_ws/install/dynamixel_sdk_custom_interfaces/lib:/home/csilab/turtlebot3_ws/install/dynamixel_sdk/lib:/opt/ros/jazzy/opt/gz_sim_vendor/lib:/opt/ros/jazzy/opt/gz_sensors_vendor/lib:/opt/ros/jazzy/opt/gz_physics_vendor/lib:/opt/ros/jazzy/opt/sdformat_vendor/lib:/opt/ros/jazzy/opt/rviz_ogre_vendor/lib:/opt/ros/jazzy/lib/x86_64-linux-gnu:/opt/ros/jazzy/opt/gz_gui_vendor/lib:/opt/ros/jazzy/opt/gz_transport_vendor/lib:/opt/ros/jazzy/opt/gz_rendering_vendor/lib:/opt/ros/jazzy/opt/gz_plugin_vendor/lib:/opt/ros/jazzy/opt/gz_fuel_tools_vendor/lib:/opt/ros/jazzy/opt/gz_msgs_vendor/lib:/opt/ros/jazzy/opt/gz_common_vendor/lib:/opt/ros/jazzy/opt/gz_math_vendor/lib:/opt/ros/jazzy/opt/gz_utils_vendor/lib:/opt/ros/jazzy/opt/gz_tools_vendor/lib:/opt/ros/jazzy/opt/gz_ogre_next_vendor/lib:/opt/ros/jazzy/opt/gz_dartsim_vendor/lib:/opt/ros/jazzy/opt/gz_cmake_vendor/lib:/opt/ros/jazzy/lib', 'HOME': '/home/csilab', 'OLDPWD': '/home/csilab', 'DESKTOP_SESSION': 'ubuntu', 'ROS_PYTHON_VERSION': '3', 'GNOME_SHELL_SESSION_MODE': 'ubuntu', 'GTK_MODULES': 'gail:atk-bridge', 'LC_MONETARY': 'en_US.UTF-8', 'SYSTEMD_EXEC_PID': '2982', 'GSM_SKIP_SSH_AGENT_WORKAROUND': 'true', 'DBUS_SESSION_BUS_ADDRESS': 'unix:path=/run/user/1000/bus', 'COLORTERM': 'truecolor', 'DEBUGINFOD_URLS': 'https://debuginfod.ubuntu.com', 'IM_CONFIG_PHASE': '1', 'WAYLAND_DISPLAY': 'wayland-0', 'COLCON_PREFIX_PATH': '/home/csilab/turtlebot3_ws/install', 'ROS_DISTRO': 'jazzy', 'LOGNAME': 'csilab', '_': '/usr/bin/colcon', 'ROS_VERSION': '2', 'MEMORY_PRESSURE_WATCH': '/sys/fs/cgroup/user.slice/user-1000.slice/user@1000.service/session.slice/org.gnome.Shell@wayland.service/memory.pressure', 'XDG_SESSION_CLASS': 'user', 'USERNAME': 'csilab', 'TERM': 'xterm-256color', 'GNOME_DESKTOP_SESSION_ID': 'this-is-deprecated', 'ROS_LOCALHOST_ONLY': '0', 'PATH': '/opt/ros/jazzy/opt/gz_msgs_vendor/bin:/opt/ros/jazzy/opt/gz_tools_vendor/bin:/opt/ros/jazzy/opt/gz_ogre_next_vendor/bin:/opt/ros/jazzy/bin:/home/csilab/.local/bin:/usr/local/sbin:/usr/local/bin:/usr/sbin:/usr/bin:/sbin:/bin:/usr/games:/usr/local/games:/snap/bin:/snap/bin', 'SESSION_MANAGER': 'local/turtle-jeong:@/tmp/.ICE-unix/2949,unix/turtle-jeong:/tmp/.ICE-unix/2949', 'PAPERSIZE': 'letter', 'XDG_MENU_PREFIX': 'gnome-', 'LC_ADDRESS': 'en_US.UTF-8', 'GNOME_TERMINAL_SCREEN': '/org/gnome/Terminal/screen/2f4e7b85_68a8_4b0b_822e_d2ca6887dc44', 'GNOME_SETUP_DISPLAY': ':1', 'XDG_RUNTIME_DIR': '/run/user/1000', 'DISPLAY': ':0', 'LANG': 'ko_KR.UTF-8', 'XDG_CURRENT_DESKTOP': 'ubuntu:GNOME', 'LC_TELEPHONE': 'en_US.UTF-8', 'XMODIFIERS': '@im=ibus', 'XDG_SESSION_DESKTOP': 'ubuntu', 'XAUTHORITY': '/run/user/1000/.mutter-Xwaylandauth.FV4ZR3', 'LS_COLORS': 'rs=0:di=01;34:ln=01;36:mh=00:pi=40;33:so=01;35:do=01;35:bd=40;33;01:cd=40;33;01:or=40;31;01:mi=00:su=37;41:sg=30;43:ca=00:tw=30;42:ow=34;42:st=37;44:ex=01;32:*.tar=01;31:*.tgz=01;31:*.arc=01;31:*.arj=01;31:*.taz=01;31:*.lha=01;31:*.lz4=01;31:*.lzh=01;31:*.lzma=01;31:*.tlz=01;31:*.txz=01;31:*.tzo=01;31:*.t7z=01;31:*.zip=01;31:*.z=01;31:*.dz=01;31:*.gz=01;31:*.lrz=01;31:*.lz=01;31:*.lzo=01;31:*.xz=01;31:*.zst=01;31:*.tzst=01;31:*.bz2=01;31:*.bz=01;31:*.tbz=01;31:*.tbz2=01;31:*.tz=01;31:*.deb=01;31:*.rpm=01;31:*.jar=01;31:*.war=01;31:*.ear=01;31:*.sar=01;31:*.rar=01;31:*.alz=01;31:*.ace=01;31:*.zoo=01;31:*.cpio=01;31:*.7z=01;31:*.rz=01;31:*.cab=01;31:*.wim=01;31:*.swm=01;31:*.dwm=01;31:*.esd=01;31:*.avif=01;35:*.jpg=01;35:*.jpeg=01;35:*.mjpg=01;35:*.mjpeg=01;35:*.gif=01;35:*.bmp=01;35:*.pbm=01;35:*.pgm=01;35:*.ppm=01;35:*.tga=01;35:*.xbm=01;35:*.xpm=01;35:*.tif=01;35:*.tiff=01;35:*.png=01;35:*.svg=01;35:*.svgz=01;35:*.mng=01;35:*.pcx=01;35:*.mov=01;35:*.mpg=01;35:*.mpeg=01;35:*.m2v=01;35:*.mkv=01;35:*.webm=01;35:*.webp=01;35:*.ogm=01;35:*.mp4=01;35:*.m4v=01;35:*.mp4v=01;35:*.vob=01;35:*.qt=01;35:*.nuv=01;35:*.wmv=01;35:*.asf=01;35:*.rm=01;35:*.rmvb=01;35:*.flc=01;35:*.avi=01;35:*.fli=01;35:*.flv=01;35:*.gl=01;35:*.dl=01;35:*.xcf=01;35:*.xwd=01;35:*.yuv=01;35:*.cgm=01;35:*.emf=01;35:*.ogv=01;35:*.ogx=01;35:*.aac=00;36:*.au=00;36:*.flac=00;36:*.m4a=00;36:*.mid=00;36:*.midi=00;36:*.mka=00;36:*.mp3=00;36:*.mpc=00;36:*.ogg=00;36:*.ra=00;36:*.wav=00;36:*.oga=00;36:*.opus=00;36:*.spx=00;36:*.xspf=00;36:*~=00;90:*#=00;90:*.bak=00;90:*.crdownload=00;90:*.dpkg-dist=00;90:*.dpkg-new=00;90:*.dpkg-old=00;90:*.dpkg-tmp=00;90:*.old=00;90:*.orig=00;90:*.part=00;90:*.rej=00;90:*.rpmnew=00;90:*.rpmorig=00;90:*.rpmsave=00;90:*.swp=00;90:*.tmp=00;90:*.ucf-dist=00;90:*.ucf-new=00;90:*.ucf-old=00;90:', 'GNOME_TERMINAL_SERVICE': ':1.12184', 'SSH_AUTH_SOCK': '/run/user/1000/keyring/ssh', 'ROS_DOMAIN_ID': '30', 'AMENT_PREFIX_PATH': '/home/csilab/turtlebot3_ws/install/dynamixel_sdk_custom_interfaces:/home/csilab/turtlebot3_ws/install/dynamixel_sdk:/opt/ros/jazzy', 'SHELL': '/bin/bash', 'LC_NAME': 'en_US.UTF-8', 'QT_ACCESSIBILITY': '1', 'GDMSESSION': 'ubuntu', 'LESSCLOSE': '/usr/bin/lesspipe %s %s', 'LC_MEASUREMENT': 'en_US.UTF-8', 'LC_IDENTIFICATION': 'en_US.UTF-8', 'ROS_AUTOMATIC_DISCOVERY_RANGE': 'SUBNET', 'QT_IM_MODULE': 'ibus', 'PWD': '/home/csilab/turtlebot3_ws/build/dynamixel_sdk_examples', 'LC_ALL': 'en_US.UTF-8', 'XDG_CONFIG_DIRS': '/etc/xdg/xdg-ubuntu:/etc/xdg', 'XDG_DATA_DIRS': '/usr/share/ubuntu:/usr/share/gnome:/usr/local/share/:/usr/share/:/var/lib/snapd/desktop', 'LDS_MODEL': 'LDS-02', 'PYTHONPATH': '/home/csilab/turtlebot3_ws/install/dynamixel_sdk_custom_interfaces/lib/python3.12/site-packages:/home/csilab/turtlebot3_ws/install/dynamixel_sdk/lib/python3.12/site-packages:/opt/ros/jazzy/lib/python3.12/site-packages', 'LC_NUMERIC': 'en_US.UTF-8', 'LC_PAPER': 'en_US.UTF-8', 'COLCON': '1', 'MEMORY_PRESSURE_WRITE': 'c29tZSAyMDAwMDAgMjAwMDAwMAA=', 'VTE_VERSION': '7600', 'CMAKE_PREFIX_PATH': '/home/csilab/turtlebot3_ws/install/dynamixel_sdk_custom_interfaces:/home/csilab/turtlebot3_ws/install/dynamixel_sdk:/home/csilab/turtlebot3_ws/install/dynamixel_sdk_examples:/opt/ros/jazzy/opt/gz_sim_vendor:/opt/ros/jazzy/opt/gz_sensors_vendor:/opt/ros/jazzy/opt/gz_physics_vendor:/opt/ros/jazzy/opt/sdformat_vendor:/opt/ros/jazzy/opt/gz_gui_vendor:/opt/ros/jazzy/opt/gz_transport_vendor:/opt/ros/jazzy/opt/gz_rendering_vendor:/opt/ros/jazzy/opt/gz_plugin_vendor:/opt/ros/jazzy/opt/gz_fuel_tools_vendor:/opt/ros/jazzy/opt/gz_msgs_vendor:/opt/ros/jazzy/opt/gz_common_vendor:/opt/ros/jazzy/opt/gz_math_vendor:/opt/ros/jazzy/opt/gz_utils_vendor:/opt/ros/jazzy/opt/gz_tools_vendor:/opt/ros/jazzy/opt/gz_ogre_next_vendor:/opt/ros/jazzy/opt/gz_dartsim_vendor:/opt/ros/jazzy/opt/gz_cmake_vendor:/opt/ros/jazzy'}), 'shell': False}
[11.819076] (-) TimerEvent: {}
[11.836963] (dynamixel_sdk_examples) StdoutLine: {'line': b'[ 50%] \x1b[32mBuilding CXX object CMakeFiles/read_write_node.dir/src/read_write_node.cpp.o\x1b[0m\n'}
[11.919215] (-) TimerEvent: {}
[12.019556] (-) TimerEvent: {}
[12.119834] (-) TimerEvent: {}
[12.220138] (-) TimerEvent: {}
[12.320481] (-) TimerEvent: {}
[12.420798] (-) TimerEvent: {}
[12.521094] (-) TimerEvent: {}
[12.621379] (-) TimerEvent: {}
[12.721661] (-) TimerEvent: {}
[12.821941] (-) TimerEvent: {}
[12.922233] (-) TimerEvent: {}
[13.022514] (-) TimerEvent: {}
[13.122792] (-) TimerEvent: {}
[13.223110] (-) TimerEvent: {}
[13.323413] (-) TimerEvent: {}
[13.423686] (-) TimerEvent: {}
[13.523964] (-) TimerEvent: {}
[13.624263] (-) TimerEvent: {}
[13.724615] (-) TimerEvent: {}
[13.824911] (-) TimerEvent: {}
[13.925205] (-) TimerEvent: {}
[14.025500] (-) TimerEvent: {}
[14.125779] (-) TimerEvent: {}
[14.226054] (-) TimerEvent: {}
[14.326330] (-) TimerEvent: {}
[14.426637] (-) TimerEvent: {}
[14.526937] (-) TimerEvent: {}
[14.627228] (-) TimerEvent: {}
[14.727544] (-) TimerEvent: {}
[14.827836] (-) TimerEvent: {}
[14.928118] (-) TimerEvent: {}
[15.028369] (-) TimerEvent: {}
[15.128612] (-) TimerEvent: {}
[15.228881] (-) TimerEvent: {}
[15.329152] (-) TimerEvent: {}
[15.429427] (-) TimerEvent: {}
[15.529696] (-) TimerEvent: {}
[15.629974] (-) TimerEvent: {}
[15.730247] (-) TimerEvent: {}
[15.830555] (-) TimerEvent: {}
[15.930818] (-) TimerEvent: {}
[16.031111] (-) TimerEvent: {}
[16.131433] (-) TimerEvent: {}
[16.231722] (-) TimerEvent: {}
[16.331981] (-) TimerEvent: {}
[16.432273] (-) TimerEvent: {}
[16.532576] (-) TimerEvent: {}
[16.632973] (-) TimerEvent: {}
[16.733308] (-) TimerEvent: {}
[16.833628] (-) TimerEvent: {}
[16.933944] (-) TimerEvent: {}
[17.034262] (-) TimerEvent: {}
[17.134572] (-) TimerEvent: {}
[17.234899] (-) TimerEvent: {}
[17.335224] (-) TimerEvent: {}
[17.435530] (-) TimerEvent: {}
[17.535801] (-) TimerEvent: {}
[17.636106] (-) TimerEvent: {}
[17.736432] (-) TimerEvent: {}
[17.836754] (-) TimerEvent: {}
[17.937087] (-) TimerEvent: {}
[18.037409] (-) TimerEvent: {}
[18.137720] (-) TimerEvent: {}
[18.238044] (-) TimerEvent: {}
[18.338338] (-) TimerEvent: {}
[18.392032] (dynamixel_sdk_examples) StdoutLine: {'line': b'[100%] \x1b[32m\x1b[1mLinking CXX executable read_write_node\x1b[0m\n'}
[18.438443] (-) TimerEvent: {}
[18.538764] (-) TimerEvent: {}
[18.639131] (-) TimerEvent: {}
[18.675450] (dynamixel_sdk_examples) StdoutLine: {'line': b'[100%] Built target read_write_node\n'}
[18.687075] (dynamixel_sdk_examples) CommandEnded: {'returncode': 0}
[18.687834] (dynamixel_sdk_examples) JobProgress: {'identifier': 'dynamixel_sdk_examples', 'progress': 'install'}
[18.688260] (dynamixel_sdk_examples) Command: {'cmd': ['/usr/bin/cmake', '--install', '/home/csilab/turtlebot3_ws/build/dynamixel_sdk_examples'], 'cwd': '/home/csilab/turtlebot3_ws/build/dynamixel_sdk_examples', 'env': OrderedDict({'LESSOPEN': '| /usr/bin/lesspipe %s', 'LANGUAGE': 'ko:en', 'USER': 'csilab', 'LC_TIME': 'en_US.UTF-8', 'GZ_CONFIG_PATH': '/opt/ros/jazzy/opt/gz_sim_vendor/share/gz:/opt/ros/jazzy/opt/sdformat_vendor/share/gz:/opt/ros/jazzy/opt/gz_gui_vendor/share/gz:/opt/ros/jazzy/opt/gz_transport_vendor/share/gz:/opt/ros/jazzy/opt/gz_rendering_vendor/share/gz:/opt/ros/jazzy/opt/gz_plugin_vendor/share/gz:/opt/ros/jazzy/opt/gz_fuel_tools_vendor/share/gz:/opt/ros/jazzy/opt/gz_msgs_vendor/share/gz:/opt/ros/jazzy/opt/gz_common_vendor/share/gz', 'XDG_SESSION_TYPE': 'wayland', 'CLUTTER_DISABLE_MIPMAPPED_TEXT': '1', 'SHLVL': '1', 'LD_LIBRARY_PATH': '/home/csilab/turtlebot3_ws/install/dynamixel_sdk_custom_interfaces/lib:/home/csilab/turtlebot3_ws/install/dynamixel_sdk/lib:/opt/ros/jazzy/opt/gz_sim_vendor/lib:/opt/ros/jazzy/opt/gz_sensors_vendor/lib:/opt/ros/jazzy/opt/gz_physics_vendor/lib:/opt/ros/jazzy/opt/sdformat_vendor/lib:/opt/ros/jazzy/opt/rviz_ogre_vendor/lib:/opt/ros/jazzy/lib/x86_64-linux-gnu:/opt/ros/jazzy/opt/gz_gui_vendor/lib:/opt/ros/jazzy/opt/gz_transport_vendor/lib:/opt/ros/jazzy/opt/gz_rendering_vendor/lib:/opt/ros/jazzy/opt/gz_plugin_vendor/lib:/opt/ros/jazzy/opt/gz_fuel_tools_vendor/lib:/opt/ros/jazzy/opt/gz_msgs_vendor/lib:/opt/ros/jazzy/opt/gz_common_vendor/lib:/opt/ros/jazzy/opt/gz_math_vendor/lib:/opt/ros/jazzy/opt/gz_utils_vendor/lib:/opt/ros/jazzy/opt/gz_tools_vendor/lib:/opt/ros/jazzy/opt/gz_ogre_next_vendor/lib:/opt/ros/jazzy/opt/gz_dartsim_vendor/lib:/opt/ros/jazzy/opt/gz_cmake_vendor/lib:/opt/ros/jazzy/lib', 'HOME': '/home/csilab', 'OLDPWD': '/home/csilab', 'DESKTOP_SESSION': 'ubuntu', 'ROS_PYTHON_VERSION': '3', 'GNOME_SHELL_SESSION_MODE': 'ubuntu', 'GTK_MODULES': 'gail:atk-bridge', 'LC_MONETARY': 'en_US.UTF-8', 'SYSTEMD_EXEC_PID': '2982', 'GSM_SKIP_SSH_AGENT_WORKAROUND': 'true', 'DBUS_SESSION_BUS_ADDRESS': 'unix:path=/run/user/1000/bus', 'COLORTERM': 'truecolor', 'DEBUGINFOD_URLS': 'https://debuginfod.ubuntu.com', 'IM_CONFIG_PHASE': '1', 'WAYLAND_DISPLAY': 'wayland-0', 'COLCON_PREFIX_PATH': '/home/csilab/turtlebot3_ws/install', 'ROS_DISTRO': 'jazzy', 'LOGNAME': 'csilab', '_': '/usr/bin/colcon', 'ROS_VERSION': '2', 'MEMORY_PRESSURE_WATCH': '/sys/fs/cgroup/user.slice/user-1000.slice/user@1000.service/session.slice/org.gnome.Shell@wayland.service/memory.pressure', 'XDG_SESSION_CLASS': 'user', 'USERNAME': 'csilab', 'TERM': 'xterm-256color', 'GNOME_DESKTOP_SESSION_ID': 'this-is-deprecated', 'ROS_LOCALHOST_ONLY': '0', 'PATH': '/opt/ros/jazzy/opt/gz_msgs_vendor/bin:/opt/ros/jazzy/opt/gz_tools_vendor/bin:/opt/ros/jazzy/opt/gz_ogre_next_vendor/bin:/opt/ros/jazzy/bin:/home/csilab/.local/bin:/usr/local/sbin:/usr/local/bin:/usr/sbin:/usr/bin:/sbin:/bin:/usr/games:/usr/local/games:/snap/bin:/snap/bin', 'SESSION_MANAGER': 'local/turtle-jeong:@/tmp/.ICE-unix/2949,unix/turtle-jeong:/tmp/.ICE-unix/2949', 'PAPERSIZE': 'letter', 'XDG_MENU_PREFIX': 'gnome-', 'LC_ADDRESS': 'en_US.UTF-8', 'GNOME_TERMINAL_SCREEN': '/org/gnome/Terminal/screen/2f4e7b85_68a8_4b0b_822e_d2ca6887dc44', 'GNOME_SETUP_DISPLAY': ':1', 'XDG_RUNTIME_DIR': '/run/user/1000', 'DISPLAY': ':0', 'LANG': 'ko_KR.UTF-8', 'XDG_CURRENT_DESKTOP': 'ubuntu:GNOME', 'LC_TELEPHONE': 'en_US.UTF-8', 'XMODIFIERS': '@im=ibus', 'XDG_SESSION_DESKTOP': 'ubuntu', 'XAUTHORITY': '/run/user/1000/.mutter-Xwaylandauth.FV4ZR3', 'LS_COLORS': 'rs=0:di=01;34:ln=01;36:mh=00:pi=40;33:so=01;35:do=01;35:bd=40;33;01:cd=40;33;01:or=40;31;01:mi=00:su=37;41:sg=30;43:ca=00:tw=30;42:ow=34;42:st=37;44:ex=01;32:*.tar=01;31:*.tgz=01;31:*.arc=01;31:*.arj=01;31:*.taz=01;31:*.lha=01;31:*.lz4=01;31:*.lzh=01;31:*.lzma=01;31:*.tlz=01;31:*.txz=01;31:*.tzo=01;31:*.t7z=01;31:*.zip=01;31:*.z=01;31:*.dz=01;31:*.gz=01;31:*.lrz=01;31:*.lz=01;31:*.lzo=01;31:*.xz=01;31:*.zst=01;31:*.tzst=01;31:*.bz2=01;31:*.bz=01;31:*.tbz=01;31:*.tbz2=01;31:*.tz=01;31:*.deb=01;31:*.rpm=01;31:*.jar=01;31:*.war=01;31:*.ear=01;31:*.sar=01;31:*.rar=01;31:*.alz=01;31:*.ace=01;31:*.zoo=01;31:*.cpio=01;31:*.7z=01;31:*.rz=01;31:*.cab=01;31:*.wim=01;31:*.swm=01;31:*.dwm=01;31:*.esd=01;31:*.avif=01;35:*.jpg=01;35:*.jpeg=01;35:*.mjpg=01;35:*.mjpeg=01;35:*.gif=01;35:*.bmp=01;35:*.pbm=01;35:*.pgm=01;35:*.ppm=01;35:*.tga=01;35:*.xbm=01;35:*.xpm=01;35:*.tif=01;35:*.tiff=01;35:*.png=01;35:*.svg=01;35:*.svgz=01;35:*.mng=01;35:*.pcx=01;35:*.mov=01;35:*.mpg=01;35:*.mpeg=01;35:*.m2v=01;35:*.mkv=01;35:*.webm=01;35:*.webp=01;35:*.ogm=01;35:*.mp4=01;35:*.m4v=01;35:*.mp4v=01;35:*.vob=01;35:*.qt=01;35:*.nuv=01;35:*.wmv=01;35:*.asf=01;35:*.rm=01;35:*.rmvb=01;35:*.flc=01;35:*.avi=01;35:*.fli=01;35:*.flv=01;35:*.gl=01;35:*.dl=01;35:*.xcf=01;35:*.xwd=01;35:*.yuv=01;35:*.cgm=01;35:*.emf=01;35:*.ogv=01;35:*.ogx=01;35:*.aac=00;36:*.au=00;36:*.flac=00;36:*.m4a=00;36:*.mid=00;36:*.midi=00;36:*.mka=00;36:*.mp3=00;36:*.mpc=00;36:*.ogg=00;36:*.ra=00;36:*.wav=00;36:*.oga=00;36:*.opus=00;36:*.spx=00;36:*.xspf=00;36:*~=00;90:*#=00;90:*.bak=00;90:*.crdownload=00;90:*.dpkg-dist=00;90:*.dpkg-new=00;90:*.dpkg-old=00;90:*.dpkg-tmp=00;90:*.old=00;90:*.orig=00;90:*.part=00;90:*.rej=00;90:*.rpmnew=00;90:*.rpmorig=00;90:*.rpmsave=00;90:*.swp=00;90:*.tmp=00;90:*.ucf-dist=00;90:*.ucf-new=00;90:*.ucf-old=00;90:', 'GNOME_TERMINAL_SERVICE': ':1.12184', 'SSH_AUTH_SOCK': '/run/user/1000/keyring/ssh', 'ROS_DOMAIN_ID': '30', 'AMENT_PREFIX_PATH': '/home/csilab/turtlebot3_ws/install/dynamixel_sdk_custom_interfaces:/home/csilab/turtlebot3_ws/install/dynamixel_sdk:/opt/ros/jazzy', 'SHELL': '/bin/bash', 'LC_NAME': 'en_US.UTF-8', 'QT_ACCESSIBILITY': '1', 'GDMSESSION': 'ubuntu', 'LESSCLOSE': '/usr/bin/lesspipe %s %s', 'LC_MEASUREMENT': 'en_US.UTF-8', 'LC_IDENTIFICATION': 'en_US.UTF-8', 'ROS_AUTOMATIC_DISCOVERY_RANGE': 'SUBNET', 'QT_IM_MODULE': 'ibus', 'PWD': '/home/csilab/turtlebot3_ws/build/dynamixel_sdk_examples', 'LC_ALL': 'en_US.UTF-8', 'XDG_CONFIG_DIRS': '/etc/xdg/xdg-ubuntu:/etc/xdg', 'XDG_DATA_DIRS': '/usr/share/ubuntu:/usr/share/gnome:/usr/local/share/:/usr/share/:/var/lib/snapd/desktop', 'LDS_MODEL': 'LDS-02', 'PYTHONPATH': '/home/csilab/turtlebot3_ws/install/dynamixel_sdk_custom_interfaces/lib/python3.12/site-packages:/home/csilab/turtlebot3_ws/install/dynamixel_sdk/lib/python3.12/site-packages:/opt/ros/jazzy/lib/python3.12/site-packages', 'LC_NUMERIC': 'en_US.UTF-8', 'LC_PAPER': 'en_US.UTF-8', 'COLCON': '1', 'MEMORY_PRESSURE_WRITE': 'c29tZSAyMDAwMDAgMjAwMDAwMAA=', 'VTE_VERSION': '7600', 'CMAKE_PREFIX_PATH': '/home/csilab/turtlebot3_ws/install/dynamixel_sdk_custom_interfaces:/home/csilab/turtlebot3_ws/install/dynamixel_sdk:/home/csilab/turtlebot3_ws/install/dynamixel_sdk_examples:/opt/ros/jazzy/opt/gz_sim_vendor:/opt/ros/jazzy/opt/gz_sensors_vendor:/opt/ros/jazzy/opt/gz_physics_vendor:/opt/ros/jazzy/opt/sdformat_vendor:/opt/ros/jazzy/opt/gz_gui_vendor:/opt/ros/jazzy/opt/gz_transport_vendor:/opt/ros/jazzy/opt/gz_rendering_vendor:/opt/ros/jazzy/opt/gz_plugin_vendor:/opt/ros/jazzy/opt/gz_fuel_tools_vendor:/opt/ros/jazzy/opt/gz_msgs_vendor:/opt/ros/jazzy/opt/gz_common_vendor:/opt/ros/jazzy/opt/gz_math_vendor:/opt/ros/jazzy/opt/gz_utils_vendor:/opt/ros/jazzy/opt/gz_tools_vendor:/opt/ros/jazzy/opt/gz_ogre_next_vendor:/opt/ros/jazzy/opt/gz_dartsim_vendor:/opt/ros/jazzy/opt/gz_cmake_vendor:/opt/ros/jazzy'}), 'shell': False}
[18.697513] (dynamixel_sdk_examples) StdoutLine: {'line': b'-- Install configuration: ""\n'}
[18.697850] (dynamixel_sdk_examples) StdoutLine: {'line': b'-- Execute custom install script\n'}
[18.698139] (dynamixel_sdk_examples) StdoutLine: {'line': b'-- Symlinking: /home/csilab/turtlebot3_ws/install/dynamixel_sdk_examples/lib/dynamixel_sdk_examples/read_write_node\n'}
[18.707940] (dynamixel_sdk_examples) StdoutLine: {'line': b'-- Symlinking: /home/csilab/turtlebot3_ws/install/dynamixel_sdk_examples/lib/dynamixel_sdk_examples/read_write_node.py\n'}
[18.717450] (dynamixel_sdk_examples) StdoutLine: {'line': b'-- Symlinking: /home/csilab/turtlebot3_ws/install/dynamixel_sdk_examples/share/ament_index/resource_index/package_run_dependencies/dynamixel_sdk_examples\n'}
[18.729562] (dynamixel_sdk_examples) StdoutLine: {'line': b'-- Symlinking: /home/csilab/turtlebot3_ws/install/dynamixel_sdk_examples/share/ament_index/resource_index/parent_prefix_path/dynamixel_sdk_examples\n'}
[18.739212] (-) TimerEvent: {}
[18.740301] (dynamixel_sdk_examples) StdoutLine: {'line': b'-- Symlinking: /home/csilab/turtlebot3_ws/install/dynamixel_sdk_examples/share/dynamixel_sdk_examples/environment/ament_prefix_path.sh\n'}
[18.751799] (dynamixel_sdk_examples) StdoutLine: {'line': b'-- Symlinking: /home/csilab/turtlebot3_ws/install/dynamixel_sdk_examples/share/dynamixel_sdk_examples/environment/ament_prefix_path.dsv\n'}
[18.762400] (dynamixel_sdk_examples) StdoutLine: {'line': b'-- Symlinking: /home/csilab/turtlebot3_ws/install/dynamixel_sdk_examples/share/dynamixel_sdk_examples/environment/path.sh\n'}
[18.771945] (dynamixel_sdk_examples) StdoutLine: {'line': b'-- Symlinking: /home/csilab/turtlebot3_ws/install/dynamixel_sdk_examples/share/dynamixel_sdk_examples/environment/path.dsv\n'}
[18.781509] (dynamixel_sdk_examples) StdoutLine: {'line': b'-- Symlinking: /home/csilab/turtlebot3_ws/install/dynamixel_sdk_examples/share/dynamixel_sdk_examples/local_setup.bash\n'}
[18.790730] (dynamixel_sdk_examples) StdoutLine: {'line': b'-- Symlinking: /home/csilab/turtlebot3_ws/install/dynamixel_sdk_examples/share/dynamixel_sdk_examples/local_setup.sh\n'}
[18.800495] (dynamixel_sdk_examples) StdoutLine: {'line': b'-- Symlinking: /home/csilab/turtlebot3_ws/install/dynamixel_sdk_examples/share/dynamixel_sdk_examples/local_setup.zsh\n'}
[18.811328] (dynamixel_sdk_examples) StdoutLine: {'line': b'-- Symlinking: /home/csilab/turtlebot3_ws/install/dynamixel_sdk_examples/share/dynamixel_sdk_examples/local_setup.dsv\n'}
[18.821511] (dynamixel_sdk_examples) StdoutLine: {'line': b'-- Symlinking: /home/csilab/turtlebot3_ws/install/dynamixel_sdk_examples/share/dynamixel_sdk_examples/package.dsv\n'}
[18.832936] (dynamixel_sdk_examples) StdoutLine: {'line': b'-- Symlinking: /home/csilab/turtlebot3_ws/install/dynamixel_sdk_examples/share/ament_index/resource_index/packages/dynamixel_sdk_examples\n'}
[18.839318] (-) TimerEvent: {}
[18.845037] (dynamixel_sdk_examples) StdoutLine: {'line': b'-- Symlinking: /home/csilab/turtlebot3_ws/install/dynamixel_sdk_examples/share/dynamixel_sdk_examples/cmake/dynamixel_sdk_examplesConfig.cmake\n'}
[18.854591] (dynamixel_sdk_examples) StdoutLine: {'line': b'-- Symlinking: /home/csilab/turtlebot3_ws/install/dynamixel_sdk_examples/share/dynamixel_sdk_examples/cmake/dynamixel_sdk_examplesConfig-version.cmake\n'}
[18.864620] (dynamixel_sdk_examples) StdoutLine: {'line': b'-- Symlinking: /home/csilab/turtlebot3_ws/install/dynamixel_sdk_examples/share/dynamixel_sdk_examples/package.xml\n'}
[18.876646] (dynamixel_sdk_examples) CommandEnded: {'returncode': 0}
[18.885048] (dynamixel_sdk_examples) JobEnded: {'identifier': 'dynamixel_sdk_examples', 'rc': 0}
[18.885790] (-) EventReactorShutdown: {}
