[0.174s] DEBUG:colcon:Command line arguments: ['/usr/bin/colcon', 'build', '--symlink-install', '--parallel-workers', '1']
[0.174s] DEBUG:colcon:Parsed command line arguments: Namespace(log_base=None, log_level=None, verb_name='build', build_base='build', install_base='install', merge_install=False, symlink_install=True, test_result_base=None, continue_on_error=False, executor='parallel', parallel_workers=1, event_handlers=None, ignore_user_meta=False, metas=['./colcon.meta'], base_paths=['.'], packages_ignore=None, packages_ignore_regex=None, paths=None, packages_up_to=None, packages_up_to_regex=None, packages_above=None, packages_above_and_dependencies=None, packages_above_depth=None, packages_select_by_dep=None, packages_skip_by_dep=None, packages_skip_up_to=None, packages_select_build_failed=False, packages_skip_build_finished=False, packages_select_test_failures=False, packages_skip_test_passed=False, packages_select=None, packages_skip=None, packages_select_regex=None, packages_skip_regex=None, packages_start=None, packages_end=None, allow_overriding=[], cmake_args=None, cmake_target=None, cmake_target_skip_unavailable=False, cmake_clean_cache=False, cmake_clean_first=False, cmake_force_configure=False, ament_cmake_args=None, catkin_cmake_args=None, catkin_skip_building_tests=False, mixin_files=None, mixin=None, verb_parser=<colcon_mixin.mixin.mixin_argument.MixinArgumentDecorator object at 0x7a50f7e51f10>, verb_extension=<colcon_core.verb.build.BuildVerb object at 0x7a50f7e51e20>, main=<bound method BuildVerb.main of <colcon_core.verb.build.BuildVerb object at 0x7a50f7e51e20>>, mixin_verb=('build',))
[0.240s] Level 1:colcon.colcon_core.package_discovery:discover_packages(colcon_meta) check parameters
[0.240s] Level 1:colcon.colcon_core.package_discovery:discover_packages(recursive) check parameters
[0.240s] Level 1:colcon.colcon_core.package_discovery:discover_packages(ignore) check parameters
[0.240s] Level 1:colcon.colcon_core.package_discovery:discover_packages(path) check parameters
[0.240s] Level 1:colcon.colcon_core.package_discovery:discover_packages(colcon_meta) discover
[0.240s] Level 1:colcon.colcon_core.package_discovery:discover_packages(recursive) discover
[0.240s] INFO:colcon.colcon_core.package_discovery:Crawling recursively for packages in '/home/csilab/turtlebot3_ws'
[0.241s] Level 1:colcon.colcon_core.package_identification:_identify(.) by extensions ['ignore', 'ignore_ament_install']
[0.241s] Level 1:colcon.colcon_core.package_identification:_identify(.) by extension 'ignore'
[0.241s] Level 1:colcon.colcon_core.package_identification:_identify(.) by extension 'ignore_ament_install'
[0.241s] Level 1:colcon.colcon_core.package_identification:_identify(.) by extensions ['colcon_pkg']
[0.241s] Level 1:colcon.colcon_core.package_identification:_identify(.) by extension 'colcon_pkg'
[0.241s] Level 1:colcon.colcon_core.package_identification:_identify(.) by extensions ['colcon_meta']
[0.241s] Level 1:colcon.colcon_core.package_identification:_identify(.) by extension 'colcon_meta'
[0.241s] Level 1:colcon.colcon_core.package_identification:_identify(.) by extensions ['ros']
[0.241s] Level 1:colcon.colcon_core.package_identification:_identify(.) by extension 'ros'
[0.267s] Level 1:colcon.colcon_core.package_identification:_identify(.) by extensions ['cmake', 'python']
[0.267s] Level 1:colcon.colcon_core.package_identification:_identify(.) by extension 'cmake'
[0.267s] Level 1:colcon.colcon_core.package_identification:_identify(.) by extension 'python'
[0.267s] Level 1:colcon.colcon_core.package_identification:_identify(.) by extensions ['python_setup_py']
[0.267s] Level 1:colcon.colcon_core.package_identification:_identify(.) by extension 'python_setup_py'
[0.267s] Level 1:colcon.colcon_core.package_identification:_identify(build) by extensions ['ignore', 'ignore_ament_install']
[0.267s] Level 1:colcon.colcon_core.package_identification:_identify(build) by extension 'ignore'
[0.267s] Level 1:colcon.colcon_core.package_identification:_identify(build) ignored
[0.267s] Level 1:colcon.colcon_core.package_identification:_identify(install) by extensions ['ignore', 'ignore_ament_install']
[0.267s] Level 1:colcon.colcon_core.package_identification:_identify(install) by extension 'ignore'
[0.267s] Level 1:colcon.colcon_core.package_identification:_identify(install) ignored
[0.267s] Level 1:colcon.colcon_core.package_identification:_identify(log) by extensions ['ignore', 'ignore_ament_install']
[0.267s] Level 1:colcon.colcon_core.package_identification:_identify(log) by extension 'ignore'
[0.267s] Level 1:colcon.colcon_core.package_identification:_identify(log) ignored
[0.268s] Level 1:colcon.colcon_core.package_identification:_identify(src) by extensions ['ignore', 'ignore_ament_install']
[0.268s] Level 1:colcon.colcon_core.package_identification:_identify(src) by extension 'ignore'
[0.268s] Level 1:colcon.colcon_core.package_identification:_identify(src) by extension 'ignore_ament_install'
[0.268s] Level 1:colcon.colcon_core.package_identification:_identify(src) by extensions ['colcon_pkg']
[0.268s] Level 1:colcon.colcon_core.package_identification:_identify(src) by extension 'colcon_pkg'
[0.268s] Level 1:colcon.colcon_core.package_identification:_identify(src) by extensions ['colcon_meta']
[0.268s] Level 1:colcon.colcon_core.package_identification:_identify(src) by extension 'colcon_meta'
[0.268s] Level 1:colcon.colcon_core.package_identification:_identify(src) by extensions ['ros']
[0.268s] Level 1:colcon.colcon_core.package_identification:_identify(src) by extension 'ros'
[0.268s] Level 1:colcon.colcon_core.package_identification:_identify(src) by extensions ['cmake', 'python']
[0.268s] Level 1:colcon.colcon_core.package_identification:_identify(src) by extension 'cmake'
[0.268s] Level 1:colcon.colcon_core.package_identification:_identify(src) by extension 'python'
[0.268s] Level 1:colcon.colcon_core.package_identification:_identify(src) by extensions ['python_setup_py']
[0.268s] Level 1:colcon.colcon_core.package_identification:_identify(src) by extension 'python_setup_py'
[0.268s] Level 1:colcon.colcon_core.package_identification:_identify(src/DynamixelSDK) by extensions ['ignore', 'ignore_ament_install']
[0.268s] Level 1:colcon.colcon_core.package_identification:_identify(src/DynamixelSDK) by extension 'ignore'
[0.268s] Level 1:colcon.colcon_core.package_identification:_identify(src/DynamixelSDK) by extension 'ignore_ament_install'
[0.268s] Level 1:colcon.colcon_core.package_identification:_identify(src/DynamixelSDK) by extensions ['colcon_pkg']
[0.268s] Level 1:colcon.colcon_core.package_identification:_identify(src/DynamixelSDK) by extension 'colcon_pkg'
[0.268s] Level 1:colcon.colcon_core.package_identification:_identify(src/DynamixelSDK) by extensions ['colcon_meta']
[0.268s] Level 1:colcon.colcon_core.package_identification:_identify(src/DynamixelSDK) by extension 'colcon_meta'
[0.269s] Level 1:colcon.colcon_core.package_identification:_identify(src/DynamixelSDK) by extensions ['ros']
[0.269s] Level 1:colcon.colcon_core.package_identification:_identify(src/DynamixelSDK) by extension 'ros'
[0.269s] Level 1:colcon.colcon_core.package_identification:_identify(src/DynamixelSDK) by extensions ['cmake', 'python']
[0.269s] Level 1:colcon.colcon_core.package_identification:_identify(src/DynamixelSDK) by extension 'cmake'
[0.269s] Level 1:colcon.colcon_core.package_identification:_identify(src/DynamixelSDK) by extension 'python'
[0.269s] Level 1:colcon.colcon_core.package_identification:_identify(src/DynamixelSDK) by extensions ['python_setup_py']
[0.269s] Level 1:colcon.colcon_core.package_identification:_identify(src/DynamixelSDK) by extension 'python_setup_py'
[0.269s] Level 1:colcon.colcon_core.package_identification:_identify(src/DynamixelSDK/c) by extensions ['ignore', 'ignore_ament_install']
[0.269s] Level 1:colcon.colcon_core.package_identification:_identify(src/DynamixelSDK/c) by extension 'ignore'
[0.270s] Level 1:colcon.colcon_core.package_identification:_identify(src/DynamixelSDK/c) ignored
[0.270s] Level 1:colcon.colcon_core.package_identification:_identify(src/DynamixelSDK/c#) by extensions ['ignore', 'ignore_ament_install']
[0.270s] Level 1:colcon.colcon_core.package_identification:_identify(src/DynamixelSDK/c#) by extension 'ignore'
[0.270s] Level 1:colcon.colcon_core.package_identification:_identify(src/DynamixelSDK/c#) by extension 'ignore_ament_install'
[0.270s] Level 1:colcon.colcon_core.package_identification:_identify(src/DynamixelSDK/c#) by extensions ['colcon_pkg']
[0.270s] Level 1:colcon.colcon_core.package_identification:_identify(src/DynamixelSDK/c#) by extension 'colcon_pkg'
[0.270s] Level 1:colcon.colcon_core.package_identification:_identify(src/DynamixelSDK/c#) by extensions ['colcon_meta']
[0.270s] Level 1:colcon.colcon_core.package_identification:_identify(src/DynamixelSDK/c#) by extension 'colcon_meta'
[0.270s] Level 1:colcon.colcon_core.package_identification:_identify(src/DynamixelSDK/c#) by extensions ['ros']
[0.270s] Level 1:colcon.colcon_core.package_identification:_identify(src/DynamixelSDK/c#) by extension 'ros'
[0.270s] Level 1:colcon.colcon_core.package_identification:_identify(src/DynamixelSDK/c#) by extensions ['cmake', 'python']
[0.270s] Level 1:colcon.colcon_core.package_identification:_identify(src/DynamixelSDK/c#) by extension 'cmake'
[0.271s] Level 1:colcon.colcon_core.package_identification:_identify(src/DynamixelSDK/c#) by extension 'python'
[0.271s] Level 1:colcon.colcon_core.package_identification:_identify(src/DynamixelSDK/c#) by extensions ['python_setup_py']
[0.271s] Level 1:colcon.colcon_core.package_identification:_identify(src/DynamixelSDK/c#) by extension 'python_setup_py'
[0.271s] Level 1:colcon.colcon_core.package_identification:_identify(src/DynamixelSDK/c#/dynamixel_functions_csharp) by extensions ['ignore', 'ignore_ament_install']
[0.271s] Level 1:colcon.colcon_core.package_identification:_identify(src/DynamixelSDK/c#/dynamixel_functions_csharp) by extension 'ignore'
[0.271s] Level 1:colcon.colcon_core.package_identification:_identify(src/DynamixelSDK/c#/dynamixel_functions_csharp) by extension 'ignore_ament_install'
[0.271s] Level 1:colcon.colcon_core.package_identification:_identify(src/DynamixelSDK/c#/dynamixel_functions_csharp) by extensions ['colcon_pkg']
[0.271s] Level 1:colcon.colcon_core.package_identification:_identify(src/DynamixelSDK/c#/dynamixel_functions_csharp) by extension 'colcon_pkg'
[0.271s] Level 1:colcon.colcon_core.package_identification:_identify(src/DynamixelSDK/c#/dynamixel_functions_csharp) by extensions ['colcon_meta']
[0.271s] Level 1:colcon.colcon_core.package_identification:_identify(src/DynamixelSDK/c#/dynamixel_functions_csharp) by extension 'colcon_meta'
[0.271s] Level 1:colcon.colcon_core.package_identification:_identify(src/DynamixelSDK/c#/dynamixel_functions_csharp) by extensions ['ros']
[0.271s] Level 1:colcon.colcon_core.package_identification:_identify(src/DynamixelSDK/c#/dynamixel_functions_csharp) by extension 'ros'
[0.271s] Level 1:colcon.colcon_core.package_identification:_identify(src/DynamixelSDK/c#/dynamixel_functions_csharp) by extensions ['cmake', 'python']
[0.271s] Level 1:colcon.colcon_core.package_identification:_identify(src/DynamixelSDK/c#/dynamixel_functions_csharp) by extension 'cmake'
[0.271s] Level 1:colcon.colcon_core.package_identification:_identify(src/DynamixelSDK/c#/dynamixel_functions_csharp) by extension 'python'
[0.271s] Level 1:colcon.colcon_core.package_identification:_identify(src/DynamixelSDK/c#/dynamixel_functions_csharp) by extensions ['python_setup_py']
[0.271s] Level 1:colcon.colcon_core.package_identification:_identify(src/DynamixelSDK/c#/dynamixel_functions_csharp) by extension 'python_setup_py'
[0.271s] Level 1:colcon.colcon_core.package_identification:_identify(src/DynamixelSDK/c#/dynamixel_functions_csharp/win32) by extensions ['ignore', 'ignore_ament_install']
[0.271s] Level 1:colcon.colcon_core.package_identification:_identify(src/DynamixelSDK/c#/dynamixel_functions_csharp/win32) by extension 'ignore'
[0.271s] Level 1:colcon.colcon_core.package_identification:_identify(src/DynamixelSDK/c#/dynamixel_functions_csharp/win32) by extension 'ignore_ament_install'
[0.271s] Level 1:colcon.colcon_core.package_identification:_identify(src/DynamixelSDK/c#/dynamixel_functions_csharp/win32) by extensions ['colcon_pkg']
[0.272s] Level 1:colcon.colcon_core.package_identification:_identify(src/DynamixelSDK/c#/dynamixel_functions_csharp/win32) by extension 'colcon_pkg'
[0.272s] Level 1:colcon.colcon_core.package_identification:_identify(src/DynamixelSDK/c#/dynamixel_functions_csharp/win32) by extensions ['colcon_meta']
[0.272s] Level 1:colcon.colcon_core.package_identification:_identify(src/DynamixelSDK/c#/dynamixel_functions_csharp/win32) by extension 'colcon_meta'
[0.272s] Level 1:colcon.colcon_core.package_identification:_identify(src/DynamixelSDK/c#/dynamixel_functions_csharp/win32) by extensions ['ros']
[0.272s] Level 1:colcon.colcon_core.package_identification:_identify(src/DynamixelSDK/c#/dynamixel_functions_csharp/win32) by extension 'ros'
[0.272s] Level 1:colcon.colcon_core.package_identification:_identify(src/DynamixelSDK/c#/dynamixel_functions_csharp/win32) by extensions ['cmake', 'python']
[0.272s] Level 1:colcon.colcon_core.package_identification:_identify(src/DynamixelSDK/c#/dynamixel_functions_csharp/win32) by extension 'cmake'
[0.272s] Level 1:colcon.colcon_core.package_identification:_identify(src/DynamixelSDK/c#/dynamixel_functions_csharp/win32) by extension 'python'
[0.272s] Level 1:colcon.colcon_core.package_identification:_identify(src/DynamixelSDK/c#/dynamixel_functions_csharp/win32) by extensions ['python_setup_py']
[0.272s] Level 1:colcon.colcon_core.package_identification:_identify(src/DynamixelSDK/c#/dynamixel_functions_csharp/win32) by extension 'python_setup_py'
[0.272s] Level 1:colcon.colcon_core.package_identification:_identify(src/DynamixelSDK/c#/dynamixel_functions_csharp/win64) by extensions ['ignore', 'ignore_ament_install']
[0.272s] Level 1:colcon.colcon_core.package_identification:_identify(src/DynamixelSDK/c#/dynamixel_functions_csharp/win64) by extension 'ignore'
[0.272s] Level 1:colcon.colcon_core.package_identification:_identify(src/DynamixelSDK/c#/dynamixel_functions_csharp/win64) by extension 'ignore_ament_install'
[0.272s] Level 1:colcon.colcon_core.package_identification:_identify(src/DynamixelSDK/c#/dynamixel_functions_csharp/win64) by extensions ['colcon_pkg']
[0.272s] Level 1:colcon.colcon_core.package_identification:_identify(src/DynamixelSDK/c#/dynamixel_functions_csharp/win64) by extension 'colcon_pkg'
[0.272s] Level 1:colcon.colcon_core.package_identification:_identify(src/DynamixelSDK/c#/dynamixel_functions_csharp/win64) by extensions ['colcon_meta']
[0.272s] Level 1:colcon.colcon_core.package_identification:_identify(src/DynamixelSDK/c#/dynamixel_functions_csharp/win64) by extension 'colcon_meta'
[0.272s] Level 1:colcon.colcon_core.package_identification:_identify(src/DynamixelSDK/c#/dynamixel_functions_csharp/win64) by extensions ['ros']
[0.272s] Level 1:colcon.colcon_core.package_identification:_identify(src/DynamixelSDK/c#/dynamixel_functions_csharp/win64) by extension 'ros'
[0.272s] Level 1:colcon.colcon_core.package_identification:_identify(src/DynamixelSDK/c#/dynamixel_functions_csharp/win64) by extensions ['cmake', 'python']
[0.272s] Level 1:colcon.colcon_core.package_identification:_identify(src/DynamixelSDK/c#/dynamixel_functions_csharp/win64) by extension 'cmake'
[0.272s] Level 1:colcon.colcon_core.package_identification:_identify(src/DynamixelSDK/c#/dynamixel_functions_csharp/win64) by extension 'python'
[0.272s] Level 1:colcon.colcon_core.package_identification:_identify(src/DynamixelSDK/c#/dynamixel_functions_csharp/win64) by extensions ['python_setup_py']
[0.272s] Level 1:colcon.colcon_core.package_identification:_identify(src/DynamixelSDK/c#/dynamixel_functions_csharp/win64) by extension 'python_setup_py'
[0.273s] Level 1:colcon.colcon_core.package_identification:_identify(src/DynamixelSDK/c#/protocol1.0) by extensions ['ignore', 'ignore_ament_install']
[0.273s] Level 1:colcon.colcon_core.package_identification:_identify(src/DynamixelSDK/c#/protocol1.0) by extension 'ignore'
[0.273s] Level 1:colcon.colcon_core.package_identification:_identify(src/DynamixelSDK/c#/protocol1.0) by extension 'ignore_ament_install'
[0.273s] Level 1:colcon.colcon_core.package_identification:_identify(src/DynamixelSDK/c#/protocol1.0) by extensions ['colcon_pkg']
[0.273s] Level 1:colcon.colcon_core.package_identification:_identify(src/DynamixelSDK/c#/protocol1.0) by extension 'colcon_pkg'
[0.273s] Level 1:colcon.colcon_core.package_identification:_identify(src/DynamixelSDK/c#/protocol1.0) by extensions ['colcon_meta']
[0.273s] Level 1:colcon.colcon_core.package_identification:_identify(src/DynamixelSDK/c#/protocol1.0) by extension 'colcon_meta'
[0.273s] Level 1:colcon.colcon_core.package_identification:_identify(src/DynamixelSDK/c#/protocol1.0) by extensions ['ros']
[0.273s] Level 1:colcon.colcon_core.package_identification:_identify(src/DynamixelSDK/c#/protocol1.0) by extension 'ros'
[0.273s] Level 1:colcon.colcon_core.package_identification:_identify(src/DynamixelSDK/c#/protocol1.0) by extensions ['cmake', 'python']
[0.273s] Level 1:colcon.colcon_core.package_identification:_identify(src/DynamixelSDK/c#/protocol1.0) by extension 'cmake'
[0.273s] Level 1:colcon.colcon_core.package_identification:_identify(src/DynamixelSDK/c#/protocol1.0) by extension 'python'
[0.273s] Level 1:colcon.colcon_core.package_identification:_identify(src/DynamixelSDK/c#/protocol1.0) by extensions ['python_setup_py']
[0.273s] Level 1:colcon.colcon_core.package_identification:_identify(src/DynamixelSDK/c#/protocol1.0) by extension 'python_setup_py'
[0.273s] Level 1:colcon.colcon_core.package_identification:_identify(src/DynamixelSDK/c#/protocol1.0/bulk_read) by extensions ['ignore', 'ignore_ament_install']
[0.273s] Level 1:colcon.colcon_core.package_identification:_identify(src/DynamixelSDK/c#/protocol1.0/bulk_read) by extension 'ignore'
[0.273s] Level 1:colcon.colcon_core.package_identification:_identify(src/DynamixelSDK/c#/protocol1.0/bulk_read) by extension 'ignore_ament_install'
[0.273s] Level 1:colcon.colcon_core.package_identification:_identify(src/DynamixelSDK/c#/protocol1.0/bulk_read) by extensions ['colcon_pkg']
[0.273s] Level 1:colcon.colcon_core.package_identification:_identify(src/DynamixelSDK/c#/protocol1.0/bulk_read) by extension 'colcon_pkg'
[0.273s] Level 1:colcon.colcon_core.package_identification:_identify(src/DynamixelSDK/c#/protocol1.0/bulk_read) by extensions ['colcon_meta']
[0.273s] Level 1:colcon.colcon_core.package_identification:_identify(src/DynamixelSDK/c#/protocol1.0/bulk_read) by extension 'colcon_meta'
[0.273s] Level 1:colcon.colcon_core.package_identification:_identify(src/DynamixelSDK/c#/protocol1.0/bulk_read) by extensions ['ros']
[0.273s] Level 1:colcon.colcon_core.package_identification:_identify(src/DynamixelSDK/c#/protocol1.0/bulk_read) by extension 'ros'
[0.274s] Level 1:colcon.colcon_core.package_identification:_identify(src/DynamixelSDK/c#/protocol1.0/bulk_read) by extensions ['cmake', 'python']
[0.274s] Level 1:colcon.colcon_core.package_identification:_identify(src/DynamixelSDK/c#/protocol1.0/bulk_read) by extension 'cmake'
[0.274s] Level 1:colcon.colcon_core.package_identification:_identify(src/DynamixelSDK/c#/protocol1.0/bulk_read) by extension 'python'
[0.274s] Level 1:colcon.colcon_core.package_identification:_identify(src/DynamixelSDK/c#/protocol1.0/bulk_read) by extensions ['python_setup_py']
[0.274s] Level 1:colcon.colcon_core.package_identification:_identify(src/DynamixelSDK/c#/protocol1.0/bulk_read) by extension 'python_setup_py'
[0.274s] Level 1:colcon.colcon_core.package_identification:_identify(src/DynamixelSDK/c#/protocol1.0/bulk_read/win32) by extensions ['ignore', 'ignore_ament_install']
[0.274s] Level 1:colcon.colcon_core.package_identification:_identify(src/DynamixelSDK/c#/protocol1.0/bulk_read/win32) by extension 'ignore'
[0.274s] Level 1:colcon.colcon_core.package_identification:_identify(src/DynamixelSDK/c#/protocol1.0/bulk_read/win32) by extension 'ignore_ament_install'
[0.274s] Level 1:colcon.colcon_core.package_identification:_identify(src/DynamixelSDK/c#/protocol1.0/bulk_read/win32) by extensions ['colcon_pkg']
[0.274s] Level 1:colcon.colcon_core.package_identification:_identify(src/DynamixelSDK/c#/protocol1.0/bulk_read/win32) by extension 'colcon_pkg'
[0.274s] Level 1:colcon.colcon_core.package_identification:_identify(src/DynamixelSDK/c#/protocol1.0/bulk_read/win32) by extensions ['colcon_meta']
[0.274s] Level 1:colcon.colcon_core.package_identification:_identify(src/DynamixelSDK/c#/protocol1.0/bulk_read/win32) by extension 'colcon_meta'
[0.274s] Level 1:colcon.colcon_core.package_identification:_identify(src/DynamixelSDK/c#/protocol1.0/bulk_read/win32) by extensions ['ros']
[0.274s] Level 1:colcon.colcon_core.package_identification:_identify(src/DynamixelSDK/c#/protocol1.0/bulk_read/win32) by extension 'ros'
[0.274s] Level 1:colcon.colcon_core.package_identification:_identify(src/DynamixelSDK/c#/protocol1.0/bulk_read/win32) by extensions ['cmake', 'python']
[0.274s] Level 1:colcon.colcon_core.package_identification:_identify(src/DynamixelSDK/c#/protocol1.0/bulk_read/win32) by extension 'cmake'
[0.274s] Level 1:colcon.colcon_core.package_identification:_identify(src/DynamixelSDK/c#/protocol1.0/bulk_read/win32) by extension 'python'
[0.274s] Level 1:colcon.colcon_core.package_identification:_identify(src/DynamixelSDK/c#/protocol1.0/bulk_read/win32) by extensions ['python_setup_py']
[0.274s] Level 1:colcon.colcon_core.package_identification:_identify(src/DynamixelSDK/c#/protocol1.0/bulk_read/win32) by extension 'python_setup_py'
[0.274s] Level 1:colcon.colcon_core.package_identification:_identify(src/DynamixelSDK/c#/protocol1.0/bulk_read/win32/bulk_read) by extensions ['ignore', 'ignore_ament_install']
[0.274s] Level 1:colcon.colcon_core.package_identification:_identify(src/DynamixelSDK/c#/protocol1.0/bulk_read/win32/bulk_read) by extension 'ignore'
[0.275s] Level 1:colcon.colcon_core.package_identification:_identify(src/DynamixelSDK/c#/protocol1.0/bulk_read/win32/bulk_read) by extension 'ignore_ament_install'
[0.275s] Level 1:colcon.colcon_core.package_identification:_identify(src/DynamixelSDK/c#/protocol1.0/bulk_read/win32/bulk_read) by extensions ['colcon_pkg']
[0.275s] Level 1:colcon.colcon_core.package_identification:_identify(src/DynamixelSDK/c#/protocol1.0/bulk_read/win32/bulk_read) by extension 'colcon_pkg'
[0.275s] Level 1:colcon.colcon_core.package_identification:_identify(src/DynamixelSDK/c#/protocol1.0/bulk_read/win32/bulk_read) by extensions ['colcon_meta']
[0.275s] Level 1:colcon.colcon_core.package_identification:_identify(src/DynamixelSDK/c#/protocol1.0/bulk_read/win32/bulk_read) by extension 'colcon_meta'
[0.275s] Level 1:colcon.colcon_core.package_identification:_identify(src/DynamixelSDK/c#/protocol1.0/bulk_read/win32/bulk_read) by extensions ['ros']
[0.275s] Level 1:colcon.colcon_core.package_identification:_identify(src/DynamixelSDK/c#/protocol1.0/bulk_read/win32/bulk_read) by extension 'ros'
[0.275s] Level 1:colcon.colcon_core.package_identification:_identify(src/DynamixelSDK/c#/protocol1.0/bulk_read/win32/bulk_read) by extensions ['cmake', 'python']
[0.275s] Level 1:colcon.colcon_core.package_identification:_identify(src/DynamixelSDK/c#/protocol1.0/bulk_read/win32/bulk_read) by extension 'cmake'
[0.275s] Level 1:colcon.colcon_core.package_identification:_identify(src/DynamixelSDK/c#/protocol1.0/bulk_read/win32/bulk_read) by extension 'python'
[0.275s] Level 1:colcon.colcon_core.package_identification:_identify(src/DynamixelSDK/c#/protocol1.0/bulk_read/win32/bulk_read) by extensions ['python_setup_py']
[0.275s] Level 1:colcon.colcon_core.package_identification:_identify(src/DynamixelSDK/c#/protocol1.0/bulk_read/win32/bulk_read) by extension 'python_setup_py'
[0.275s] Level 1:colcon.colcon_core.package_identification:_identify(src/DynamixelSDK/c#/protocol1.0/bulk_read/win32/bulk_read/Properties) by extensions ['ignore', 'ignore_ament_install']
[0.275s] Level 1:colcon.colcon_core.package_identification:_identify(src/DynamixelSDK/c#/protocol1.0/bulk_read/win32/bulk_read/Properties) by extension 'ignore'
[0.275s] Level 1:colcon.colcon_core.package_identification:_identify(src/DynamixelSDK/c#/protocol1.0/bulk_read/win32/bulk_read/Properties) by extension 'ignore_ament_install'
[0.275s] Level 1:colcon.colcon_core.package_identification:_identify(src/DynamixelSDK/c#/protocol1.0/bulk_read/win32/bulk_read/Properties) by extensions ['colcon_pkg']
[0.275s] Level 1:colcon.colcon_core.package_identification:_identify(src/DynamixelSDK/c#/protocol1.0/bulk_read/win32/bulk_read/Properties) by extension 'colcon_pkg'
[0.275s] Level 1:colcon.colcon_core.package_identification:_identify(src/DynamixelSDK/c#/protocol1.0/bulk_read/win32/bulk_read/Properties) by extensions ['colcon_meta']
[0.275s] Level 1:colcon.colcon_core.package_identification:_identify(src/DynamixelSDK/c#/protocol1.0/bulk_read/win32/bulk_read/Properties) by extension 'colcon_meta'
[0.275s] Level 1:colcon.colcon_core.package_identification:_identify(src/DynamixelSDK/c#/protocol1.0/bulk_read/win32/bulk_read/Properties) by extensions ['ros']
[0.275s] Level 1:colcon.colcon_core.package_identification:_identify(src/DynamixelSDK/c#/protocol1.0/bulk_read/win32/bulk_read/Properties) by extension 'ros'
[0.275s] Level 1:colcon.colcon_core.package_identification:_identify(src/DynamixelSDK/c#/protocol1.0/bulk_read/win32/bulk_read/Properties) by extensions ['cmake', 'python']
[0.275s] Level 1:colcon.colcon_core.package_identification:_identify(src/DynamixelSDK/c#/protocol1.0/bulk_read/win32/bulk_read/Properties) by extension 'cmake'
[0.275s] Level 1:colcon.colcon_core.package_identification:_identify(src/DynamixelSDK/c#/protocol1.0/bulk_read/win32/bulk_read/Properties) by extension 'python'
[0.275s] Level 1:colcon.colcon_core.package_identification:_identify(src/DynamixelSDK/c#/protocol1.0/bulk_read/win32/bulk_read/Properties) by extensions ['python_setup_py']
[0.275s] Level 1:colcon.colcon_core.package_identification:_identify(src/DynamixelSDK/c#/protocol1.0/bulk_read/win32/bulk_read/Properties) by extension 'python_setup_py'
[0.276s] Level 1:colcon.colcon_core.package_identification:_identify(src/DynamixelSDK/c#/protocol1.0/bulk_read/win64) by extensions ['ignore', 'ignore_ament_install']
[0.276s] Level 1:colcon.colcon_core.package_identification:_identify(src/DynamixelSDK/c#/protocol1.0/bulk_read/win64) by extension 'ignore'
[0.276s] Level 1:colcon.colcon_core.package_identification:_identify(src/DynamixelSDK/c#/protocol1.0/bulk_read/win64) by extension 'ignore_ament_install'
[0.276s] Level 1:colcon.colcon_core.package_identification:_identify(src/DynamixelSDK/c#/protocol1.0/bulk_read/win64) by extensions ['colcon_pkg']
[0.276s] Level 1:colcon.colcon_core.package_identification:_identify(src/DynamixelSDK/c#/protocol1.0/bulk_read/win64) by extension 'colcon_pkg'
[0.276s] Level 1:colcon.colcon_core.package_identification:_identify(src/DynamixelSDK/c#/protocol1.0/bulk_read/win64) by extensions ['colcon_meta']
[0.276s] Level 1:colcon.colcon_core.package_identification:_identify(src/DynamixelSDK/c#/protocol1.0/bulk_read/win64) by extension 'colcon_meta'
[0.276s] Level 1:colcon.colcon_core.package_identification:_identify(src/DynamixelSDK/c#/protocol1.0/bulk_read/win64) by extensions ['ros']
[0.276s] Level 1:colcon.colcon_core.package_identification:_identify(src/DynamixelSDK/c#/protocol1.0/bulk_read/win64) by extension 'ros'
[0.276s] Level 1:colcon.colcon_core.package_identification:_identify(src/DynamixelSDK/c#/protocol1.0/bulk_read/win64) by extensions ['cmake', 'python']
[0.276s] Level 1:colcon.colcon_core.package_identification:_identify(src/DynamixelSDK/c#/protocol1.0/bulk_read/win64) by extension 'cmake'
[0.276s] Level 1:colcon.colcon_core.package_identification:_identify(src/DynamixelSDK/c#/protocol1.0/bulk_read/win64) by extension 'python'
[0.276s] Level 1:colcon.colcon_core.package_identification:_identify(src/DynamixelSDK/c#/protocol1.0/bulk_read/win64) by extensions ['python_setup_py']
[0.276s] Level 1:colcon.colcon_core.package_identification:_identify(src/DynamixelSDK/c#/protocol1.0/bulk_read/win64) by extension 'python_setup_py'
[0.276s] Level 1:colcon.colcon_core.package_identification:_identify(src/DynamixelSDK/c#/protocol1.0/bulk_read/win64/bulk_read) by extensions ['ignore', 'ignore_ament_install']
[0.276s] Level 1:colcon.colcon_core.package_identification:_identify(src/DynamixelSDK/c#/protocol1.0/bulk_read/win64/bulk_read) by extension 'ignore'
[0.276s] Level 1:colcon.colcon_core.package_identification:_identify(src/DynamixelSDK/c#/protocol1.0/bulk_read/win64/bulk_read) by extension 'ignore_ament_install'
[0.276s] Level 1:colcon.colcon_core.package_identification:_identify(src/DynamixelSDK/c#/protocol1.0/bulk_read/win64/bulk_read) by extensions ['colcon_pkg']
[0.276s] Level 1:colcon.colcon_core.package_identification:_identify(src/DynamixelSDK/c#/protocol1.0/bulk_read/win64/bulk_read) by extension 'colcon_pkg'
[0.276s] Level 1:colcon.colcon_core.package_identification:_identify(src/DynamixelSDK/c#/protocol1.0/bulk_read/win64/bulk_read) by extensions ['colcon_meta']
[0.276s] Level 1:colcon.colcon_core.package_identification:_identify(src/DynamixelSDK/c#/protocol1.0/bulk_read/win64/bulk_read) by extension 'colcon_meta'
[0.277s] Level 1:colcon.colcon_core.package_identification:_identify(src/DynamixelSDK/c#/protocol1.0/bulk_read/win64/bulk_read) by extensions ['ros']
[0.277s] Level 1:colcon.colcon_core.package_identification:_identify(src/DynamixelSDK/c#/protocol1.0/bulk_read/win64/bulk_read) by extension 'ros'
[0.277s] Level 1:colcon.colcon_core.package_identification:_identify(src/DynamixelSDK/c#/protocol1.0/bulk_read/win64/bulk_read) by extensions ['cmake', 'python']
[0.277s] Level 1:colcon.colcon_core.package_identification:_identify(src/DynamixelSDK/c#/protocol1.0/bulk_read/win64/bulk_read) by extension 'cmake'
[0.277s] Level 1:colcon.colcon_core.package_identification:_identify(src/DynamixelSDK/c#/protocol1.0/bulk_read/win64/bulk_read) by extension 'python'
[0.277s] Level 1:colcon.colcon_core.package_identification:_identify(src/DynamixelSDK/c#/protocol1.0/bulk_read/win64/bulk_read) by extensions ['python_setup_py']
[0.277s] Level 1:colcon.colcon_core.package_identification:_identify(src/DynamixelSDK/c#/protocol1.0/bulk_read/win64/bulk_read) by extension 'python_setup_py'
[0.277s] Level 1:colcon.colcon_core.package_identification:_identify(src/DynamixelSDK/c#/protocol1.0/bulk_read/win64/bulk_read/Properties) by extensions ['ignore', 'ignore_ament_install']
[0.277s] Level 1:colcon.colcon_core.package_identification:_identify(src/DynamixelSDK/c#/protocol1.0/bulk_read/win64/bulk_read/Properties) by extension 'ignore'
[0.277s] Level 1:colcon.colcon_core.package_identification:_identify(src/DynamixelSDK/c#/protocol1.0/bulk_read/win64/bulk_read/Properties) by extension 'ignore_ament_install'
[0.277s] Level 1:colcon.colcon_core.package_identification:_identify(src/DynamixelSDK/c#/protocol1.0/bulk_read/win64/bulk_read/Properties) by extensions ['colcon_pkg']
[0.277s] Level 1:colcon.colcon_core.package_identification:_identify(src/DynamixelSDK/c#/protocol1.0/bulk_read/win64/bulk_read/Properties) by extension 'colcon_pkg'
[0.277s] Level 1:colcon.colcon_core.package_identification:_identify(src/DynamixelSDK/c#/protocol1.0/bulk_read/win64/bulk_read/Properties) by extensions ['colcon_meta']
[0.277s] Level 1:colcon.colcon_core.package_identification:_identify(src/DynamixelSDK/c#/protocol1.0/bulk_read/win64/bulk_read/Properties) by extension 'colcon_meta'
[0.277s] Level 1:colcon.colcon_core.package_identification:_identify(src/DynamixelSDK/c#/protocol1.0/bulk_read/win64/bulk_read/Properties) by extensions ['ros']
[0.277s] Level 1:colcon.colcon_core.package_identification:_identify(src/DynamixelSDK/c#/protocol1.0/bulk_read/win64/bulk_read/Properties) by extension 'ros'
[0.277s] Level 1:colcon.colcon_core.package_identification:_identify(src/DynamixelSDK/c#/protocol1.0/bulk_read/win64/bulk_read/Properties) by extensions ['cmake', 'python']
[0.277s] Level 1:colcon.colcon_core.package_identification:_identify(src/DynamixelSDK/c#/protocol1.0/bulk_read/win64/bulk_read/Properties) by extension 'cmake'
[0.277s] Level 1:colcon.colcon_core.package_identification:_identify(src/DynamixelSDK/c#/protocol1.0/bulk_read/win64/bulk_read/Properties) by extension 'python'
[0.277s] Level 1:colcon.colcon_core.package_identification:_identify(src/DynamixelSDK/c#/protocol1.0/bulk_read/win64/bulk_read/Properties) by extensions ['python_setup_py']
[0.277s] Level 1:colcon.colcon_core.package_identification:_identify(src/DynamixelSDK/c#/protocol1.0/bulk_read/win64/bulk_read/Properties) by extension 'python_setup_py'
[0.278s] Level 1:colcon.colcon_core.package_identification:_identify(src/DynamixelSDK/c#/protocol1.0/multi_port) by extensions ['ignore', 'ignore_ament_install']
[0.278s] Level 1:colcon.colcon_core.package_identification:_identify(src/DynamixelSDK/c#/protocol1.0/multi_port) by extension 'ignore'
[0.278s] Level 1:colcon.colcon_core.package_identification:_identify(src/DynamixelSDK/c#/protocol1.0/multi_port) by extension 'ignore_ament_install'
[0.278s] Level 1:colcon.colcon_core.package_identification:_identify(src/DynamixelSDK/c#/protocol1.0/multi_port) by extensions ['colcon_pkg']
[0.278s] Level 1:colcon.colcon_core.package_identification:_identify(src/DynamixelSDK/c#/protocol1.0/multi_port) by extension 'colcon_pkg'
[0.278s] Level 1:colcon.colcon_core.package_identification:_identify(src/DynamixelSDK/c#/protocol1.0/multi_port) by extensions ['colcon_meta']
[0.278s] Level 1:colcon.colcon_core.package_identification:_identify(src/DynamixelSDK/c#/protocol1.0/multi_port) by extension 'colcon_meta'
[0.278s] Level 1:colcon.colcon_core.package_identification:_identify(src/DynamixelSDK/c#/protocol1.0/multi_port) by extensions ['ros']
[0.278s] Level 1:colcon.colcon_core.package_identification:_identify(src/DynamixelSDK/c#/protocol1.0/multi_port) by extension 'ros'
[0.278s] Level 1:colcon.colcon_core.package_identification:_identify(src/DynamixelSDK/c#/protocol1.0/multi_port) by extensions ['cmake', 'python']
[0.278s] Level 1:colcon.colcon_core.package_identification:_identify(src/DynamixelSDK/c#/protocol1.0/multi_port) by extension 'cmake'
[0.278s] Level 1:colcon.colcon_core.package_identification:_identify(src/DynamixelSDK/c#/protocol1.0/multi_port) by extension 'python'
[0.278s] Level 1:colcon.colcon_core.package_identification:_identify(src/DynamixelSDK/c#/protocol1.0/multi_port) by extensions ['python_setup_py']
[0.278s] Level 1:colcon.colcon_core.package_identification:_identify(src/DynamixelSDK/c#/protocol1.0/multi_port) by extension 'python_setup_py'
[0.278s] Level 1:colcon.colcon_core.package_identification:_identify(src/DynamixelSDK/c#/protocol1.0/multi_port/win32) by extensions ['ignore', 'ignore_ament_install']
[0.278s] Level 1:colcon.colcon_core.package_identification:_identify(src/DynamixelSDK/c#/protocol1.0/multi_port/win32) by extension 'ignore'
[0.278s] Level 1:colcon.colcon_core.package_identification:_identify(src/DynamixelSDK/c#/protocol1.0/multi_port/win32) by extension 'ignore_ament_install'
[0.278s] Level 1:colcon.colcon_core.package_identification:_identify(src/DynamixelSDK/c#/protocol1.0/multi_port/win32) by extensions ['colcon_pkg']
[0.278s] Level 1:colcon.colcon_core.package_identification:_identify(src/DynamixelSDK/c#/protocol1.0/multi_port/win32) by extension 'colcon_pkg'
[0.278s] Level 1:colcon.colcon_core.package_identification:_identify(src/DynamixelSDK/c#/protocol1.0/multi_port/win32) by extensions ['colcon_meta']
[0.278s] Level 1:colcon.colcon_core.package_identification:_identify(src/DynamixelSDK/c#/protocol1.0/multi_port/win32) by extension 'colcon_meta'
[0.278s] Level 1:colcon.colcon_core.package_identification:_identify(src/DynamixelSDK/c#/protocol1.0/multi_port/win32) by extensions ['ros']
[0.278s] Level 1:colcon.colcon_core.package_identification:_identify(src/DynamixelSDK/c#/protocol1.0/multi_port/win32) by extension 'ros'
[0.278s] Level 1:colcon.colcon_core.package_identification:_identify(src/DynamixelSDK/c#/protocol1.0/multi_port/win32) by extensions ['cmake', 'python']
[0.278s] Level 1:colcon.colcon_core.package_identification:_identify(src/DynamixelSDK/c#/protocol1.0/multi_port/win32) by extension 'cmake'
[0.278s] Level 1:colcon.colcon_core.package_identification:_identify(src/DynamixelSDK/c#/protocol1.0/multi_port/win32) by extension 'python'
[0.279s] Level 1:colcon.colcon_core.package_identification:_identify(src/DynamixelSDK/c#/protocol1.0/multi_port/win32) by extensions ['python_setup_py']
[0.279s] Level 1:colcon.colcon_core.package_identification:_identify(src/DynamixelSDK/c#/protocol1.0/multi_port/win32) by extension 'python_setup_py'
[0.279s] Level 1:colcon.colcon_core.package_identification:_identify(src/DynamixelSDK/c#/protocol1.0/multi_port/win32/multi_port) by extensions ['ignore', 'ignore_ament_install']
[0.279s] Level 1:colcon.colcon_core.package_identification:_identify(src/DynamixelSDK/c#/protocol1.0/multi_port/win32/multi_port) by extension 'ignore'
[0.279s] Level 1:colcon.colcon_core.package_identification:_identify(src/DynamixelSDK/c#/protocol1.0/multi_port/win32/multi_port) by extension 'ignore_ament_install'
[0.279s] Level 1:colcon.colcon_core.package_identification:_identify(src/DynamixelSDK/c#/protocol1.0/multi_port/win32/multi_port) by extensions ['colcon_pkg']
[0.279s] Level 1:colcon.colcon_core.package_identification:_identify(src/DynamixelSDK/c#/protocol1.0/multi_port/win32/multi_port) by extension 'colcon_pkg'
[0.279s] Level 1:colcon.colcon_core.package_identification:_identify(src/DynamixelSDK/c#/protocol1.0/multi_port/win32/multi_port) by extensions ['colcon_meta']
[0.279s] Level 1:colcon.colcon_core.package_identification:_identify(src/DynamixelSDK/c#/protocol1.0/multi_port/win32/multi_port) by extension 'colcon_meta'
[0.279s] Level 1:colcon.colcon_core.package_identification:_identify(src/DynamixelSDK/c#/protocol1.0/multi_port/win32/multi_port) by extensions ['ros']
[0.279s] Level 1:colcon.colcon_core.package_identification:_identify(src/DynamixelSDK/c#/protocol1.0/multi_port/win32/multi_port) by extension 'ros'
[0.279s] Level 1:colcon.colcon_core.package_identification:_identify(src/DynamixelSDK/c#/protocol1.0/multi_port/win32/multi_port) by extensions ['cmake', 'python']
[0.279s] Level 1:colcon.colcon_core.package_identification:_identify(src/DynamixelSDK/c#/protocol1.0/multi_port/win32/multi_port) by extension 'cmake'
[0.279s] Level 1:colcon.colcon_core.package_identification:_identify(src/DynamixelSDK/c#/protocol1.0/multi_port/win32/multi_port) by extension 'python'
[0.279s] Level 1:colcon.colcon_core.package_identification:_identify(src/DynamixelSDK/c#/protocol1.0/multi_port/win32/multi_port) by extensions ['python_setup_py']
[0.279s] Level 1:colcon.colcon_core.package_identification:_identify(src/DynamixelSDK/c#/protocol1.0/multi_port/win32/multi_port) by extension 'python_setup_py'
[0.279s] Level 1:colcon.colcon_core.package_identification:_identify(src/DynamixelSDK/c#/protocol1.0/multi_port/win32/multi_port/Properties) by extensions ['ignore', 'ignore_ament_install']
[0.279s] Level 1:colcon.colcon_core.package_identification:_identify(src/DynamixelSDK/c#/protocol1.0/multi_port/win32/multi_port/Properties) by extension 'ignore'
[0.279s] Level 1:colcon.colcon_core.package_identification:_identify(src/DynamixelSDK/c#/protocol1.0/multi_port/win32/multi_port/Properties) by extension 'ignore_ament_install'
[0.279s] Level 1:colcon.colcon_core.package_identification:_identify(src/DynamixelSDK/c#/protocol1.0/multi_port/win32/multi_port/Properties) by extensions ['colcon_pkg']
[0.279s] Level 1:colcon.colcon_core.package_identification:_identify(src/DynamixelSDK/c#/protocol1.0/multi_port/win32/multi_port/Properties) by extension 'colcon_pkg'
[0.280s] Level 1:colcon.colcon_core.package_identification:_identify(src/DynamixelSDK/c#/protocol1.0/multi_port/win32/multi_port/Properties) by extensions ['colcon_meta']
[0.280s] Level 1:colcon.colcon_core.package_identification:_identify(src/DynamixelSDK/c#/protocol1.0/multi_port/win32/multi_port/Properties) by extension 'colcon_meta'
[0.280s] Level 1:colcon.colcon_core.package_identification:_identify(src/DynamixelSDK/c#/protocol1.0/multi_port/win32/multi_port/Properties) by extensions ['ros']
[0.280s] Level 1:colcon.colcon_core.package_identification:_identify(src/DynamixelSDK/c#/protocol1.0/multi_port/win32/multi_port/Properties) by extension 'ros'
[0.280s] Level 1:colcon.colcon_core.package_identification:_identify(src/DynamixelSDK/c#/protocol1.0/multi_port/win32/multi_port/Properties) by extensions ['cmake', 'python']
[0.280s] Level 1:colcon.colcon_core.package_identification:_identify(src/DynamixelSDK/c#/protocol1.0/multi_port/win32/multi_port/Properties) by extension 'cmake'
[0.280s] Level 1:colcon.colcon_core.package_identification:_identify(src/DynamixelSDK/c#/protocol1.0/multi_port/win32/multi_port/Properties) by extension 'python'
[0.280s] Level 1:colcon.colcon_core.package_identification:_identify(src/DynamixelSDK/c#/protocol1.0/multi_port/win32/multi_port/Properties) by extensions ['python_setup_py']
[0.280s] Level 1:colcon.colcon_core.package_identification:_identify(src/DynamixelSDK/c#/protocol1.0/multi_port/win32/multi_port/Properties) by extension 'python_setup_py'
[0.280s] Level 1:colcon.colcon_core.package_identification:_identify(src/DynamixelSDK/c#/protocol1.0/multi_port/win64) by extensions ['ignore', 'ignore_ament_install']
[0.280s] Level 1:colcon.colcon_core.package_identification:_identify(src/DynamixelSDK/c#/protocol1.0/multi_port/win64) by extension 'ignore'
[0.280s] Level 1:colcon.colcon_core.package_identification:_identify(src/DynamixelSDK/c#/protocol1.0/multi_port/win64) by extension 'ignore_ament_install'
[0.280s] Level 1:colcon.colcon_core.package_identification:_identify(src/DynamixelSDK/c#/protocol1.0/multi_port/win64) by extensions ['colcon_pkg']
[0.280s] Level 1:colcon.colcon_core.package_identification:_identify(src/DynamixelSDK/c#/protocol1.0/multi_port/win64) by extension 'colcon_pkg'
[0.280s] Level 1:colcon.colcon_core.package_identification:_identify(src/DynamixelSDK/c#/protocol1.0/multi_port/win64) by extensions ['colcon_meta']
[0.280s] Level 1:colcon.colcon_core.package_identification:_identify(src/DynamixelSDK/c#/protocol1.0/multi_port/win64) by extension 'colcon_meta'
[0.280s] Level 1:colcon.colcon_core.package_identification:_identify(src/DynamixelSDK/c#/protocol1.0/multi_port/win64) by extensions ['ros']
[0.280s] Level 1:colcon.colcon_core.package_identification:_identify(src/DynamixelSDK/c#/protocol1.0/multi_port/win64) by extension 'ros'
[0.280s] Level 1:colcon.colcon_core.package_identification:_identify(src/DynamixelSDK/c#/protocol1.0/multi_port/win64) by extensions ['cmake', 'python']
[0.280s] Level 1:colcon.colcon_core.package_identification:_identify(src/DynamixelSDK/c#/protocol1.0/multi_port/win64) by extension 'cmake'
[0.280s] Level 1:colcon.colcon_core.package_identification:_identify(src/DynamixelSDK/c#/protocol1.0/multi_port/win64) by extension 'python'
[0.280s] Level 1:colcon.colcon_core.package_identification:_identify(src/DynamixelSDK/c#/protocol1.0/multi_port/win64) by extensions ['python_setup_py']
[0.280s] Level 1:colcon.colcon_core.package_identification:_identify(src/DynamixelSDK/c#/protocol1.0/multi_port/win64) by extension 'python_setup_py'
[0.281s] Level 1:colcon.colcon_core.package_identification:_identify(src/DynamixelSDK/c#/protocol1.0/multi_port/win64/multi_port) by extensions ['ignore', 'ignore_ament_install']
[0.281s] Level 1:colcon.colcon_core.package_identification:_identify(src/DynamixelSDK/c#/protocol1.0/multi_port/win64/multi_port) by extension 'ignore'
[0.281s] Level 1:colcon.colcon_core.package_identification:_identify(src/DynamixelSDK/c#/protocol1.0/multi_port/win64/multi_port) by extension 'ignore_ament_install'
[0.281s] Level 1:colcon.colcon_core.package_identification:_identify(src/DynamixelSDK/c#/protocol1.0/multi_port/win64/multi_port) by extensions ['colcon_pkg']
[0.281s] Level 1:colcon.colcon_core.package_identification:_identify(src/DynamixelSDK/c#/protocol1.0/multi_port/win64/multi_port) by extension 'colcon_pkg'
[0.281s] Level 1:colcon.colcon_core.package_identification:_identify(src/DynamixelSDK/c#/protocol1.0/multi_port/win64/multi_port) by extensions ['colcon_meta']
[0.281s] Level 1:colcon.colcon_core.package_identification:_identify(src/DynamixelSDK/c#/protocol1.0/multi_port/win64/multi_port) by extension 'colcon_meta'
[0.281s] Level 1:colcon.colcon_core.package_identification:_identify(src/DynamixelSDK/c#/protocol1.0/multi_port/win64/multi_port) by extensions ['ros']
[0.281s] Level 1:colcon.colcon_core.package_identification:_identify(src/DynamixelSDK/c#/protocol1.0/multi_port/win64/multi_port) by extension 'ros'
[0.281s] Level 1:colcon.colcon_core.package_identification:_identify(src/DynamixelSDK/c#/protocol1.0/multi_port/win64/multi_port) by extensions ['cmake', 'python']
[0.281s] Level 1:colcon.colcon_core.package_identification:_identify(src/DynamixelSDK/c#/protocol1.0/multi_port/win64/multi_port) by extension 'cmake'
[0.281s] Level 1:colcon.colcon_core.package_identification:_identify(src/DynamixelSDK/c#/protocol1.0/multi_port/win64/multi_port) by extension 'python'
[0.281s] Level 1:colcon.colcon_core.package_identification:_identify(src/DynamixelSDK/c#/protocol1.0/multi_port/win64/multi_port) by extensions ['python_setup_py']
[0.281s] Level 1:colcon.colcon_core.package_identification:_identify(src/DynamixelSDK/c#/protocol1.0/multi_port/win64/multi_port) by extension 'python_setup_py'
[0.281s] Level 1:colcon.colcon_core.package_identification:_identify(src/DynamixelSDK/c#/protocol1.0/multi_port/win64/multi_port/Properties) by extensions ['ignore', 'ignore_ament_install']
[0.281s] Level 1:colcon.colcon_core.package_identification:_identify(src/DynamixelSDK/c#/protocol1.0/multi_port/win64/multi_port/Properties) by extension 'ignore'
[0.281s] Level 1:colcon.colcon_core.package_identification:_identify(src/DynamixelSDK/c#/protocol1.0/multi_port/win64/multi_port/Properties) by extension 'ignore_ament_install'
[0.281s] Level 1:colcon.colcon_core.package_identification:_identify(src/DynamixelSDK/c#/protocol1.0/multi_port/win64/multi_port/Properties) by extensions ['colcon_pkg']
[0.281s] Level 1:colcon.colcon_core.package_identification:_identify(src/DynamixelSDK/c#/protocol1.0/multi_port/win64/multi_port/Properties) by extension 'colcon_pkg'
[0.281s] Level 1:colcon.colcon_core.package_identification:_identify(src/DynamixelSDK/c#/protocol1.0/multi_port/win64/multi_port/Properties) by extensions ['colcon_meta']
[0.281s] Level 1:colcon.colcon_core.package_identification:_identify(src/DynamixelSDK/c#/protocol1.0/multi_port/win64/multi_port/Properties) by extension 'colcon_meta'
[0.281s] Level 1:colcon.colcon_core.package_identification:_identify(src/DynamixelSDK/c#/protocol1.0/multi_port/win64/multi_port/Properties) by extensions ['ros']
[0.282s] Level 1:colcon.colcon_core.package_identification:_identify(src/DynamixelSDK/c#/protocol1.0/multi_port/win64/multi_port/Properties) by extension 'ros'
[0.282s] Level 1:colcon.colcon_core.package_identification:_identify(src/DynamixelSDK/c#/protocol1.0/multi_port/win64/multi_port/Properties) by extensions ['cmake', 'python']
[0.282s] Level 1:colcon.colcon_core.package_identification:_identify(src/DynamixelSDK/c#/protocol1.0/multi_port/win64/multi_port/Properties) by extension 'cmake'
[0.282s] Level 1:colcon.colcon_core.package_identification:_identify(src/DynamixelSDK/c#/protocol1.0/multi_port/win64/multi_port/Properties) by extension 'python'
[0.282s] Level 1:colcon.colcon_core.package_identification:_identify(src/DynamixelSDK/c#/protocol1.0/multi_port/win64/multi_port/Properties) by extensions ['python_setup_py']
[0.282s] Level 1:colcon.colcon_core.package_identification:_identify(src/DynamixelSDK/c#/protocol1.0/multi_port/win64/multi_port/Properties) by extension 'python_setup_py'
[0.282s] Level 1:colcon.colcon_core.package_identification:_identify(src/DynamixelSDK/c#/protocol1.0/ping) by extensions ['ignore', 'ignore_ament_install']
[0.282s] Level 1:colcon.colcon_core.package_identification:_identify(src/DynamixelSDK/c#/protocol1.0/ping) by extension 'ignore'
[0.282s] Level 1:colcon.colcon_core.package_identification:_identify(src/DynamixelSDK/c#/protocol1.0/ping) by extension 'ignore_ament_install'
[0.282s] Level 1:colcon.colcon_core.package_identification:_identify(src/DynamixelSDK/c#/protocol1.0/ping) by extensions ['colcon_pkg']
[0.282s] Level 1:colcon.colcon_core.package_identification:_identify(src/DynamixelSDK/c#/protocol1.0/ping) by extension 'colcon_pkg'
[0.282s] Level 1:colcon.colcon_core.package_identification:_identify(src/DynamixelSDK/c#/protocol1.0/ping) by extensions ['colcon_meta']
[0.282s] Level 1:colcon.colcon_core.package_identification:_identify(src/DynamixelSDK/c#/protocol1.0/ping) by extension 'colcon_meta'
[0.282s] Level 1:colcon.colcon_core.package_identification:_identify(src/DynamixelSDK/c#/protocol1.0/ping) by extensions ['ros']
[0.282s] Level 1:colcon.colcon_core.package_identification:_identify(src/DynamixelSDK/c#/protocol1.0/ping) by extension 'ros'
[0.282s] Level 1:colcon.colcon_core.package_identification:_identify(src/DynamixelSDK/c#/protocol1.0/ping) by extensions ['cmake', 'python']
[0.282s] Level 1:colcon.colcon_core.package_identification:_identify(src/DynamixelSDK/c#/protocol1.0/ping) by extension 'cmake'
[0.282s] Level 1:colcon.colcon_core.package_identification:_identify(src/DynamixelSDK/c#/protocol1.0/ping) by extension 'python'
[0.282s] Level 1:colcon.colcon_core.package_identification:_identify(src/DynamixelSDK/c#/protocol1.0/ping) by extensions ['python_setup_py']
[0.282s] Level 1:colcon.colcon_core.package_identification:_identify(src/DynamixelSDK/c#/protocol1.0/ping) by extension 'python_setup_py'
[0.282s] Level 1:colcon.colcon_core.package_identification:_identify(src/DynamixelSDK/c#/protocol1.0/ping/win32) by extensions ['ignore', 'ignore_ament_install']
[0.283s] Level 1:colcon.colcon_core.package_identification:_identify(src/DynamixelSDK/c#/protocol1.0/ping/win32) by extension 'ignore'
[0.283s] Level 1:colcon.colcon_core.package_identification:_identify(src/DynamixelSDK/c#/protocol1.0/ping/win32) by extension 'ignore_ament_install'
[0.283s] Level 1:colcon.colcon_core.package_identification:_identify(src/DynamixelSDK/c#/protocol1.0/ping/win32) by extensions ['colcon_pkg']
[0.283s] Level 1:colcon.colcon_core.package_identification:_identify(src/DynamixelSDK/c#/protocol1.0/ping/win32) by extension 'colcon_pkg'
[0.283s] Level 1:colcon.colcon_core.package_identification:_identify(src/DynamixelSDK/c#/protocol1.0/ping/win32) by extensions ['colcon_meta']
[0.283s] Level 1:colcon.colcon_core.package_identification:_identify(src/DynamixelSDK/c#/protocol1.0/ping/win32) by extension 'colcon_meta'
[0.283s] Level 1:colcon.colcon_core.package_identification:_identify(src/DynamixelSDK/c#/protocol1.0/ping/win32) by extensions ['ros']
[0.283s] Level 1:colcon.colcon_core.package_identification:_identify(src/DynamixelSDK/c#/protocol1.0/ping/win32) by extension 'ros'
[0.283s] Level 1:colcon.colcon_core.package_identification:_identify(src/DynamixelSDK/c#/protocol1.0/ping/win32) by extensions ['cmake', 'python']
[0.283s] Level 1:colcon.colcon_core.package_identification:_identify(src/DynamixelSDK/c#/protocol1.0/ping/win32) by extension 'cmake'
[0.283s] Level 1:colcon.colcon_core.package_identification:_identify(src/DynamixelSDK/c#/protocol1.0/ping/win32) by extension 'python'
[0.283s] Level 1:colcon.colcon_core.package_identification:_identify(src/DynamixelSDK/c#/protocol1.0/ping/win32) by extensions ['python_setup_py']
[0.283s] Level 1:colcon.colcon_core.package_identification:_identify(src/DynamixelSDK/c#/protocol1.0/ping/win32) by extension 'python_setup_py'
[0.283s] Level 1:colcon.colcon_core.package_identification:_identify(src/DynamixelSDK/c#/protocol1.0/ping/win32/ping) by extensions ['ignore', 'ignore_ament_install']
[0.283s] Level 1:colcon.colcon_core.package_identification:_identify(src/DynamixelSDK/c#/protocol1.0/ping/win32/ping) by extension 'ignore'
[0.283s] Level 1:colcon.colcon_core.package_identification:_identify(src/DynamixelSDK/c#/protocol1.0/ping/win32/ping) by extension 'ignore_ament_install'
[0.283s] Level 1:colcon.colcon_core.package_identification:_identify(src/DynamixelSDK/c#/protocol1.0/ping/win32/ping) by extensions ['colcon_pkg']
[0.283s] Level 1:colcon.colcon_core.package_identification:_identify(src/DynamixelSDK/c#/protocol1.0/ping/win32/ping) by extension 'colcon_pkg'
[0.283s] Level 1:colcon.colcon_core.package_identification:_identify(src/DynamixelSDK/c#/protocol1.0/ping/win32/ping) by extensions ['colcon_meta']
[0.283s] Level 1:colcon.colcon_core.package_identification:_identify(src/DynamixelSDK/c#/protocol1.0/ping/win32/ping) by extension 'colcon_meta'
[0.283s] Level 1:colcon.colcon_core.package_identification:_identify(src/DynamixelSDK/c#/protocol1.0/ping/win32/ping) by extensions ['ros']
[0.283s] Level 1:colcon.colcon_core.package_identification:_identify(src/DynamixelSDK/c#/protocol1.0/ping/win32/ping) by extension 'ros'
[0.283s] Level 1:colcon.colcon_core.package_identification:_identify(src/DynamixelSDK/c#/protocol1.0/ping/win32/ping) by extensions ['cmake', 'python']
[0.283s] Level 1:colcon.colcon_core.package_identification:_identify(src/DynamixelSDK/c#/protocol1.0/ping/win32/ping) by extension 'cmake'
[0.283s] Level 1:colcon.colcon_core.package_identification:_identify(src/DynamixelSDK/c#/protocol1.0/ping/win32/ping) by extension 'python'
[0.284s] Level 1:colcon.colcon_core.package_identification:_identify(src/DynamixelSDK/c#/protocol1.0/ping/win32/ping) by extensions ['python_setup_py']
[0.284s] Level 1:colcon.colcon_core.package_identification:_identify(src/DynamixelSDK/c#/protocol1.0/ping/win32/ping) by extension 'python_setup_py'
[0.284s] Level 1:colcon.colcon_core.package_identification:_identify(src/DynamixelSDK/c#/protocol1.0/ping/win32/ping/Properties) by extensions ['ignore', 'ignore_ament_install']
[0.284s] Level 1:colcon.colcon_core.package_identification:_identify(src/DynamixelSDK/c#/protocol1.0/ping/win32/ping/Properties) by extension 'ignore'
[0.284s] Level 1:colcon.colcon_core.package_identification:_identify(src/DynamixelSDK/c#/protocol1.0/ping/win32/ping/Properties) by extension 'ignore_ament_install'
[0.284s] Level 1:colcon.colcon_core.package_identification:_identify(src/DynamixelSDK/c#/protocol1.0/ping/win32/ping/Properties) by extensions ['colcon_pkg']
[0.284s] Level 1:colcon.colcon_core.package_identification:_identify(src/DynamixelSDK/c#/protocol1.0/ping/win32/ping/Properties) by extension 'colcon_pkg'
[0.284s] Level 1:colcon.colcon_core.package_identification:_identify(src/DynamixelSDK/c#/protocol1.0/ping/win32/ping/Properties) by extensions ['colcon_meta']
[0.284s] Level 1:colcon.colcon_core.package_identification:_identify(src/DynamixelSDK/c#/protocol1.0/ping/win32/ping/Properties) by extension 'colcon_meta'
[0.284s] Level 1:colcon.colcon_core.package_identification:_identify(src/DynamixelSDK/c#/protocol1.0/ping/win32/ping/Properties) by extensions ['ros']
[0.284s] Level 1:colcon.colcon_core.package_identification:_identify(src/DynamixelSDK/c#/protocol1.0/ping/win32/ping/Properties) by extension 'ros'
[0.284s] Level 1:colcon.colcon_core.package_identification:_identify(src/DynamixelSDK/c#/protocol1.0/ping/win32/ping/Properties) by extensions ['cmake', 'python']
[0.284s] Level 1:colcon.colcon_core.package_identification:_identify(src/DynamixelSDK/c#/protocol1.0/ping/win32/ping/Properties) by extension 'cmake'
[0.284s] Level 1:colcon.colcon_core.package_identification:_identify(src/DynamixelSDK/c#/protocol1.0/ping/win32/ping/Properties) by extension 'python'
[0.284s] Level 1:colcon.colcon_core.package_identification:_identify(src/DynamixelSDK/c#/protocol1.0/ping/win32/ping/Properties) by extensions ['python_setup_py']
[0.284s] Level 1:colcon.colcon_core.package_identification:_identify(src/DynamixelSDK/c#/protocol1.0/ping/win32/ping/Properties) by extension 'python_setup_py'
[0.284s] Level 1:colcon.colcon_core.package_identification:_identify(src/DynamixelSDK/c#/protocol1.0/ping/win64) by extensions ['ignore', 'ignore_ament_install']
[0.284s] Level 1:colcon.colcon_core.package_identification:_identify(src/DynamixelSDK/c#/protocol1.0/ping/win64) by extension 'ignore'
[0.284s] Level 1:colcon.colcon_core.package_identification:_identify(src/DynamixelSDK/c#/protocol1.0/ping/win64) by extension 'ignore_ament_install'
[0.284s] Level 1:colcon.colcon_core.package_identification:_identify(src/DynamixelSDK/c#/protocol1.0/ping/win64) by extensions ['colcon_pkg']
[0.285s] Level 1:colcon.colcon_core.package_identification:_identify(src/DynamixelSDK/c#/protocol1.0/ping/win64) by extension 'colcon_pkg'
[0.285s] Level 1:colcon.colcon_core.package_identification:_identify(src/DynamixelSDK/c#/protocol1.0/ping/win64) by extensions ['colcon_meta']
[0.285s] Level 1:colcon.colcon_core.package_identification:_identify(src/DynamixelSDK/c#/protocol1.0/ping/win64) by extension 'colcon_meta'
[0.285s] Level 1:colcon.colcon_core.package_identification:_identify(src/DynamixelSDK/c#/protocol1.0/ping/win64) by extensions ['ros']
[0.285s] Level 1:colcon.colcon_core.package_identification:_identify(src/DynamixelSDK/c#/protocol1.0/ping/win64) by extension 'ros'
[0.285s] Level 1:colcon.colcon_core.package_identification:_identify(src/DynamixelSDK/c#/protocol1.0/ping/win64) by extensions ['cmake', 'python']
[0.285s] Level 1:colcon.colcon_core.package_identification:_identify(src/DynamixelSDK/c#/protocol1.0/ping/win64) by extension 'cmake'
[0.285s] Level 1:colcon.colcon_core.package_identification:_identify(src/DynamixelSDK/c#/protocol1.0/ping/win64) by extension 'python'
[0.285s] Level 1:colcon.colcon_core.package_identification:_identify(src/DynamixelSDK/c#/protocol1.0/ping/win64) by extensions ['python_setup_py']
[0.285s] Level 1:colcon.colcon_core.package_identification:_identify(src/DynamixelSDK/c#/protocol1.0/ping/win64) by extension 'python_setup_py'
[0.285s] Level 1:colcon.colcon_core.package_identification:_identify(src/DynamixelSDK/c#/protocol1.0/ping/win64/ping) by extensions ['ignore', 'ignore_ament_install']
[0.285s] Level 1:colcon.colcon_core.package_identification:_identify(src/DynamixelSDK/c#/protocol1.0/ping/win64/ping) by extension 'ignore'
[0.285s] Level 1:colcon.colcon_core.package_identification:_identify(src/DynamixelSDK/c#/protocol1.0/ping/win64/ping) by extension 'ignore_ament_install'
[0.285s] Level 1:colcon.colcon_core.package_identification:_identify(src/DynamixelSDK/c#/protocol1.0/ping/win64/ping) by extensions ['colcon_pkg']
[0.285s] Level 1:colcon.colcon_core.package_identification:_identify(src/DynamixelSDK/c#/protocol1.0/ping/win64/ping) by extension 'colcon_pkg'
[0.285s] Level 1:colcon.colcon_core.package_identification:_identify(src/DynamixelSDK/c#/protocol1.0/ping/win64/ping) by extensions ['colcon_meta']
[0.285s] Level 1:colcon.colcon_core.package_identification:_identify(src/DynamixelSDK/c#/protocol1.0/ping/win64/ping) by extension 'colcon_meta'
[0.285s] Level 1:colcon.colcon_core.package_identification:_identify(src/DynamixelSDK/c#/protocol1.0/ping/win64/ping) by extensions ['ros']
[0.285s] Level 1:colcon.colcon_core.package_identification:_identify(src/DynamixelSDK/c#/protocol1.0/ping/win64/ping) by extension 'ros'
[0.285s] Level 1:colcon.colcon_core.package_identification:_identify(src/DynamixelSDK/c#/protocol1.0/ping/win64/ping) by extensions ['cmake', 'python']
[0.285s] Level 1:colcon.colcon_core.package_identification:_identify(src/DynamixelSDK/c#/protocol1.0/ping/win64/ping) by extension 'cmake'
[0.285s] Level 1:colcon.colcon_core.package_identification:_identify(src/DynamixelSDK/c#/protocol1.0/ping/win64/ping) by extension 'python'
[0.285s] Level 1:colcon.colcon_core.package_identification:_identify(src/DynamixelSDK/c#/protocol1.0/ping/win64/ping) by extensions ['python_setup_py']
[0.285s] Level 1:colcon.colcon_core.package_identification:_identify(src/DynamixelSDK/c#/protocol1.0/ping/win64/ping) by extension 'python_setup_py'
[0.286s] Level 1:colcon.colcon_core.package_identification:_identify(src/DynamixelSDK/c#/protocol1.0/ping/win64/ping/Properties) by extensions ['ignore', 'ignore_ament_install']
[0.286s] Level 1:colcon.colcon_core.package_identification:_identify(src/DynamixelSDK/c#/protocol1.0/ping/win64/ping/Properties) by extension 'ignore'
[0.286s] Level 1:colcon.colcon_core.package_identification:_identify(src/DynamixelSDK/c#/protocol1.0/ping/win64/ping/Properties) by extension 'ignore_ament_install'
[0.286s] Level 1:colcon.colcon_core.package_identification:_identify(src/DynamixelSDK/c#/protocol1.0/ping/win64/ping/Properties) by extensions ['colcon_pkg']
[0.286s] Level 1:colcon.colcon_core.package_identification:_identify(src/DynamixelSDK/c#/protocol1.0/ping/win64/ping/Properties) by extension 'colcon_pkg'
[0.286s] Level 1:colcon.colcon_core.package_identification:_identify(src/DynamixelSDK/c#/protocol1.0/ping/win64/ping/Properties) by extensions ['colcon_meta']
[0.286s] Level 1:colcon.colcon_core.package_identification:_identify(src/DynamixelSDK/c#/protocol1.0/ping/win64/ping/Properties) by extension 'colcon_meta'
[0.286s] Level 1:colcon.colcon_core.package_identification:_identify(src/DynamixelSDK/c#/protocol1.0/ping/win64/ping/Properties) by extensions ['ros']
[0.286s] Level 1:colcon.colcon_core.package_identification:_identify(src/DynamixelSDK/c#/protocol1.0/ping/win64/ping/Properties) by extension 'ros'
[0.286s] Level 1:colcon.colcon_core.package_identification:_identify(src/DynamixelSDK/c#/protocol1.0/ping/win64/ping/Properties) by extensions ['cmake', 'python']
[0.286s] Level 1:colcon.colcon_core.package_identification:_identify(src/DynamixelSDK/c#/protocol1.0/ping/win64/ping/Properties) by extension 'cmake'
[0.286s] Level 1:colcon.colcon_core.package_identification:_identify(src/DynamixelSDK/c#/protocol1.0/ping/win64/ping/Properties) by extension 'python'
[0.286s] Level 1:colcon.colcon_core.package_identification:_identify(src/DynamixelSDK/c#/protocol1.0/ping/win64/ping/Properties) by extensions ['python_setup_py']
[0.286s] Level 1:colcon.colcon_core.package_identification:_identify(src/DynamixelSDK/c#/protocol1.0/ping/win64/ping/Properties) by extension 'python_setup_py'
[0.286s] Level 1:colcon.colcon_core.package_identification:_identify(src/DynamixelSDK/c#/protocol1.0/read_write) by extensions ['ignore', 'ignore_ament_install']
[0.286s] Level 1:colcon.colcon_core.package_identification:_identify(src/DynamixelSDK/c#/protocol1.0/read_write) by extension 'ignore'
[0.286s] Level 1:colcon.colcon_core.package_identification:_identify(src/DynamixelSDK/c#/protocol1.0/read_write) by extension 'ignore_ament_install'
[0.286s] Level 1:colcon.colcon_core.package_identification:_identify(src/DynamixelSDK/c#/protocol1.0/read_write) by extensions ['colcon_pkg']
[0.286s] Level 1:colcon.colcon_core.package_identification:_identify(src/DynamixelSDK/c#/protocol1.0/read_write) by extension 'colcon_pkg'
[0.286s] Level 1:colcon.colcon_core.package_identification:_identify(src/DynamixelSDK/c#/protocol1.0/read_write) by extensions ['colcon_meta']
[0.286s] Level 1:colcon.colcon_core.package_identification:_identify(src/DynamixelSDK/c#/protocol1.0/read_write) by extension 'colcon_meta'
[0.286s] Level 1:colcon.colcon_core.package_identification:_identify(src/DynamixelSDK/c#/protocol1.0/read_write) by extensions ['ros']
[0.286s] Level 1:colcon.colcon_core.package_identification:_identify(src/DynamixelSDK/c#/protocol1.0/read_write) by extension 'ros'
[0.287s] Level 1:colcon.colcon_core.package_identification:_identify(src/DynamixelSDK/c#/protocol1.0/read_write) by extensions ['cmake', 'python']
[0.287s] Level 1:colcon.colcon_core.package_identification:_identify(src/DynamixelSDK/c#/protocol1.0/read_write) by extension 'cmake'
[0.287s] Level 1:colcon.colcon_core.package_identification:_identify(src/DynamixelSDK/c#/protocol1.0/read_write) by extension 'python'
[0.287s] Level 1:colcon.colcon_core.package_identification:_identify(src/DynamixelSDK/c#/protocol1.0/read_write) by extensions ['python_setup_py']
[0.287s] Level 1:colcon.colcon_core.package_identification:_identify(src/DynamixelSDK/c#/protocol1.0/read_write) by extension 'python_setup_py'
[0.287s] Level 1:colcon.colcon_core.package_identification:_identify(src/DynamixelSDK/c#/protocol1.0/read_write/win32) by extensions ['ignore', 'ignore_ament_install']
[0.287s] Level 1:colcon.colcon_core.package_identification:_identify(src/DynamixelSDK/c#/protocol1.0/read_write/win32) by extension 'ignore'
[0.287s] Level 1:colcon.colcon_core.package_identification:_identify(src/DynamixelSDK/c#/protocol1.0/read_write/win32) by extension 'ignore_ament_install'
[0.287s] Level 1:colcon.colcon_core.package_identification:_identify(src/DynamixelSDK/c#/protocol1.0/read_write/win32) by extensions ['colcon_pkg']
[0.287s] Level 1:colcon.colcon_core.package_identification:_identify(src/DynamixelSDK/c#/protocol1.0/read_write/win32) by extension 'colcon_pkg'
[0.287s] Level 1:colcon.colcon_core.package_identification:_identify(src/DynamixelSDK/c#/protocol1.0/read_write/win32) by extensions ['colcon_meta']
[0.287s] Level 1:colcon.colcon_core.package_identification:_identify(src/DynamixelSDK/c#/protocol1.0/read_write/win32) by extension 'colcon_meta'
[0.287s] Level 1:colcon.colcon_core.package_identification:_identify(src/DynamixelSDK/c#/protocol1.0/read_write/win32) by extensions ['ros']
[0.287s] Level 1:colcon.colcon_core.package_identification:_identify(src/DynamixelSDK/c#/protocol1.0/read_write/win32) by extension 'ros'
[0.287s] Level 1:colcon.colcon_core.package_identification:_identify(src/DynamixelSDK/c#/protocol1.0/read_write/win32) by extensions ['cmake', 'python']
[0.287s] Level 1:colcon.colcon_core.package_identification:_identify(src/DynamixelSDK/c#/protocol1.0/read_write/win32) by extension 'cmake'
[0.287s] Level 1:colcon.colcon_core.package_identification:_identify(src/DynamixelSDK/c#/protocol1.0/read_write/win32) by extension 'python'
[0.287s] Level 1:colcon.colcon_core.package_identification:_identify(src/DynamixelSDK/c#/protocol1.0/read_write/win32) by extensions ['python_setup_py']
[0.287s] Level 1:colcon.colcon_core.package_identification:_identify(src/DynamixelSDK/c#/protocol1.0/read_write/win32) by extension 'python_setup_py'
[0.287s] Level 1:colcon.colcon_core.package_identification:_identify(src/DynamixelSDK/c#/protocol1.0/read_write/win32/read_write) by extensions ['ignore', 'ignore_ament_install']
[0.287s] Level 1:colcon.colcon_core.package_identification:_identify(src/DynamixelSDK/c#/protocol1.0/read_write/win32/read_write) by extension 'ignore'
[0.288s] Level 1:colcon.colcon_core.package_identification:_identify(src/DynamixelSDK/c#/protocol1.0/read_write/win32/read_write) by extension 'ignore_ament_install'
[0.288s] Level 1:colcon.colcon_core.package_identification:_identify(src/DynamixelSDK/c#/protocol1.0/read_write/win32/read_write) by extensions ['colcon_pkg']
[0.288s] Level 1:colcon.colcon_core.package_identification:_identify(src/DynamixelSDK/c#/protocol1.0/read_write/win32/read_write) by extension 'colcon_pkg'
[0.288s] Level 1:colcon.colcon_core.package_identification:_identify(src/DynamixelSDK/c#/protocol1.0/read_write/win32/read_write) by extensions ['colcon_meta']
[0.288s] Level 1:colcon.colcon_core.package_identification:_identify(src/DynamixelSDK/c#/protocol1.0/read_write/win32/read_write) by extension 'colcon_meta'
[0.288s] Level 1:colcon.colcon_core.package_identification:_identify(src/DynamixelSDK/c#/protocol1.0/read_write/win32/read_write) by extensions ['ros']
[0.288s] Level 1:colcon.colcon_core.package_identification:_identify(src/DynamixelSDK/c#/protocol1.0/read_write/win32/read_write) by extension 'ros'
[0.288s] Level 1:colcon.colcon_core.package_identification:_identify(src/DynamixelSDK/c#/protocol1.0/read_write/win32/read_write) by extensions ['cmake', 'python']
[0.288s] Level 1:colcon.colcon_core.package_identification:_identify(src/DynamixelSDK/c#/protocol1.0/read_write/win32/read_write) by extension 'cmake'
[0.288s] Level 1:colcon.colcon_core.package_identification:_identify(src/DynamixelSDK/c#/protocol1.0/read_write/win32/read_write) by extension 'python'
[0.288s] Level 1:colcon.colcon_core.package_identification:_identify(src/DynamixelSDK/c#/protocol1.0/read_write/win32/read_write) by extensions ['python_setup_py']
[0.288s] Level 1:colcon.colcon_core.package_identification:_identify(src/DynamixelSDK/c#/protocol1.0/read_write/win32/read_write) by extension 'python_setup_py'
[0.288s] Level 1:colcon.colcon_core.package_identification:_identify(src/DynamixelSDK/c#/protocol1.0/read_write/win32/read_write/Properties) by extensions ['ignore', 'ignore_ament_install']
[0.288s] Level 1:colcon.colcon_core.package_identification:_identify(src/DynamixelSDK/c#/protocol1.0/read_write/win32/read_write/Properties) by extension 'ignore'
[0.288s] Level 1:colcon.colcon_core.package_identification:_identify(src/DynamixelSDK/c#/protocol1.0/read_write/win32/read_write/Properties) by extension 'ignore_ament_install'
[0.288s] Level 1:colcon.colcon_core.package_identification:_identify(src/DynamixelSDK/c#/protocol1.0/read_write/win32/read_write/Properties) by extensions ['colcon_pkg']
[0.288s] Level 1:colcon.colcon_core.package_identification:_identify(src/DynamixelSDK/c#/protocol1.0/read_write/win32/read_write/Properties) by extension 'colcon_pkg'
[0.288s] Level 1:colcon.colcon_core.package_identification:_identify(src/DynamixelSDK/c#/protocol1.0/read_write/win32/read_write/Properties) by extensions ['colcon_meta']
[0.288s] Level 1:colcon.colcon_core.package_identification:_identify(src/DynamixelSDK/c#/protocol1.0/read_write/win32/read_write/Properties) by extension 'colcon_meta'
[0.288s] Level 1:colcon.colcon_core.package_identification:_identify(src/DynamixelSDK/c#/protocol1.0/read_write/win32/read_write/Properties) by extensions ['ros']
[0.288s] Level 1:colcon.colcon_core.package_identification:_identify(src/DynamixelSDK/c#/protocol1.0/read_write/win32/read_write/Properties) by extension 'ros'
[0.288s] Level 1:colcon.colcon_core.package_identification:_identify(src/DynamixelSDK/c#/protocol1.0/read_write/win32/read_write/Properties) by extensions ['cmake', 'python']
[0.288s] Level 1:colcon.colcon_core.package_identification:_identify(src/DynamixelSDK/c#/protocol1.0/read_write/win32/read_write/Properties) by extension 'cmake'
[0.288s] Level 1:colcon.colcon_core.package_identification:_identify(src/DynamixelSDK/c#/protocol1.0/read_write/win32/read_write/Properties) by extension 'python'
[0.289s] Level 1:colcon.colcon_core.package_identification:_identify(src/DynamixelSDK/c#/protocol1.0/read_write/win32/read_write/Properties) by extensions ['python_setup_py']
[0.289s] Level 1:colcon.colcon_core.package_identification:_identify(src/DynamixelSDK/c#/protocol1.0/read_write/win32/read_write/Properties) by extension 'python_setup_py'
[0.289s] Level 1:colcon.colcon_core.package_identification:_identify(src/DynamixelSDK/c#/protocol1.0/read_write/win64) by extensions ['ignore', 'ignore_ament_install']
[0.289s] Level 1:colcon.colcon_core.package_identification:_identify(src/DynamixelSDK/c#/protocol1.0/read_write/win64) by extension 'ignore'
[0.289s] Level 1:colcon.colcon_core.package_identification:_identify(src/DynamixelSDK/c#/protocol1.0/read_write/win64) by extension 'ignore_ament_install'
[0.289s] Level 1:colcon.colcon_core.package_identification:_identify(src/DynamixelSDK/c#/protocol1.0/read_write/win64) by extensions ['colcon_pkg']
[0.289s] Level 1:colcon.colcon_core.package_identification:_identify(src/DynamixelSDK/c#/protocol1.0/read_write/win64) by extension 'colcon_pkg'
[0.289s] Level 1:colcon.colcon_core.package_identification:_identify(src/DynamixelSDK/c#/protocol1.0/read_write/win64) by extensions ['colcon_meta']
[0.289s] Level 1:colcon.colcon_core.package_identification:_identify(src/DynamixelSDK/c#/protocol1.0/read_write/win64) by extension 'colcon_meta'
[0.289s] Level 1:colcon.colcon_core.package_identification:_identify(src/DynamixelSDK/c#/protocol1.0/read_write/win64) by extensions ['ros']
[0.289s] Level 1:colcon.colcon_core.package_identification:_identify(src/DynamixelSDK/c#/protocol1.0/read_write/win64) by extension 'ros'
[0.289s] Level 1:colcon.colcon_core.package_identification:_identify(src/DynamixelSDK/c#/protocol1.0/read_write/win64) by extensions ['cmake', 'python']
[0.289s] Level 1:colcon.colcon_core.package_identification:_identify(src/DynamixelSDK/c#/protocol1.0/read_write/win64) by extension 'cmake'
[0.289s] Level 1:colcon.colcon_core.package_identification:_identify(src/DynamixelSDK/c#/protocol1.0/read_write/win64) by extension 'python'
[0.289s] Level 1:colcon.colcon_core.package_identification:_identify(src/DynamixelSDK/c#/protocol1.0/read_write/win64) by extensions ['python_setup_py']
[0.289s] Level 1:colcon.colcon_core.package_identification:_identify(src/DynamixelSDK/c#/protocol1.0/read_write/win64) by extension 'python_setup_py'
[0.289s] Level 1:colcon.colcon_core.package_identification:_identify(src/DynamixelSDK/c#/protocol1.0/read_write/win64/read_write) by extensions ['ignore', 'ignore_ament_install']
[0.289s] Level 1:colcon.colcon_core.package_identification:_identify(src/DynamixelSDK/c#/protocol1.0/read_write/win64/read_write) by extension 'ignore'
[0.289s] Level 1:colcon.colcon_core.package_identification:_identify(src/DynamixelSDK/c#/protocol1.0/read_write/win64/read_write) by extension 'ignore_ament_install'
[0.289s] Level 1:colcon.colcon_core.package_identification:_identify(src/DynamixelSDK/c#/protocol1.0/read_write/win64/read_write) by extensions ['colcon_pkg']
[0.289s] Level 1:colcon.colcon_core.package_identification:_identify(src/DynamixelSDK/c#/protocol1.0/read_write/win64/read_write) by extension 'colcon_pkg'
[0.290s] Level 1:colcon.colcon_core.package_identification:_identify(src/DynamixelSDK/c#/protocol1.0/read_write/win64/read_write) by extensions ['colcon_meta']
[0.290s] Level 1:colcon.colcon_core.package_identification:_identify(src/DynamixelSDK/c#/protocol1.0/read_write/win64/read_write) by extension 'colcon_meta'
[0.290s] Level 1:colcon.colcon_core.package_identification:_identify(src/DynamixelSDK/c#/protocol1.0/read_write/win64/read_write) by extensions ['ros']
[0.290s] Level 1:colcon.colcon_core.package_identification:_identify(src/DynamixelSDK/c#/protocol1.0/read_write/win64/read_write) by extension 'ros'
[0.290s] Level 1:colcon.colcon_core.package_identification:_identify(src/DynamixelSDK/c#/protocol1.0/read_write/win64/read_write) by extensions ['cmake', 'python']
[0.290s] Level 1:colcon.colcon_core.package_identification:_identify(src/DynamixelSDK/c#/protocol1.0/read_write/win64/read_write) by extension 'cmake'
[0.290s] Level 1:colcon.colcon_core.package_identification:_identify(src/DynamixelSDK/c#/protocol1.0/read_write/win64/read_write) by extension 'python'
[0.290s] Level 1:colcon.colcon_core.package_identification:_identify(src/DynamixelSDK/c#/protocol1.0/read_write/win64/read_write) by extensions ['python_setup_py']
[0.290s] Level 1:colcon.colcon_core.package_identification:_identify(src/DynamixelSDK/c#/protocol1.0/read_write/win64/read_write) by extension 'python_setup_py'
[0.290s] Level 1:colcon.colcon_core.package_identification:_identify(src/DynamixelSDK/c#/protocol1.0/read_write/win64/read_write/Properties) by extensions ['ignore', 'ignore_ament_install']
[0.290s] Level 1:colcon.colcon_core.package_identification:_identify(src/DynamixelSDK/c#/protocol1.0/read_write/win64/read_write/Properties) by extension 'ignore'
[0.290s] Level 1:colcon.colcon_core.package_identification:_identify(src/DynamixelSDK/c#/protocol1.0/read_write/win64/read_write/Properties) by extension 'ignore_ament_install'
[0.290s] Level 1:colcon.colcon_core.package_identification:_identify(src/DynamixelSDK/c#/protocol1.0/read_write/win64/read_write/Properties) by extensions ['colcon_pkg']
[0.290s] Level 1:colcon.colcon_core.package_identification:_identify(src/DynamixelSDK/c#/protocol1.0/read_write/win64/read_write/Properties) by extension 'colcon_pkg'
[0.290s] Level 1:colcon.colcon_core.package_identification:_identify(src/DynamixelSDK/c#/protocol1.0/read_write/win64/read_write/Properties) by extensions ['colcon_meta']
[0.290s] Level 1:colcon.colcon_core.package_identification:_identify(src/DynamixelSDK/c#/protocol1.0/read_write/win64/read_write/Properties) by extension 'colcon_meta'
[0.290s] Level 1:colcon.colcon_core.package_identification:_identify(src/DynamixelSDK/c#/protocol1.0/read_write/win64/read_write/Properties) by extensions ['ros']
[0.290s] Level 1:colcon.colcon_core.package_identification:_identify(src/DynamixelSDK/c#/protocol1.0/read_write/win64/read_write/Properties) by extension 'ros'
[0.290s] Level 1:colcon.colcon_core.package_identification:_identify(src/DynamixelSDK/c#/protocol1.0/read_write/win64/read_write/Properties) by extensions ['cmake', 'python']
[0.290s] Level 1:colcon.colcon_core.package_identification:_identify(src/DynamixelSDK/c#/protocol1.0/read_write/win64/read_write/Properties) by extension 'cmake'
[0.290s] Level 1:colcon.colcon_core.package_identification:_identify(src/DynamixelSDK/c#/protocol1.0/read_write/win64/read_write/Properties) by extension 'python'
[0.290s] Level 1:colcon.colcon_core.package_identification:_identify(src/DynamixelSDK/c#/protocol1.0/read_write/win64/read_write/Properties) by extensions ['python_setup_py']
[0.290s] Level 1:colcon.colcon_core.package_identification:_identify(src/DynamixelSDK/c#/protocol1.0/read_write/win64/read_write/Properties) by extension 'python_setup_py'
[0.291s] Level 1:colcon.colcon_core.package_identification:_identify(src/DynamixelSDK/c#/protocol1.0/reset) by extensions ['ignore', 'ignore_ament_install']
[0.291s] Level 1:colcon.colcon_core.package_identification:_identify(src/DynamixelSDK/c#/protocol1.0/reset) by extension 'ignore'
[0.291s] Level 1:colcon.colcon_core.package_identification:_identify(src/DynamixelSDK/c#/protocol1.0/reset) by extension 'ignore_ament_install'
[0.291s] Level 1:colcon.colcon_core.package_identification:_identify(src/DynamixelSDK/c#/protocol1.0/reset) by extensions ['colcon_pkg']
[0.291s] Level 1:colcon.colcon_core.package_identification:_identify(src/DynamixelSDK/c#/protocol1.0/reset) by extension 'colcon_pkg'
[0.291s] Level 1:colcon.colcon_core.package_identification:_identify(src/DynamixelSDK/c#/protocol1.0/reset) by extensions ['colcon_meta']
[0.291s] Level 1:colcon.colcon_core.package_identification:_identify(src/DynamixelSDK/c#/protocol1.0/reset) by extension 'colcon_meta'
[0.291s] Level 1:colcon.colcon_core.package_identification:_identify(src/DynamixelSDK/c#/protocol1.0/reset) by extensions ['ros']
[0.291s] Level 1:colcon.colcon_core.package_identification:_identify(src/DynamixelSDK/c#/protocol1.0/reset) by extension 'ros'
[0.291s] Level 1:colcon.colcon_core.package_identification:_identify(src/DynamixelSDK/c#/protocol1.0/reset) by extensions ['cmake', 'python']
[0.291s] Level 1:colcon.colcon_core.package_identification:_identify(src/DynamixelSDK/c#/protocol1.0/reset) by extension 'cmake'
[0.291s] Level 1:colcon.colcon_core.package_identification:_identify(src/DynamixelSDK/c#/protocol1.0/reset) by extension 'python'
[0.291s] Level 1:colcon.colcon_core.package_identification:_identify(src/DynamixelSDK/c#/protocol1.0/reset) by extensions ['python_setup_py']
[0.291s] Level 1:colcon.colcon_core.package_identification:_identify(src/DynamixelSDK/c#/protocol1.0/reset) by extension 'python_setup_py'
[0.291s] Level 1:colcon.colcon_core.package_identification:_identify(src/DynamixelSDK/c#/protocol1.0/reset/win32) by extensions ['ignore', 'ignore_ament_install']
[0.291s] Level 1:colcon.colcon_core.package_identification:_identify(src/DynamixelSDK/c#/protocol1.0/reset/win32) by extension 'ignore'
[0.291s] Level 1:colcon.colcon_core.package_identification:_identify(src/DynamixelSDK/c#/protocol1.0/reset/win32) by extension 'ignore_ament_install'
[0.291s] Level 1:colcon.colcon_core.package_identification:_identify(src/DynamixelSDK/c#/protocol1.0/reset/win32) by extensions ['colcon_pkg']
[0.291s] Level 1:colcon.colcon_core.package_identification:_identify(src/DynamixelSDK/c#/protocol1.0/reset/win32) by extension 'colcon_pkg'
[0.291s] Level 1:colcon.colcon_core.package_identification:_identify(src/DynamixelSDK/c#/protocol1.0/reset/win32) by extensions ['colcon_meta']
[0.291s] Level 1:colcon.colcon_core.package_identification:_identify(src/DynamixelSDK/c#/protocol1.0/reset/win32) by extension 'colcon_meta'
[0.291s] Level 1:colcon.colcon_core.package_identification:_identify(src/DynamixelSDK/c#/protocol1.0/reset/win32) by extensions ['ros']
[0.291s] Level 1:colcon.colcon_core.package_identification:_identify(src/DynamixelSDK/c#/protocol1.0/reset/win32) by extension 'ros'
[0.292s] Level 1:colcon.colcon_core.package_identification:_identify(src/DynamixelSDK/c#/protocol1.0/reset/win32) by extensions ['cmake', 'python']
[0.292s] Level 1:colcon.colcon_core.package_identification:_identify(src/DynamixelSDK/c#/protocol1.0/reset/win32) by extension 'cmake'
[0.292s] Level 1:colcon.colcon_core.package_identification:_identify(src/DynamixelSDK/c#/protocol1.0/reset/win32) by extension 'python'
[0.292s] Level 1:colcon.colcon_core.package_identification:_identify(src/DynamixelSDK/c#/protocol1.0/reset/win32) by extensions ['python_setup_py']
[0.292s] Level 1:colcon.colcon_core.package_identification:_identify(src/DynamixelSDK/c#/protocol1.0/reset/win32) by extension 'python_setup_py'
[0.292s] Level 1:colcon.colcon_core.package_identification:_identify(src/DynamixelSDK/c#/protocol1.0/reset/win32/reset) by extensions ['ignore', 'ignore_ament_install']
[0.292s] Level 1:colcon.colcon_core.package_identification:_identify(src/DynamixelSDK/c#/protocol1.0/reset/win32/reset) by extension 'ignore'
[0.292s] Level 1:colcon.colcon_core.package_identification:_identify(src/DynamixelSDK/c#/protocol1.0/reset/win32/reset) by extension 'ignore_ament_install'
[0.292s] Level 1:colcon.colcon_core.package_identification:_identify(src/DynamixelSDK/c#/protocol1.0/reset/win32/reset) by extensions ['colcon_pkg']
[0.292s] Level 1:colcon.colcon_core.package_identification:_identify(src/DynamixelSDK/c#/protocol1.0/reset/win32/reset) by extension 'colcon_pkg'
[0.292s] Level 1:colcon.colcon_core.package_identification:_identify(src/DynamixelSDK/c#/protocol1.0/reset/win32/reset) by extensions ['colcon_meta']
[0.292s] Level 1:colcon.colcon_core.package_identification:_identify(src/DynamixelSDK/c#/protocol1.0/reset/win32/reset) by extension 'colcon_meta'
[0.292s] Level 1:colcon.colcon_core.package_identification:_identify(src/DynamixelSDK/c#/protocol1.0/reset/win32/reset) by extensions ['ros']
[0.292s] Level 1:colcon.colcon_core.package_identification:_identify(src/DynamixelSDK/c#/protocol1.0/reset/win32/reset) by extension 'ros'
[0.292s] Level 1:colcon.colcon_core.package_identification:_identify(src/DynamixelSDK/c#/protocol1.0/reset/win32/reset) by extensions ['cmake', 'python']
[0.292s] Level 1:colcon.colcon_core.package_identification:_identify(src/DynamixelSDK/c#/protocol1.0/reset/win32/reset) by extension 'cmake'
[0.292s] Level 1:colcon.colcon_core.package_identification:_identify(src/DynamixelSDK/c#/protocol1.0/reset/win32/reset) by extension 'python'
[0.292s] Level 1:colcon.colcon_core.package_identification:_identify(src/DynamixelSDK/c#/protocol1.0/reset/win32/reset) by extensions ['python_setup_py']
[0.292s] Level 1:colcon.colcon_core.package_identification:_identify(src/DynamixelSDK/c#/protocol1.0/reset/win32/reset) by extension 'python_setup_py'
[0.292s] Level 1:colcon.colcon_core.package_identification:_identify(src/DynamixelSDK/c#/protocol1.0/reset/win32/reset/Properties) by extensions ['ignore', 'ignore_ament_install']
[0.293s] Level 1:colcon.colcon_core.package_identification:_identify(src/DynamixelSDK/c#/protocol1.0/reset/win32/reset/Properties) by extension 'ignore'
[0.293s] Level 1:colcon.colcon_core.package_identification:_identify(src/DynamixelSDK/c#/protocol1.0/reset/win32/reset/Properties) by extension 'ignore_ament_install'
[0.293s] Level 1:colcon.colcon_core.package_identification:_identify(src/DynamixelSDK/c#/protocol1.0/reset/win32/reset/Properties) by extensions ['colcon_pkg']
[0.293s] Level 1:colcon.colcon_core.package_identification:_identify(src/DynamixelSDK/c#/protocol1.0/reset/win32/reset/Properties) by extension 'colcon_pkg'
[0.293s] Level 1:colcon.colcon_core.package_identification:_identify(src/DynamixelSDK/c#/protocol1.0/reset/win32/reset/Properties) by extensions ['colcon_meta']
[0.293s] Level 1:colcon.colcon_core.package_identification:_identify(src/DynamixelSDK/c#/protocol1.0/reset/win32/reset/Properties) by extension 'colcon_meta'
[0.293s] Level 1:colcon.colcon_core.package_identification:_identify(src/DynamixelSDK/c#/protocol1.0/reset/win32/reset/Properties) by extensions ['ros']
[0.293s] Level 1:colcon.colcon_core.package_identification:_identify(src/DynamixelSDK/c#/protocol1.0/reset/win32/reset/Properties) by extension 'ros'
[0.293s] Level 1:colcon.colcon_core.package_identification:_identify(src/DynamixelSDK/c#/protocol1.0/reset/win32/reset/Properties) by extensions ['cmake', 'python']
[0.293s] Level 1:colcon.colcon_core.package_identification:_identify(src/DynamixelSDK/c#/protocol1.0/reset/win32/reset/Properties) by extension 'cmake'
[0.293s] Level 1:colcon.colcon_core.package_identification:_identify(src/DynamixelSDK/c#/protocol1.0/reset/win32/reset/Properties) by extension 'python'
[0.293s] Level 1:colcon.colcon_core.package_identification:_identify(src/DynamixelSDK/c#/protocol1.0/reset/win32/reset/Properties) by extensions ['python_setup_py']
[0.293s] Level 1:colcon.colcon_core.package_identification:_identify(src/DynamixelSDK/c#/protocol1.0/reset/win32/reset/Properties) by extension 'python_setup_py'
[0.293s] Level 1:colcon.colcon_core.package_identification:_identify(src/DynamixelSDK/c#/protocol1.0/reset/win64) by extensions ['ignore', 'ignore_ament_install']
[0.293s] Level 1:colcon.colcon_core.package_identification:_identify(src/DynamixelSDK/c#/protocol1.0/reset/win64) by extension 'ignore'
[0.293s] Level 1:colcon.colcon_core.package_identification:_identify(src/DynamixelSDK/c#/protocol1.0/reset/win64) by extension 'ignore_ament_install'
[0.293s] Level 1:colcon.colcon_core.package_identification:_identify(src/DynamixelSDK/c#/protocol1.0/reset/win64) by extensions ['colcon_pkg']
[0.293s] Level 1:colcon.colcon_core.package_identification:_identify(src/DynamixelSDK/c#/protocol1.0/reset/win64) by extension 'colcon_pkg'
[0.293s] Level 1:colcon.colcon_core.package_identification:_identify(src/DynamixelSDK/c#/protocol1.0/reset/win64) by extensions ['colcon_meta']
[0.293s] Level 1:colcon.colcon_core.package_identification:_identify(src/DynamixelSDK/c#/protocol1.0/reset/win64) by extension 'colcon_meta'
[0.293s] Level 1:colcon.colcon_core.package_identification:_identify(src/DynamixelSDK/c#/protocol1.0/reset/win64) by extensions ['ros']
[0.293s] Level 1:colcon.colcon_core.package_identification:_identify(src/DynamixelSDK/c#/protocol1.0/reset/win64) by extension 'ros'
[0.293s] Level 1:colcon.colcon_core.package_identification:_identify(src/DynamixelSDK/c#/protocol1.0/reset/win64) by extensions ['cmake', 'python']
[0.293s] Level 1:colcon.colcon_core.package_identification:_identify(src/DynamixelSDK/c#/protocol1.0/reset/win64) by extension 'cmake'
[0.293s] Level 1:colcon.colcon_core.package_identification:_identify(src/DynamixelSDK/c#/protocol1.0/reset/win64) by extension 'python'
[0.293s] Level 1:colcon.colcon_core.package_identification:_identify(src/DynamixelSDK/c#/protocol1.0/reset/win64) by extensions ['python_setup_py']
[0.294s] Level 1:colcon.colcon_core.package_identification:_identify(src/DynamixelSDK/c#/protocol1.0/reset/win64) by extension 'python_setup_py'
[0.294s] Level 1:colcon.colcon_core.package_identification:_identify(src/DynamixelSDK/c#/protocol1.0/reset/win64/reset) by extensions ['ignore', 'ignore_ament_install']
[0.294s] Level 1:colcon.colcon_core.package_identification:_identify(src/DynamixelSDK/c#/protocol1.0/reset/win64/reset) by extension 'ignore'
[0.294s] Level 1:colcon.colcon_core.package_identification:_identify(src/DynamixelSDK/c#/protocol1.0/reset/win64/reset) by extension 'ignore_ament_install'
[0.294s] Level 1:colcon.colcon_core.package_identification:_identify(src/DynamixelSDK/c#/protocol1.0/reset/win64/reset) by extensions ['colcon_pkg']
[0.294s] Level 1:colcon.colcon_core.package_identification:_identify(src/DynamixelSDK/c#/protocol1.0/reset/win64/reset) by extension 'colcon_pkg'
[0.294s] Level 1:colcon.colcon_core.package_identification:_identify(src/DynamixelSDK/c#/protocol1.0/reset/win64/reset) by extensions ['colcon_meta']
[0.294s] Level 1:colcon.colcon_core.package_identification:_identify(src/DynamixelSDK/c#/protocol1.0/reset/win64/reset) by extension 'colcon_meta'
[0.294s] Level 1:colcon.colcon_core.package_identification:_identify(src/DynamixelSDK/c#/protocol1.0/reset/win64/reset) by extensions ['ros']
[0.294s] Level 1:colcon.colcon_core.package_identification:_identify(src/DynamixelSDK/c#/protocol1.0/reset/win64/reset) by extension 'ros'
[0.294s] Level 1:colcon.colcon_core.package_identification:_identify(src/DynamixelSDK/c#/protocol1.0/reset/win64/reset) by extensions ['cmake', 'python']
[0.294s] Level 1:colcon.colcon_core.package_identification:_identify(src/DynamixelSDK/c#/protocol1.0/reset/win64/reset) by extension 'cmake'
[0.294s] Level 1:colcon.colcon_core.package_identification:_identify(src/DynamixelSDK/c#/protocol1.0/reset/win64/reset) by extension 'python'
[0.294s] Level 1:colcon.colcon_core.package_identification:_identify(src/DynamixelSDK/c#/protocol1.0/reset/win64/reset) by extensions ['python_setup_py']
[0.294s] Level 1:colcon.colcon_core.package_identification:_identify(src/DynamixelSDK/c#/protocol1.0/reset/win64/reset) by extension 'python_setup_py'
[0.294s] Level 1:colcon.colcon_core.package_identification:_identify(src/DynamixelSDK/c#/protocol1.0/reset/win64/reset/Properties) by extensions ['ignore', 'ignore_ament_install']
[0.294s] Level 1:colcon.colcon_core.package_identification:_identify(src/DynamixelSDK/c#/protocol1.0/reset/win64/reset/Properties) by extension 'ignore'
[0.294s] Level 1:colcon.colcon_core.package_identification:_identify(src/DynamixelSDK/c#/protocol1.0/reset/win64/reset/Properties) by extension 'ignore_ament_install'
[0.294s] Level 1:colcon.colcon_core.package_identification:_identify(src/DynamixelSDK/c#/protocol1.0/reset/win64/reset/Properties) by extensions ['colcon_pkg']
[0.294s] Level 1:colcon.colcon_core.package_identification:_identify(src/DynamixelSDK/c#/protocol1.0/reset/win64/reset/Properties) by extension 'colcon_pkg'
[0.295s] Level 1:colcon.colcon_core.package_identification:_identify(src/DynamixelSDK/c#/protocol1.0/reset/win64/reset/Properties) by extensions ['colcon_meta']
[0.295s] Level 1:colcon.colcon_core.package_identification:_identify(src/DynamixelSDK/c#/protocol1.0/reset/win64/reset/Properties) by extension 'colcon_meta'
[0.295s] Level 1:colcon.colcon_core.package_identification:_identify(src/DynamixelSDK/c#/protocol1.0/reset/win64/reset/Properties) by extensions ['ros']
[0.295s] Level 1:colcon.colcon_core.package_identification:_identify(src/DynamixelSDK/c#/protocol1.0/reset/win64/reset/Properties) by extension 'ros'
[0.295s] Level 1:colcon.colcon_core.package_identification:_identify(src/DynamixelSDK/c#/protocol1.0/reset/win64/reset/Properties) by extensions ['cmake', 'python']
[0.295s] Level 1:colcon.colcon_core.package_identification:_identify(src/DynamixelSDK/c#/protocol1.0/reset/win64/reset/Properties) by extension 'cmake'
[0.295s] Level 1:colcon.colcon_core.package_identification:_identify(src/DynamixelSDK/c#/protocol1.0/reset/win64/reset/Properties) by extension 'python'
[0.295s] Level 1:colcon.colcon_core.package_identification:_identify(src/DynamixelSDK/c#/protocol1.0/reset/win64/reset/Properties) by extensions ['python_setup_py']
[0.295s] Level 1:colcon.colcon_core.package_identification:_identify(src/DynamixelSDK/c#/protocol1.0/reset/win64/reset/Properties) by extension 'python_setup_py'
[0.295s] Level 1:colcon.colcon_core.package_identification:_identify(src/DynamixelSDK/c#/protocol1.0/sync_write) by extensions ['ignore', 'ignore_ament_install']
[0.295s] Level 1:colcon.colcon_core.package_identification:_identify(src/DynamixelSDK/c#/protocol1.0/sync_write) by extension 'ignore'
[0.295s] Level 1:colcon.colcon_core.package_identification:_identify(src/DynamixelSDK/c#/protocol1.0/sync_write) by extension 'ignore_ament_install'
[0.295s] Level 1:colcon.colcon_core.package_identification:_identify(src/DynamixelSDK/c#/protocol1.0/sync_write) by extensions ['colcon_pkg']
[0.295s] Level 1:colcon.colcon_core.package_identification:_identify(src/DynamixelSDK/c#/protocol1.0/sync_write) by extension 'colcon_pkg'
[0.295s] Level 1:colcon.colcon_core.package_identification:_identify(src/DynamixelSDK/c#/protocol1.0/sync_write) by extensions ['colcon_meta']
[0.295s] Level 1:colcon.colcon_core.package_identification:_identify(src/DynamixelSDK/c#/protocol1.0/sync_write) by extension 'colcon_meta'
[0.295s] Level 1:colcon.colcon_core.package_identification:_identify(src/DynamixelSDK/c#/protocol1.0/sync_write) by extensions ['ros']
[0.295s] Level 1:colcon.colcon_core.package_identification:_identify(src/DynamixelSDK/c#/protocol1.0/sync_write) by extension 'ros'
[0.295s] Level 1:colcon.colcon_core.package_identification:_identify(src/DynamixelSDK/c#/protocol1.0/sync_write) by extensions ['cmake', 'python']
[0.295s] Level 1:colcon.colcon_core.package_identification:_identify(src/DynamixelSDK/c#/protocol1.0/sync_write) by extension 'cmake'
[0.295s] Level 1:colcon.colcon_core.package_identification:_identify(src/DynamixelSDK/c#/protocol1.0/sync_write) by extension 'python'
[0.295s] Level 1:colcon.colcon_core.package_identification:_identify(src/DynamixelSDK/c#/protocol1.0/sync_write) by extensions ['python_setup_py']
[0.295s] Level 1:colcon.colcon_core.package_identification:_identify(src/DynamixelSDK/c#/protocol1.0/sync_write) by extension 'python_setup_py'
[0.296s] Level 1:colcon.colcon_core.package_identification:_identify(src/DynamixelSDK/c#/protocol1.0/sync_write/win32) by extensions ['ignore', 'ignore_ament_install']
[0.296s] Level 1:colcon.colcon_core.package_identification:_identify(src/DynamixelSDK/c#/protocol1.0/sync_write/win32) by extension 'ignore'
[0.296s] Level 1:colcon.colcon_core.package_identification:_identify(src/DynamixelSDK/c#/protocol1.0/sync_write/win32) by extension 'ignore_ament_install'
[0.296s] Level 1:colcon.colcon_core.package_identification:_identify(src/DynamixelSDK/c#/protocol1.0/sync_write/win32) by extensions ['colcon_pkg']
[0.296s] Level 1:colcon.colcon_core.package_identification:_identify(src/DynamixelSDK/c#/protocol1.0/sync_write/win32) by extension 'colcon_pkg'
[0.296s] Level 1:colcon.colcon_core.package_identification:_identify(src/DynamixelSDK/c#/protocol1.0/sync_write/win32) by extensions ['colcon_meta']
[0.296s] Level 1:colcon.colcon_core.package_identification:_identify(src/DynamixelSDK/c#/protocol1.0/sync_write/win32) by extension 'colcon_meta'
[0.296s] Level 1:colcon.colcon_core.package_identification:_identify(src/DynamixelSDK/c#/protocol1.0/sync_write/win32) by extensions ['ros']
[0.296s] Level 1:colcon.colcon_core.package_identification:_identify(src/DynamixelSDK/c#/protocol1.0/sync_write/win32) by extension 'ros'
[0.296s] Level 1:colcon.colcon_core.package_identification:_identify(src/DynamixelSDK/c#/protocol1.0/sync_write/win32) by extensions ['cmake', 'python']
[0.296s] Level 1:colcon.colcon_core.package_identification:_identify(src/DynamixelSDK/c#/protocol1.0/sync_write/win32) by extension 'cmake'
[0.296s] Level 1:colcon.colcon_core.package_identification:_identify(src/DynamixelSDK/c#/protocol1.0/sync_write/win32) by extension 'python'
[0.296s] Level 1:colcon.colcon_core.package_identification:_identify(src/DynamixelSDK/c#/protocol1.0/sync_write/win32) by extensions ['python_setup_py']
[0.296s] Level 1:colcon.colcon_core.package_identification:_identify(src/DynamixelSDK/c#/protocol1.0/sync_write/win32) by extension 'python_setup_py'
[0.296s] Level 1:colcon.colcon_core.package_identification:_identify(src/DynamixelSDK/c#/protocol1.0/sync_write/win32/sync_write) by extensions ['ignore', 'ignore_ament_install']
[0.296s] Level 1:colcon.colcon_core.package_identification:_identify(src/DynamixelSDK/c#/protocol1.0/sync_write/win32/sync_write) by extension 'ignore'
[0.296s] Level 1:colcon.colcon_core.package_identification:_identify(src/DynamixelSDK/c#/protocol1.0/sync_write/win32/sync_write) by extension 'ignore_ament_install'
[0.296s] Level 1:colcon.colcon_core.package_identification:_identify(src/DynamixelSDK/c#/protocol1.0/sync_write/win32/sync_write) by extensions ['colcon_pkg']
[0.296s] Level 1:colcon.colcon_core.package_identification:_identify(src/DynamixelSDK/c#/protocol1.0/sync_write/win32/sync_write) by extension 'colcon_pkg'
[0.296s] Level 1:colcon.colcon_core.package_identification:_identify(src/DynamixelSDK/c#/protocol1.0/sync_write/win32/sync_write) by extensions ['colcon_meta']
[0.296s] Level 1:colcon.colcon_core.package_identification:_identify(src/DynamixelSDK/c#/protocol1.0/sync_write/win32/sync_write) by extension 'colcon_meta'
[0.296s] Level 1:colcon.colcon_core.package_identification:_identify(src/DynamixelSDK/c#/protocol1.0/sync_write/win32/sync_write) by extensions ['ros']
[0.296s] Level 1:colcon.colcon_core.package_identification:_identify(src/DynamixelSDK/c#/protocol1.0/sync_write/win32/sync_write) by extension 'ros'
[0.297s] Level 1:colcon.colcon_core.package_identification:_identify(src/DynamixelSDK/c#/protocol1.0/sync_write/win32/sync_write) by extensions ['cmake', 'python']
[0.297s] Level 1:colcon.colcon_core.package_identification:_identify(src/DynamixelSDK/c#/protocol1.0/sync_write/win32/sync_write) by extension 'cmake'
[0.297s] Level 1:colcon.colcon_core.package_identification:_identify(src/DynamixelSDK/c#/protocol1.0/sync_write/win32/sync_write) by extension 'python'
[0.297s] Level 1:colcon.colcon_core.package_identification:_identify(src/DynamixelSDK/c#/protocol1.0/sync_write/win32/sync_write) by extensions ['python_setup_py']
[0.297s] Level 1:colcon.colcon_core.package_identification:_identify(src/DynamixelSDK/c#/protocol1.0/sync_write/win32/sync_write) by extension 'python_setup_py'
[0.297s] Level 1:colcon.colcon_core.package_identification:_identify(src/DynamixelSDK/c#/protocol1.0/sync_write/win32/sync_write/Properties) by extensions ['ignore', 'ignore_ament_install']
[0.297s] Level 1:colcon.colcon_core.package_identification:_identify(src/DynamixelSDK/c#/protocol1.0/sync_write/win32/sync_write/Properties) by extension 'ignore'
[0.297s] Level 1:colcon.colcon_core.package_identification:_identify(src/DynamixelSDK/c#/protocol1.0/sync_write/win32/sync_write/Properties) by extension 'ignore_ament_install'
[0.297s] Level 1:colcon.colcon_core.package_identification:_identify(src/DynamixelSDK/c#/protocol1.0/sync_write/win32/sync_write/Properties) by extensions ['colcon_pkg']
[0.297s] Level 1:colcon.colcon_core.package_identification:_identify(src/DynamixelSDK/c#/protocol1.0/sync_write/win32/sync_write/Properties) by extension 'colcon_pkg'
[0.297s] Level 1:colcon.colcon_core.package_identification:_identify(src/DynamixelSDK/c#/protocol1.0/sync_write/win32/sync_write/Properties) by extensions ['colcon_meta']
[0.297s] Level 1:colcon.colcon_core.package_identification:_identify(src/DynamixelSDK/c#/protocol1.0/sync_write/win32/sync_write/Properties) by extension 'colcon_meta'
[0.297s] Level 1:colcon.colcon_core.package_identification:_identify(src/DynamixelSDK/c#/protocol1.0/sync_write/win32/sync_write/Properties) by extensions ['ros']
[0.297s] Level 1:colcon.colcon_core.package_identification:_identify(src/DynamixelSDK/c#/protocol1.0/sync_write/win32/sync_write/Properties) by extension 'ros'
[0.297s] Level 1:colcon.colcon_core.package_identification:_identify(src/DynamixelSDK/c#/protocol1.0/sync_write/win32/sync_write/Properties) by extensions ['cmake', 'python']
[0.297s] Level 1:colcon.colcon_core.package_identification:_identify(src/DynamixelSDK/c#/protocol1.0/sync_write/win32/sync_write/Properties) by extension 'cmake'
[0.297s] Level 1:colcon.colcon_core.package_identification:_identify(src/DynamixelSDK/c#/protocol1.0/sync_write/win32/sync_write/Properties) by extension 'python'
[0.297s] Level 1:colcon.colcon_core.package_identification:_identify(src/DynamixelSDK/c#/protocol1.0/sync_write/win32/sync_write/Properties) by extensions ['python_setup_py']
[0.297s] Level 1:colcon.colcon_core.package_identification:_identify(src/DynamixelSDK/c#/protocol1.0/sync_write/win32/sync_write/Properties) by extension 'python_setup_py'
[0.297s] Level 1:colcon.colcon_core.package_identification:_identify(src/DynamixelSDK/c#/protocol1.0/sync_write/win64) by extensions ['ignore', 'ignore_ament_install']
[0.298s] Level 1:colcon.colcon_core.package_identification:_identify(src/DynamixelSDK/c#/protocol1.0/sync_write/win64) by extension 'ignore'
[0.298s] Level 1:colcon.colcon_core.package_identification:_identify(src/DynamixelSDK/c#/protocol1.0/sync_write/win64) by extension 'ignore_ament_install'
[0.298s] Level 1:colcon.colcon_core.package_identification:_identify(src/DynamixelSDK/c#/protocol1.0/sync_write/win64) by extensions ['colcon_pkg']
[0.298s] Level 1:colcon.colcon_core.package_identification:_identify(src/DynamixelSDK/c#/protocol1.0/sync_write/win64) by extension 'colcon_pkg'
[0.298s] Level 1:colcon.colcon_core.package_identification:_identify(src/DynamixelSDK/c#/protocol1.0/sync_write/win64) by extensions ['colcon_meta']
[0.298s] Level 1:colcon.colcon_core.package_identification:_identify(src/DynamixelSDK/c#/protocol1.0/sync_write/win64) by extension 'colcon_meta'
[0.298s] Level 1:colcon.colcon_core.package_identification:_identify(src/DynamixelSDK/c#/protocol1.0/sync_write/win64) by extensions ['ros']
[0.298s] Level 1:colcon.colcon_core.package_identification:_identify(src/DynamixelSDK/c#/protocol1.0/sync_write/win64) by extension 'ros'
[0.298s] Level 1:colcon.colcon_core.package_identification:_identify(src/DynamixelSDK/c#/protocol1.0/sync_write/win64) by extensions ['cmake', 'python']
[0.298s] Level 1:colcon.colcon_core.package_identification:_identify(src/DynamixelSDK/c#/protocol1.0/sync_write/win64) by extension 'cmake'
[0.298s] Level 1:colcon.colcon_core.package_identification:_identify(src/DynamixelSDK/c#/protocol1.0/sync_write/win64) by extension 'python'
[0.298s] Level 1:colcon.colcon_core.package_identification:_identify(src/DynamixelSDK/c#/protocol1.0/sync_write/win64) by extensions ['python_setup_py']
[0.298s] Level 1:colcon.colcon_core.package_identification:_identify(src/DynamixelSDK/c#/protocol1.0/sync_write/win64) by extension 'python_setup_py'
[0.298s] Level 1:colcon.colcon_core.package_identification:_identify(src/DynamixelSDK/c#/protocol1.0/sync_write/win64/sync_write) by extensions ['ignore', 'ignore_ament_install']
[0.298s] Level 1:colcon.colcon_core.package_identification:_identify(src/DynamixelSDK/c#/protocol1.0/sync_write/win64/sync_write) by extension 'ignore'
[0.298s] Level 1:colcon.colcon_core.package_identification:_identify(src/DynamixelSDK/c#/protocol1.0/sync_write/win64/sync_write) by extension 'ignore_ament_install'
[0.298s] Level 1:colcon.colcon_core.package_identification:_identify(src/DynamixelSDK/c#/protocol1.0/sync_write/win64/sync_write) by extensions ['colcon_pkg']
[0.298s] Level 1:colcon.colcon_core.package_identification:_identify(src/DynamixelSDK/c#/protocol1.0/sync_write/win64/sync_write) by extension 'colcon_pkg'
[0.298s] Level 1:colcon.colcon_core.package_identification:_identify(src/DynamixelSDK/c#/protocol1.0/sync_write/win64/sync_write) by extensions ['colcon_meta']
[0.298s] Level 1:colcon.colcon_core.package_identification:_identify(src/DynamixelSDK/c#/protocol1.0/sync_write/win64/sync_write) by extension 'colcon_meta'
[0.298s] Level 1:colcon.colcon_core.package_identification:_identify(src/DynamixelSDK/c#/protocol1.0/sync_write/win64/sync_write) by extensions ['ros']
[0.298s] Level 1:colcon.colcon_core.package_identification:_identify(src/DynamixelSDK/c#/protocol1.0/sync_write/win64/sync_write) by extension 'ros'
[0.298s] Level 1:colcon.colcon_core.package_identification:_identify(src/DynamixelSDK/c#/protocol1.0/sync_write/win64/sync_write) by extensions ['cmake', 'python']
[0.298s] Level 1:colcon.colcon_core.package_identification:_identify(src/DynamixelSDK/c#/protocol1.0/sync_write/win64/sync_write) by extension 'cmake'
[0.298s] Level 1:colcon.colcon_core.package_identification:_identify(src/DynamixelSDK/c#/protocol1.0/sync_write/win64/sync_write) by extension 'python'
[0.299s] Level 1:colcon.colcon_core.package_identification:_identify(src/DynamixelSDK/c#/protocol1.0/sync_write/win64/sync_write) by extensions ['python_setup_py']
[0.299s] Level 1:colcon.colcon_core.package_identification:_identify(src/DynamixelSDK/c#/protocol1.0/sync_write/win64/sync_write) by extension 'python_setup_py'
[0.299s] Level 1:colcon.colcon_core.package_identification:_identify(src/DynamixelSDK/c#/protocol1.0/sync_write/win64/sync_write/Properties) by extensions ['ignore', 'ignore_ament_install']
[0.299s] Level 1:colcon.colcon_core.package_identification:_identify(src/DynamixelSDK/c#/protocol1.0/sync_write/win64/sync_write/Properties) by extension 'ignore'
[0.299s] Level 1:colcon.colcon_core.package_identification:_identify(src/DynamixelSDK/c#/protocol1.0/sync_write/win64/sync_write/Properties) by extension 'ignore_ament_install'
[0.299s] Level 1:colcon.colcon_core.package_identification:_identify(src/DynamixelSDK/c#/protocol1.0/sync_write/win64/sync_write/Properties) by extensions ['colcon_pkg']
[0.299s] Level 1:colcon.colcon_core.package_identification:_identify(src/DynamixelSDK/c#/protocol1.0/sync_write/win64/sync_write/Properties) by extension 'colcon_pkg'
[0.299s] Level 1:colcon.colcon_core.package_identification:_identify(src/DynamixelSDK/c#/protocol1.0/sync_write/win64/sync_write/Properties) by extensions ['colcon_meta']
[0.299s] Level 1:colcon.colcon_core.package_identification:_identify(src/DynamixelSDK/c#/protocol1.0/sync_write/win64/sync_write/Properties) by extension 'colcon_meta'
[0.299s] Level 1:colcon.colcon_core.package_identification:_identify(src/DynamixelSDK/c#/protocol1.0/sync_write/win64/sync_write/Properties) by extensions ['ros']
[0.299s] Level 1:colcon.colcon_core.package_identification:_identify(src/DynamixelSDK/c#/protocol1.0/sync_write/win64/sync_write/Properties) by extension 'ros'
[0.299s] Level 1:colcon.colcon_core.package_identification:_identify(src/DynamixelSDK/c#/protocol1.0/sync_write/win64/sync_write/Properties) by extensions ['cmake', 'python']
[0.299s] Level 1:colcon.colcon_core.package_identification:_identify(src/DynamixelSDK/c#/protocol1.0/sync_write/win64/sync_write/Properties) by extension 'cmake'
[0.299s] Level 1:colcon.colcon_core.package_identification:_identify(src/DynamixelSDK/c#/protocol1.0/sync_write/win64/sync_write/Properties) by extension 'python'
[0.299s] Level 1:colcon.colcon_core.package_identification:_identify(src/DynamixelSDK/c#/protocol1.0/sync_write/win64/sync_write/Properties) by extensions ['python_setup_py']
[0.299s] Level 1:colcon.colcon_core.package_identification:_identify(src/DynamixelSDK/c#/protocol1.0/sync_write/win64/sync_write/Properties) by extension 'python_setup_py'
[0.299s] Level 1:colcon.colcon_core.package_identification:_identify(src/DynamixelSDK/c#/protocol2.0) by extensions ['ignore', 'ignore_ament_install']
[0.299s] Level 1:colcon.colcon_core.package_identification:_identify(src/DynamixelSDK/c#/protocol2.0) by extension 'ignore'
[0.299s] Level 1:colcon.colcon_core.package_identification:_identify(src/DynamixelSDK/c#/protocol2.0) by extension 'ignore_ament_install'
[0.299s] Level 1:colcon.colcon_core.package_identification:_identify(src/DynamixelSDK/c#/protocol2.0) by extensions ['colcon_pkg']
[0.299s] Level 1:colcon.colcon_core.package_identification:_identify(src/DynamixelSDK/c#/protocol2.0) by extension 'colcon_pkg'
[0.300s] Level 1:colcon.colcon_core.package_identification:_identify(src/DynamixelSDK/c#/protocol2.0) by extensions ['colcon_meta']
[0.300s] Level 1:colcon.colcon_core.package_identification:_identify(src/DynamixelSDK/c#/protocol2.0) by extension 'colcon_meta'
[0.300s] Level 1:colcon.colcon_core.package_identification:_identify(src/DynamixelSDK/c#/protocol2.0) by extensions ['ros']
[0.300s] Level 1:colcon.colcon_core.package_identification:_identify(src/DynamixelSDK/c#/protocol2.0) by extension 'ros'
[0.300s] Level 1:colcon.colcon_core.package_identification:_identify(src/DynamixelSDK/c#/protocol2.0) by extensions ['cmake', 'python']
[0.300s] Level 1:colcon.colcon_core.package_identification:_identify(src/DynamixelSDK/c#/protocol2.0) by extension 'cmake'
[0.300s] Level 1:colcon.colcon_core.package_identification:_identify(src/DynamixelSDK/c#/protocol2.0) by extension 'python'
[0.300s] Level 1:colcon.colcon_core.package_identification:_identify(src/DynamixelSDK/c#/protocol2.0) by extensions ['python_setup_py']
[0.300s] Level 1:colcon.colcon_core.package_identification:_identify(src/DynamixelSDK/c#/protocol2.0) by extension 'python_setup_py'
[0.300s] Level 1:colcon.colcon_core.package_identification:_identify(src/DynamixelSDK/c#/protocol2.0/broadcast_ping) by extensions ['ignore', 'ignore_ament_install']
[0.300s] Level 1:colcon.colcon_core.package_identification:_identify(src/DynamixelSDK/c#/protocol2.0/broadcast_ping) by extension 'ignore'
[0.300s] Level 1:colcon.colcon_core.package_identification:_identify(src/DynamixelSDK/c#/protocol2.0/broadcast_ping) by extension 'ignore_ament_install'
[0.300s] Level 1:colcon.colcon_core.package_identification:_identify(src/DynamixelSDK/c#/protocol2.0/broadcast_ping) by extensions ['colcon_pkg']
[0.300s] Level 1:colcon.colcon_core.package_identification:_identify(src/DynamixelSDK/c#/protocol2.0/broadcast_ping) by extension 'colcon_pkg'
[0.300s] Level 1:colcon.colcon_core.package_identification:_identify(src/DynamixelSDK/c#/protocol2.0/broadcast_ping) by extensions ['colcon_meta']
[0.300s] Level 1:colcon.colcon_core.package_identification:_identify(src/DynamixelSDK/c#/protocol2.0/broadcast_ping) by extension 'colcon_meta'
[0.300s] Level 1:colcon.colcon_core.package_identification:_identify(src/DynamixelSDK/c#/protocol2.0/broadcast_ping) by extensions ['ros']
[0.300s] Level 1:colcon.colcon_core.package_identification:_identify(src/DynamixelSDK/c#/protocol2.0/broadcast_ping) by extension 'ros'
[0.300s] Level 1:colcon.colcon_core.package_identification:_identify(src/DynamixelSDK/c#/protocol2.0/broadcast_ping) by extensions ['cmake', 'python']
[0.300s] Level 1:colcon.colcon_core.package_identification:_identify(src/DynamixelSDK/c#/protocol2.0/broadcast_ping) by extension 'cmake'
[0.300s] Level 1:colcon.colcon_core.package_identification:_identify(src/DynamixelSDK/c#/protocol2.0/broadcast_ping) by extension 'python'
[0.300s] Level 1:colcon.colcon_core.package_identification:_identify(src/DynamixelSDK/c#/protocol2.0/broadcast_ping) by extensions ['python_setup_py']
[0.300s] Level 1:colcon.colcon_core.package_identification:_identify(src/DynamixelSDK/c#/protocol2.0/broadcast_ping) by extension 'python_setup_py'
[0.301s] Level 1:colcon.colcon_core.package_identification:_identify(src/DynamixelSDK/c#/protocol2.0/broadcast_ping/win32) by extensions ['ignore', 'ignore_ament_install']
[0.301s] Level 1:colcon.colcon_core.package_identification:_identify(src/DynamixelSDK/c#/protocol2.0/broadcast_ping/win32) by extension 'ignore'
[0.301s] Level 1:colcon.colcon_core.package_identification:_identify(src/DynamixelSDK/c#/protocol2.0/broadcast_ping/win32) by extension 'ignore_ament_install'
[0.301s] Level 1:colcon.colcon_core.package_identification:_identify(src/DynamixelSDK/c#/protocol2.0/broadcast_ping/win32) by extensions ['colcon_pkg']
[0.301s] Level 1:colcon.colcon_core.package_identification:_identify(src/DynamixelSDK/c#/protocol2.0/broadcast_ping/win32) by extension 'colcon_pkg'
[0.301s] Level 1:colcon.colcon_core.package_identification:_identify(src/DynamixelSDK/c#/protocol2.0/broadcast_ping/win32) by extensions ['colcon_meta']
[0.301s] Level 1:colcon.colcon_core.package_identification:_identify(src/DynamixelSDK/c#/protocol2.0/broadcast_ping/win32) by extension 'colcon_meta'
[0.301s] Level 1:colcon.colcon_core.package_identification:_identify(src/DynamixelSDK/c#/protocol2.0/broadcast_ping/win32) by extensions ['ros']
[0.301s] Level 1:colcon.colcon_core.package_identification:_identify(src/DynamixelSDK/c#/protocol2.0/broadcast_ping/win32) by extension 'ros'
[0.301s] Level 1:colcon.colcon_core.package_identification:_identify(src/DynamixelSDK/c#/protocol2.0/broadcast_ping/win32) by extensions ['cmake', 'python']
[0.301s] Level 1:colcon.colcon_core.package_identification:_identify(src/DynamixelSDK/c#/protocol2.0/broadcast_ping/win32) by extension 'cmake'
[0.301s] Level 1:colcon.colcon_core.package_identification:_identify(src/DynamixelSDK/c#/protocol2.0/broadcast_ping/win32) by extension 'python'
[0.301s] Level 1:colcon.colcon_core.package_identification:_identify(src/DynamixelSDK/c#/protocol2.0/broadcast_ping/win32) by extensions ['python_setup_py']
[0.301s] Level 1:colcon.colcon_core.package_identification:_identify(src/DynamixelSDK/c#/protocol2.0/broadcast_ping/win32) by extension 'python_setup_py'
[0.301s] Level 1:colcon.colcon_core.package_identification:_identify(src/DynamixelSDK/c#/protocol2.0/broadcast_ping/win32/broadcast_ping) by extensions ['ignore', 'ignore_ament_install']
[0.301s] Level 1:colcon.colcon_core.package_identification:_identify(src/DynamixelSDK/c#/protocol2.0/broadcast_ping/win32/broadcast_ping) by extension 'ignore'
[0.301s] Level 1:colcon.colcon_core.package_identification:_identify(src/DynamixelSDK/c#/protocol2.0/broadcast_ping/win32/broadcast_ping) by extension 'ignore_ament_install'
[0.301s] Level 1:colcon.colcon_core.package_identification:_identify(src/DynamixelSDK/c#/protocol2.0/broadcast_ping/win32/broadcast_ping) by extensions ['colcon_pkg']
[0.301s] Level 1:colcon.colcon_core.package_identification:_identify(src/DynamixelSDK/c#/protocol2.0/broadcast_ping/win32/broadcast_ping) by extension 'colcon_pkg'
[0.301s] Level 1:colcon.colcon_core.package_identification:_identify(src/DynamixelSDK/c#/protocol2.0/broadcast_ping/win32/broadcast_ping) by extensions ['colcon_meta']
[0.301s] Level 1:colcon.colcon_core.package_identification:_identify(src/DynamixelSDK/c#/protocol2.0/broadcast_ping/win32/broadcast_ping) by extension 'colcon_meta'
[0.301s] Level 1:colcon.colcon_core.package_identification:_identify(src/DynamixelSDK/c#/protocol2.0/broadcast_ping/win32/broadcast_ping) by extensions ['ros']
[0.301s] Level 1:colcon.colcon_core.package_identification:_identify(src/DynamixelSDK/c#/protocol2.0/broadcast_ping/win32/broadcast_ping) by extension 'ros'
[0.301s] Level 1:colcon.colcon_core.package_identification:_identify(src/DynamixelSDK/c#/protocol2.0/broadcast_ping/win32/broadcast_ping) by extensions ['cmake', 'python']
[0.301s] Level 1:colcon.colcon_core.package_identification:_identify(src/DynamixelSDK/c#/protocol2.0/broadcast_ping/win32/broadcast_ping) by extension 'cmake'
[0.302s] Level 1:colcon.colcon_core.package_identification:_identify(src/DynamixelSDK/c#/protocol2.0/broadcast_ping/win32/broadcast_ping) by extension 'python'
[0.302s] Level 1:colcon.colcon_core.package_identification:_identify(src/DynamixelSDK/c#/protocol2.0/broadcast_ping/win32/broadcast_ping) by extensions ['python_setup_py']
[0.302s] Level 1:colcon.colcon_core.package_identification:_identify(src/DynamixelSDK/c#/protocol2.0/broadcast_ping/win32/broadcast_ping) by extension 'python_setup_py'
[0.302s] Level 1:colcon.colcon_core.package_identification:_identify(src/DynamixelSDK/c#/protocol2.0/broadcast_ping/win32/broadcast_ping/Properties) by extensions ['ignore', 'ignore_ament_install']
[0.302s] Level 1:colcon.colcon_core.package_identification:_identify(src/DynamixelSDK/c#/protocol2.0/broadcast_ping/win32/broadcast_ping/Properties) by extension 'ignore'
[0.302s] Level 1:colcon.colcon_core.package_identification:_identify(src/DynamixelSDK/c#/protocol2.0/broadcast_ping/win32/broadcast_ping/Properties) by extension 'ignore_ament_install'
[0.302s] Level 1:colcon.colcon_core.package_identification:_identify(src/DynamixelSDK/c#/protocol2.0/broadcast_ping/win32/broadcast_ping/Properties) by extensions ['colcon_pkg']
[0.302s] Level 1:colcon.colcon_core.package_identification:_identify(src/DynamixelSDK/c#/protocol2.0/broadcast_ping/win32/broadcast_ping/Properties) by extension 'colcon_pkg'
[0.302s] Level 1:colcon.colcon_core.package_identification:_identify(src/DynamixelSDK/c#/protocol2.0/broadcast_ping/win32/broadcast_ping/Properties) by extensions ['colcon_meta']
[0.302s] Level 1:colcon.colcon_core.package_identification:_identify(src/DynamixelSDK/c#/protocol2.0/broadcast_ping/win32/broadcast_ping/Properties) by extension 'colcon_meta'
[0.302s] Level 1:colcon.colcon_core.package_identification:_identify(src/DynamixelSDK/c#/protocol2.0/broadcast_ping/win32/broadcast_ping/Properties) by extensions ['ros']
[0.302s] Level 1:colcon.colcon_core.package_identification:_identify(src/DynamixelSDK/c#/protocol2.0/broadcast_ping/win32/broadcast_ping/Properties) by extension 'ros'
[0.302s] Level 1:colcon.colcon_core.package_identification:_identify(src/DynamixelSDK/c#/protocol2.0/broadcast_ping/win32/broadcast_ping/Properties) by extensions ['cmake', 'python']
[0.302s] Level 1:colcon.colcon_core.package_identification:_identify(src/DynamixelSDK/c#/protocol2.0/broadcast_ping/win32/broadcast_ping/Properties) by extension 'cmake'
[0.302s] Level 1:colcon.colcon_core.package_identification:_identify(src/DynamixelSDK/c#/protocol2.0/broadcast_ping/win32/broadcast_ping/Properties) by extension 'python'
[0.302s] Level 1:colcon.colcon_core.package_identification:_identify(src/DynamixelSDK/c#/protocol2.0/broadcast_ping/win32/broadcast_ping/Properties) by extensions ['python_setup_py']
[0.302s] Level 1:colcon.colcon_core.package_identification:_identify(src/DynamixelSDK/c#/protocol2.0/broadcast_ping/win32/broadcast_ping/Properties) by extension 'python_setup_py'
[0.302s] Level 1:colcon.colcon_core.package_identification:_identify(src/DynamixelSDK/c#/protocol2.0/broadcast_ping/win64) by extensions ['ignore', 'ignore_ament_install']
[0.302s] Level 1:colcon.colcon_core.package_identification:_identify(src/DynamixelSDK/c#/protocol2.0/broadcast_ping/win64) by extension 'ignore'
[0.302s] Level 1:colcon.colcon_core.package_identification:_identify(src/DynamixelSDK/c#/protocol2.0/broadcast_ping/win64) by extension 'ignore_ament_install'
[0.303s] Level 1:colcon.colcon_core.package_identification:_identify(src/DynamixelSDK/c#/protocol2.0/broadcast_ping/win64) by extensions ['colcon_pkg']
[0.303s] Level 1:colcon.colcon_core.package_identification:_identify(src/DynamixelSDK/c#/protocol2.0/broadcast_ping/win64) by extension 'colcon_pkg'
[0.303s] Level 1:colcon.colcon_core.package_identification:_identify(src/DynamixelSDK/c#/protocol2.0/broadcast_ping/win64) by extensions ['colcon_meta']
[0.303s] Level 1:colcon.colcon_core.package_identification:_identify(src/DynamixelSDK/c#/protocol2.0/broadcast_ping/win64) by extension 'colcon_meta'
[0.303s] Level 1:colcon.colcon_core.package_identification:_identify(src/DynamixelSDK/c#/protocol2.0/broadcast_ping/win64) by extensions ['ros']
[0.303s] Level 1:colcon.colcon_core.package_identification:_identify(src/DynamixelSDK/c#/protocol2.0/broadcast_ping/win64) by extension 'ros'
[0.303s] Level 1:colcon.colcon_core.package_identification:_identify(src/DynamixelSDK/c#/protocol2.0/broadcast_ping/win64) by extensions ['cmake', 'python']
[0.303s] Level 1:colcon.colcon_core.package_identification:_identify(src/DynamixelSDK/c#/protocol2.0/broadcast_ping/win64) by extension 'cmake'
[0.303s] Level 1:colcon.colcon_core.package_identification:_identify(src/DynamixelSDK/c#/protocol2.0/broadcast_ping/win64) by extension 'python'
[0.303s] Level 1:colcon.colcon_core.package_identification:_identify(src/DynamixelSDK/c#/protocol2.0/broadcast_ping/win64) by extensions ['python_setup_py']
[0.303s] Level 1:colcon.colcon_core.package_identification:_identify(src/DynamixelSDK/c#/protocol2.0/broadcast_ping/win64) by extension 'python_setup_py'
[0.303s] Level 1:colcon.colcon_core.package_identification:_identify(src/DynamixelSDK/c#/protocol2.0/broadcast_ping/win64/broadcast_ping) by extensions ['ignore', 'ignore_ament_install']
[0.303s] Level 1:colcon.colcon_core.package_identification:_identify(src/DynamixelSDK/c#/protocol2.0/broadcast_ping/win64/broadcast_ping) by extension 'ignore'
[0.303s] Level 1:colcon.colcon_core.package_identification:_identify(src/DynamixelSDK/c#/protocol2.0/broadcast_ping/win64/broadcast_ping) by extension 'ignore_ament_install'
[0.303s] Level 1:colcon.colcon_core.package_identification:_identify(src/DynamixelSDK/c#/protocol2.0/broadcast_ping/win64/broadcast_ping) by extensions ['colcon_pkg']
[0.303s] Level 1:colcon.colcon_core.package_identification:_identify(src/DynamixelSDK/c#/protocol2.0/broadcast_ping/win64/broadcast_ping) by extension 'colcon_pkg'
[0.303s] Level 1:colcon.colcon_core.package_identification:_identify(src/DynamixelSDK/c#/protocol2.0/broadcast_ping/win64/broadcast_ping) by extensions ['colcon_meta']
[0.303s] Level 1:colcon.colcon_core.package_identification:_identify(src/DynamixelSDK/c#/protocol2.0/broadcast_ping/win64/broadcast_ping) by extension 'colcon_meta'
[0.303s] Level 1:colcon.colcon_core.package_identification:_identify(src/DynamixelSDK/c#/protocol2.0/broadcast_ping/win64/broadcast_ping) by extensions ['ros']
[0.303s] Level 1:colcon.colcon_core.package_identification:_identify(src/DynamixelSDK/c#/protocol2.0/broadcast_ping/win64/broadcast_ping) by extension 'ros'
[0.303s] Level 1:colcon.colcon_core.package_identification:_identify(src/DynamixelSDK/c#/protocol2.0/broadcast_ping/win64/broadcast_ping) by extensions ['cmake', 'python']
[0.303s] Level 1:colcon.colcon_core.package_identification:_identify(src/DynamixelSDK/c#/protocol2.0/broadcast_ping/win64/broadcast_ping) by extension 'cmake'
[0.303s] Level 1:colcon.colcon_core.package_identification:_identify(src/DynamixelSDK/c#/protocol2.0/broadcast_ping/win64/broadcast_ping) by extension 'python'
[0.303s] Level 1:colcon.colcon_core.package_identification:_identify(src/DynamixelSDK/c#/protocol2.0/broadcast_ping/win64/broadcast_ping) by extensions ['python_setup_py']
[0.303s] Level 1:colcon.colcon_core.package_identification:_identify(src/DynamixelSDK/c#/protocol2.0/broadcast_ping/win64/broadcast_ping) by extension 'python_setup_py'
[0.304s] Level 1:colcon.colcon_core.package_identification:_identify(src/DynamixelSDK/c#/protocol2.0/broadcast_ping/win64/broadcast_ping/Properties) by extensions ['ignore', 'ignore_ament_install']
[0.304s] Level 1:colcon.colcon_core.package_identification:_identify(src/DynamixelSDK/c#/protocol2.0/broadcast_ping/win64/broadcast_ping/Properties) by extension 'ignore'
[0.304s] Level 1:colcon.colcon_core.package_identification:_identify(src/DynamixelSDK/c#/protocol2.0/broadcast_ping/win64/broadcast_ping/Properties) by extension 'ignore_ament_install'
[0.304s] Level 1:colcon.colcon_core.package_identification:_identify(src/DynamixelSDK/c#/protocol2.0/broadcast_ping/win64/broadcast_ping/Properties) by extensions ['colcon_pkg']
[0.304s] Level 1:colcon.colcon_core.package_identification:_identify(src/DynamixelSDK/c#/protocol2.0/broadcast_ping/win64/broadcast_ping/Properties) by extension 'colcon_pkg'
[0.304s] Level 1:colcon.colcon_core.package_identification:_identify(src/DynamixelSDK/c#/protocol2.0/broadcast_ping/win64/broadcast_ping/Properties) by extensions ['colcon_meta']
[0.304s] Level 1:colcon.colcon_core.package_identification:_identify(src/DynamixelSDK/c#/protocol2.0/broadcast_ping/win64/broadcast_ping/Properties) by extension 'colcon_meta'
[0.304s] Level 1:colcon.colcon_core.package_identification:_identify(src/DynamixelSDK/c#/protocol2.0/broadcast_ping/win64/broadcast_ping/Properties) by extensions ['ros']
[0.304s] Level 1:colcon.colcon_core.package_identification:_identify(src/DynamixelSDK/c#/protocol2.0/broadcast_ping/win64/broadcast_ping/Properties) by extension 'ros'
[0.304s] Level 1:colcon.colcon_core.package_identification:_identify(src/DynamixelSDK/c#/protocol2.0/broadcast_ping/win64/broadcast_ping/Properties) by extensions ['cmake', 'python']
[0.304s] Level 1:colcon.colcon_core.package_identification:_identify(src/DynamixelSDK/c#/protocol2.0/broadcast_ping/win64/broadcast_ping/Properties) by extension 'cmake'
[0.304s] Level 1:colcon.colcon_core.package_identification:_identify(src/DynamixelSDK/c#/protocol2.0/broadcast_ping/win64/broadcast_ping/Properties) by extension 'python'
[0.304s] Level 1:colcon.colcon_core.package_identification:_identify(src/DynamixelSDK/c#/protocol2.0/broadcast_ping/win64/broadcast_ping/Properties) by extensions ['python_setup_py']
[0.304s] Level 1:colcon.colcon_core.package_identification:_identify(src/DynamixelSDK/c#/protocol2.0/broadcast_ping/win64/broadcast_ping/Properties) by extension 'python_setup_py'
[0.304s] Level 1:colcon.colcon_core.package_identification:_identify(src/DynamixelSDK/c#/protocol2.0/bulk_read_write) by extensions ['ignore', 'ignore_ament_install']
[0.304s] Level 1:colcon.colcon_core.package_identification:_identify(src/DynamixelSDK/c#/protocol2.0/bulk_read_write) by extension 'ignore'
[0.304s] Level 1:colcon.colcon_core.package_identification:_identify(src/DynamixelSDK/c#/protocol2.0/bulk_read_write) by extension 'ignore_ament_install'
[0.304s] Level 1:colcon.colcon_core.package_identification:_identify(src/DynamixelSDK/c#/protocol2.0/bulk_read_write) by extensions ['colcon_pkg']
[0.304s] Level 1:colcon.colcon_core.package_identification:_identify(src/DynamixelSDK/c#/protocol2.0/bulk_read_write) by extension 'colcon_pkg'
[0.304s] Level 1:colcon.colcon_core.package_identification:_identify(src/DynamixelSDK/c#/protocol2.0/bulk_read_write) by extensions ['colcon_meta']
[0.304s] Level 1:colcon.colcon_core.package_identification:_identify(src/DynamixelSDK/c#/protocol2.0/bulk_read_write) by extension 'colcon_meta'
[0.304s] Level 1:colcon.colcon_core.package_identification:_identify(src/DynamixelSDK/c#/protocol2.0/bulk_read_write) by extensions ['ros']
[0.304s] Level 1:colcon.colcon_core.package_identification:_identify(src/DynamixelSDK/c#/protocol2.0/bulk_read_write) by extension 'ros'
[0.305s] Level 1:colcon.colcon_core.package_identification:_identify(src/DynamixelSDK/c#/protocol2.0/bulk_read_write) by extensions ['cmake', 'python']
[0.305s] Level 1:colcon.colcon_core.package_identification:_identify(src/DynamixelSDK/c#/protocol2.0/bulk_read_write) by extension 'cmake'
[0.305s] Level 1:colcon.colcon_core.package_identification:_identify(src/DynamixelSDK/c#/protocol2.0/bulk_read_write) by extension 'python'
[0.305s] Level 1:colcon.colcon_core.package_identification:_identify(src/DynamixelSDK/c#/protocol2.0/bulk_read_write) by extensions ['python_setup_py']
[0.305s] Level 1:colcon.colcon_core.package_identification:_identify(src/DynamixelSDK/c#/protocol2.0/bulk_read_write) by extension 'python_setup_py'
[0.305s] Level 1:colcon.colcon_core.package_identification:_identify(src/DynamixelSDK/c#/protocol2.0/bulk_read_write/win32) by extensions ['ignore', 'ignore_ament_install']
[0.305s] Level 1:colcon.colcon_core.package_identification:_identify(src/DynamixelSDK/c#/protocol2.0/bulk_read_write/win32) by extension 'ignore'
[0.305s] Level 1:colcon.colcon_core.package_identification:_identify(src/DynamixelSDK/c#/protocol2.0/bulk_read_write/win32) by extension 'ignore_ament_install'
[0.305s] Level 1:colcon.colcon_core.package_identification:_identify(src/DynamixelSDK/c#/protocol2.0/bulk_read_write/win32) by extensions ['colcon_pkg']
[0.305s] Level 1:colcon.colcon_core.package_identification:_identify(src/DynamixelSDK/c#/protocol2.0/bulk_read_write/win32) by extension 'colcon_pkg'
[0.305s] Level 1:colcon.colcon_core.package_identification:_identify(src/DynamixelSDK/c#/protocol2.0/bulk_read_write/win32) by extensions ['colcon_meta']
[0.305s] Level 1:colcon.colcon_core.package_identification:_identify(src/DynamixelSDK/c#/protocol2.0/bulk_read_write/win32) by extension 'colcon_meta'
[0.305s] Level 1:colcon.colcon_core.package_identification:_identify(src/DynamixelSDK/c#/protocol2.0/bulk_read_write/win32) by extensions ['ros']
[0.305s] Level 1:colcon.colcon_core.package_identification:_identify(src/DynamixelSDK/c#/protocol2.0/bulk_read_write/win32) by extension 'ros'
[0.305s] Level 1:colcon.colcon_core.package_identification:_identify(src/DynamixelSDK/c#/protocol2.0/bulk_read_write/win32) by extensions ['cmake', 'python']
[0.305s] Level 1:colcon.colcon_core.package_identification:_identify(src/DynamixelSDK/c#/protocol2.0/bulk_read_write/win32) by extension 'cmake'
[0.305s] Level 1:colcon.colcon_core.package_identification:_identify(src/DynamixelSDK/c#/protocol2.0/bulk_read_write/win32) by extension 'python'
[0.305s] Level 1:colcon.colcon_core.package_identification:_identify(src/DynamixelSDK/c#/protocol2.0/bulk_read_write/win32) by extensions ['python_setup_py']
[0.305s] Level 1:colcon.colcon_core.package_identification:_identify(src/DynamixelSDK/c#/protocol2.0/bulk_read_write/win32) by extension 'python_setup_py'
[0.305s] Level 1:colcon.colcon_core.package_identification:_identify(src/DynamixelSDK/c#/protocol2.0/bulk_read_write/win32/bulk_read_write) by extensions ['ignore', 'ignore_ament_install']
[0.306s] Level 1:colcon.colcon_core.package_identification:_identify(src/DynamixelSDK/c#/protocol2.0/bulk_read_write/win32/bulk_read_write) by extension 'ignore'
[0.306s] Level 1:colcon.colcon_core.package_identification:_identify(src/DynamixelSDK/c#/protocol2.0/bulk_read_write/win32/bulk_read_write) by extension 'ignore_ament_install'
[0.306s] Level 1:colcon.colcon_core.package_identification:_identify(src/DynamixelSDK/c#/protocol2.0/bulk_read_write/win32/bulk_read_write) by extensions ['colcon_pkg']
[0.306s] Level 1:colcon.colcon_core.package_identification:_identify(src/DynamixelSDK/c#/protocol2.0/bulk_read_write/win32/bulk_read_write) by extension 'colcon_pkg'
[0.306s] Level 1:colcon.colcon_core.package_identification:_identify(src/DynamixelSDK/c#/protocol2.0/bulk_read_write/win32/bulk_read_write) by extensions ['colcon_meta']
[0.306s] Level 1:colcon.colcon_core.package_identification:_identify(src/DynamixelSDK/c#/protocol2.0/bulk_read_write/win32/bulk_read_write) by extension 'colcon_meta'
[0.306s] Level 1:colcon.colcon_core.package_identification:_identify(src/DynamixelSDK/c#/protocol2.0/bulk_read_write/win32/bulk_read_write) by extensions ['ros']
[0.306s] Level 1:colcon.colcon_core.package_identification:_identify(src/DynamixelSDK/c#/protocol2.0/bulk_read_write/win32/bulk_read_write) by extension 'ros'
[0.306s] Level 1:colcon.colcon_core.package_identification:_identify(src/DynamixelSDK/c#/protocol2.0/bulk_read_write/win32/bulk_read_write) by extensions ['cmake', 'python']
[0.306s] Level 1:colcon.colcon_core.package_identification:_identify(src/DynamixelSDK/c#/protocol2.0/bulk_read_write/win32/bulk_read_write) by extension 'cmake'
[0.306s] Level 1:colcon.colcon_core.package_identification:_identify(src/DynamixelSDK/c#/protocol2.0/bulk_read_write/win32/bulk_read_write) by extension 'python'
[0.306s] Level 1:colcon.colcon_core.package_identification:_identify(src/DynamixelSDK/c#/protocol2.0/bulk_read_write/win32/bulk_read_write) by extensions ['python_setup_py']
[0.306s] Level 1:colcon.colcon_core.package_identification:_identify(src/DynamixelSDK/c#/protocol2.0/bulk_read_write/win32/bulk_read_write) by extension 'python_setup_py'
[0.306s] Level 1:colcon.colcon_core.package_identification:_identify(src/DynamixelSDK/c#/protocol2.0/bulk_read_write/win32/bulk_read_write/Properties) by extensions ['ignore', 'ignore_ament_install']
[0.306s] Level 1:colcon.colcon_core.package_identification:_identify(src/DynamixelSDK/c#/protocol2.0/bulk_read_write/win32/bulk_read_write/Properties) by extension 'ignore'
[0.306s] Level 1:colcon.colcon_core.package_identification:_identify(src/DynamixelSDK/c#/protocol2.0/bulk_read_write/win32/bulk_read_write/Properties) by extension 'ignore_ament_install'
[0.306s] Level 1:colcon.colcon_core.package_identification:_identify(src/DynamixelSDK/c#/protocol2.0/bulk_read_write/win32/bulk_read_write/Properties) by extensions ['colcon_pkg']
[0.306s] Level 1:colcon.colcon_core.package_identification:_identify(src/DynamixelSDK/c#/protocol2.0/bulk_read_write/win32/bulk_read_write/Properties) by extension 'colcon_pkg'
[0.306s] Level 1:colcon.colcon_core.package_identification:_identify(src/DynamixelSDK/c#/protocol2.0/bulk_read_write/win32/bulk_read_write/Properties) by extensions ['colcon_meta']
[0.306s] Level 1:colcon.colcon_core.package_identification:_identify(src/DynamixelSDK/c#/protocol2.0/bulk_read_write/win32/bulk_read_write/Properties) by extension 'colcon_meta'
[0.306s] Level 1:colcon.colcon_core.package_identification:_identify(src/DynamixelSDK/c#/protocol2.0/bulk_read_write/win32/bulk_read_write/Properties) by extensions ['ros']
[0.306s] Level 1:colcon.colcon_core.package_identification:_identify(src/DynamixelSDK/c#/protocol2.0/bulk_read_write/win32/bulk_read_write/Properties) by extension 'ros'
[0.307s] Level 1:colcon.colcon_core.package_identification:_identify(src/DynamixelSDK/c#/protocol2.0/bulk_read_write/win32/bulk_read_write/Properties) by extensions ['cmake', 'python']
[0.307s] Level 1:colcon.colcon_core.package_identification:_identify(src/DynamixelSDK/c#/protocol2.0/bulk_read_write/win32/bulk_read_write/Properties) by extension 'cmake'
[0.307s] Level 1:colcon.colcon_core.package_identification:_identify(src/DynamixelSDK/c#/protocol2.0/bulk_read_write/win32/bulk_read_write/Properties) by extension 'python'
[0.307s] Level 1:colcon.colcon_core.package_identification:_identify(src/DynamixelSDK/c#/protocol2.0/bulk_read_write/win32/bulk_read_write/Properties) by extensions ['python_setup_py']
[0.307s] Level 1:colcon.colcon_core.package_identification:_identify(src/DynamixelSDK/c#/protocol2.0/bulk_read_write/win32/bulk_read_write/Properties) by extension 'python_setup_py'
[0.307s] Level 1:colcon.colcon_core.package_identification:_identify(src/DynamixelSDK/c#/protocol2.0/bulk_read_write/win64) by extensions ['ignore', 'ignore_ament_install']
[0.307s] Level 1:colcon.colcon_core.package_identification:_identify(src/DynamixelSDK/c#/protocol2.0/bulk_read_write/win64) by extension 'ignore'
[0.307s] Level 1:colcon.colcon_core.package_identification:_identify(src/DynamixelSDK/c#/protocol2.0/bulk_read_write/win64) by extension 'ignore_ament_install'
[0.307s] Level 1:colcon.colcon_core.package_identification:_identify(src/DynamixelSDK/c#/protocol2.0/bulk_read_write/win64) by extensions ['colcon_pkg']
[0.307s] Level 1:colcon.colcon_core.package_identification:_identify(src/DynamixelSDK/c#/protocol2.0/bulk_read_write/win64) by extension 'colcon_pkg'
[0.307s] Level 1:colcon.colcon_core.package_identification:_identify(src/DynamixelSDK/c#/protocol2.0/bulk_read_write/win64) by extensions ['colcon_meta']
[0.307s] Level 1:colcon.colcon_core.package_identification:_identify(src/DynamixelSDK/c#/protocol2.0/bulk_read_write/win64) by extension 'colcon_meta'
[0.307s] Level 1:colcon.colcon_core.package_identification:_identify(src/DynamixelSDK/c#/protocol2.0/bulk_read_write/win64) by extensions ['ros']
[0.307s] Level 1:colcon.colcon_core.package_identification:_identify(src/DynamixelSDK/c#/protocol2.0/bulk_read_write/win64) by extension 'ros'
[0.307s] Level 1:colcon.colcon_core.package_identification:_identify(src/DynamixelSDK/c#/protocol2.0/bulk_read_write/win64) by extensions ['cmake', 'python']
[0.307s] Level 1:colcon.colcon_core.package_identification:_identify(src/DynamixelSDK/c#/protocol2.0/bulk_read_write/win64) by extension 'cmake'
[0.307s] Level 1:colcon.colcon_core.package_identification:_identify(src/DynamixelSDK/c#/protocol2.0/bulk_read_write/win64) by extension 'python'
[0.307s] Level 1:colcon.colcon_core.package_identification:_identify(src/DynamixelSDK/c#/protocol2.0/bulk_read_write/win64) by extensions ['python_setup_py']
[0.307s] Level 1:colcon.colcon_core.package_identification:_identify(src/DynamixelSDK/c#/protocol2.0/bulk_read_write/win64) by extension 'python_setup_py'
[0.307s] Level 1:colcon.colcon_core.package_identification:_identify(src/DynamixelSDK/c#/protocol2.0/bulk_read_write/win64/bulk_read_write) by extensions ['ignore', 'ignore_ament_install']
[0.307s] Level 1:colcon.colcon_core.package_identification:_identify(src/DynamixelSDK/c#/protocol2.0/bulk_read_write/win64/bulk_read_write) by extension 'ignore'
[0.308s] Level 1:colcon.colcon_core.package_identification:_identify(src/DynamixelSDK/c#/protocol2.0/bulk_read_write/win64/bulk_read_write) by extension 'ignore_ament_install'
[0.308s] Level 1:colcon.colcon_core.package_identification:_identify(src/DynamixelSDK/c#/protocol2.0/bulk_read_write/win64/bulk_read_write) by extensions ['colcon_pkg']
[0.308s] Level 1:colcon.colcon_core.package_identification:_identify(src/DynamixelSDK/c#/protocol2.0/bulk_read_write/win64/bulk_read_write) by extension 'colcon_pkg'
[0.308s] Level 1:colcon.colcon_core.package_identification:_identify(src/DynamixelSDK/c#/protocol2.0/bulk_read_write/win64/bulk_read_write) by extensions ['colcon_meta']
[0.308s] Level 1:colcon.colcon_core.package_identification:_identify(src/DynamixelSDK/c#/protocol2.0/bulk_read_write/win64/bulk_read_write) by extension 'colcon_meta'
[0.308s] Level 1:colcon.colcon_core.package_identification:_identify(src/DynamixelSDK/c#/protocol2.0/bulk_read_write/win64/bulk_read_write) by extensions ['ros']
[0.308s] Level 1:colcon.colcon_core.package_identification:_identify(src/DynamixelSDK/c#/protocol2.0/bulk_read_write/win64/bulk_read_write) by extension 'ros'
[0.308s] Level 1:colcon.colcon_core.package_identification:_identify(src/DynamixelSDK/c#/protocol2.0/bulk_read_write/win64/bulk_read_write) by extensions ['cmake', 'python']
[0.308s] Level 1:colcon.colcon_core.package_identification:_identify(src/DynamixelSDK/c#/protocol2.0/bulk_read_write/win64/bulk_read_write) by extension 'cmake'
[0.308s] Level 1:colcon.colcon_core.package_identification:_identify(src/DynamixelSDK/c#/protocol2.0/bulk_read_write/win64/bulk_read_write) by extension 'python'
[0.308s] Level 1:colcon.colcon_core.package_identification:_identify(src/DynamixelSDK/c#/protocol2.0/bulk_read_write/win64/bulk_read_write) by extensions ['python_setup_py']
[0.308s] Level 1:colcon.colcon_core.package_identification:_identify(src/DynamixelSDK/c#/protocol2.0/bulk_read_write/win64/bulk_read_write) by extension 'python_setup_py'
[0.308s] Level 1:colcon.colcon_core.package_identification:_identify(src/DynamixelSDK/c#/protocol2.0/bulk_read_write/win64/bulk_read_write/Properties) by extensions ['ignore', 'ignore_ament_install']
[0.308s] Level 1:colcon.colcon_core.package_identification:_identify(src/DynamixelSDK/c#/protocol2.0/bulk_read_write/win64/bulk_read_write/Properties) by extension 'ignore'
[0.308s] Level 1:colcon.colcon_core.package_identification:_identify(src/DynamixelSDK/c#/protocol2.0/bulk_read_write/win64/bulk_read_write/Properties) by extension 'ignore_ament_install'
[0.308s] Level 1:colcon.colcon_core.package_identification:_identify(src/DynamixelSDK/c#/protocol2.0/bulk_read_write/win64/bulk_read_write/Properties) by extensions ['colcon_pkg']
[0.308s] Level 1:colcon.colcon_core.package_identification:_identify(src/DynamixelSDK/c#/protocol2.0/bulk_read_write/win64/bulk_read_write/Properties) by extension 'colcon_pkg'
[0.308s] Level 1:colcon.colcon_core.package_identification:_identify(src/DynamixelSDK/c#/protocol2.0/bulk_read_write/win64/bulk_read_write/Properties) by extensions ['colcon_meta']
[0.308s] Level 1:colcon.colcon_core.package_identification:_identify(src/DynamixelSDK/c#/protocol2.0/bulk_read_write/win64/bulk_read_write/Properties) by extension 'colcon_meta'
[0.308s] Level 1:colcon.colcon_core.package_identification:_identify(src/DynamixelSDK/c#/protocol2.0/bulk_read_write/win64/bulk_read_write/Properties) by extensions ['ros']
[0.308s] Level 1:colcon.colcon_core.package_identification:_identify(src/DynamixelSDK/c#/protocol2.0/bulk_read_write/win64/bulk_read_write/Properties) by extension 'ros'
[0.308s] Level 1:colcon.colcon_core.package_identification:_identify(src/DynamixelSDK/c#/protocol2.0/bulk_read_write/win64/bulk_read_write/Properties) by extensions ['cmake', 'python']
[0.308s] Level 1:colcon.colcon_core.package_identification:_identify(src/DynamixelSDK/c#/protocol2.0/bulk_read_write/win64/bulk_read_write/Properties) by extension 'cmake'
[0.308s] Level 1:colcon.colcon_core.package_identification:_identify(src/DynamixelSDK/c#/protocol2.0/bulk_read_write/win64/bulk_read_write/Properties) by extension 'python'
[0.308s] Level 1:colcon.colcon_core.package_identification:_identify(src/DynamixelSDK/c#/protocol2.0/bulk_read_write/win64/bulk_read_write/Properties) by extensions ['python_setup_py']
[0.309s] Level 1:colcon.colcon_core.package_identification:_identify(src/DynamixelSDK/c#/protocol2.0/bulk_read_write/win64/bulk_read_write/Properties) by extension 'python_setup_py'
[0.309s] Level 1:colcon.colcon_core.package_identification:_identify(src/DynamixelSDK/c#/protocol2.0/clear_multi_turn) by extensions ['ignore', 'ignore_ament_install']
[0.309s] Level 1:colcon.colcon_core.package_identification:_identify(src/DynamixelSDK/c#/protocol2.0/clear_multi_turn) by extension 'ignore'
[0.309s] Level 1:colcon.colcon_core.package_identification:_identify(src/DynamixelSDK/c#/protocol2.0/clear_multi_turn) by extension 'ignore_ament_install'
[0.309s] Level 1:colcon.colcon_core.package_identification:_identify(src/DynamixelSDK/c#/protocol2.0/clear_multi_turn) by extensions ['colcon_pkg']
[0.309s] Level 1:colcon.colcon_core.package_identification:_identify(src/DynamixelSDK/c#/protocol2.0/clear_multi_turn) by extension 'colcon_pkg'
[0.309s] Level 1:colcon.colcon_core.package_identification:_identify(src/DynamixelSDK/c#/protocol2.0/clear_multi_turn) by extensions ['colcon_meta']
[0.309s] Level 1:colcon.colcon_core.package_identification:_identify(src/DynamixelSDK/c#/protocol2.0/clear_multi_turn) by extension 'colcon_meta'
[0.309s] Level 1:colcon.colcon_core.package_identification:_identify(src/DynamixelSDK/c#/protocol2.0/clear_multi_turn) by extensions ['ros']
[0.309s] Level 1:colcon.colcon_core.package_identification:_identify(src/DynamixelSDK/c#/protocol2.0/clear_multi_turn) by extension 'ros'
[0.309s] Level 1:colcon.colcon_core.package_identification:_identify(src/DynamixelSDK/c#/protocol2.0/clear_multi_turn) by extensions ['cmake', 'python']
[0.309s] Level 1:colcon.colcon_core.package_identification:_identify(src/DynamixelSDK/c#/protocol2.0/clear_multi_turn) by extension 'cmake'
[0.309s] Level 1:colcon.colcon_core.package_identification:_identify(src/DynamixelSDK/c#/protocol2.0/clear_multi_turn) by extension 'python'
[0.309s] Level 1:colcon.colcon_core.package_identification:_identify(src/DynamixelSDK/c#/protocol2.0/clear_multi_turn) by extensions ['python_setup_py']
[0.309s] Level 1:colcon.colcon_core.package_identification:_identify(src/DynamixelSDK/c#/protocol2.0/clear_multi_turn) by extension 'python_setup_py'
[0.309s] Level 1:colcon.colcon_core.package_identification:_identify(src/DynamixelSDK/c#/protocol2.0/clear_multi_turn/win32) by extensions ['ignore', 'ignore_ament_install']
[0.309s] Level 1:colcon.colcon_core.package_identification:_identify(src/DynamixelSDK/c#/protocol2.0/clear_multi_turn/win32) by extension 'ignore'
[0.309s] Level 1:colcon.colcon_core.package_identification:_identify(src/DynamixelSDK/c#/protocol2.0/clear_multi_turn/win32) by extension 'ignore_ament_install'
[0.309s] Level 1:colcon.colcon_core.package_identification:_identify(src/DynamixelSDK/c#/protocol2.0/clear_multi_turn/win32) by extensions ['colcon_pkg']
[0.309s] Level 1:colcon.colcon_core.package_identification:_identify(src/DynamixelSDK/c#/protocol2.0/clear_multi_turn/win32) by extension 'colcon_pkg'
[0.309s] Level 1:colcon.colcon_core.package_identification:_identify(src/DynamixelSDK/c#/protocol2.0/clear_multi_turn/win32) by extensions ['colcon_meta']
[0.309s] Level 1:colcon.colcon_core.package_identification:_identify(src/DynamixelSDK/c#/protocol2.0/clear_multi_turn/win32) by extension 'colcon_meta'
[0.310s] Level 1:colcon.colcon_core.package_identification:_identify(src/DynamixelSDK/c#/protocol2.0/clear_multi_turn/win32) by extensions ['ros']
[0.310s] Level 1:colcon.colcon_core.package_identification:_identify(src/DynamixelSDK/c#/protocol2.0/clear_multi_turn/win32) by extension 'ros'
[0.310s] Level 1:colcon.colcon_core.package_identification:_identify(src/DynamixelSDK/c#/protocol2.0/clear_multi_turn/win32) by extensions ['cmake', 'python']
[0.310s] Level 1:colcon.colcon_core.package_identification:_identify(src/DynamixelSDK/c#/protocol2.0/clear_multi_turn/win32) by extension 'cmake'
[0.310s] Level 1:colcon.colcon_core.package_identification:_identify(src/DynamixelSDK/c#/protocol2.0/clear_multi_turn/win32) by extension 'python'
[0.310s] Level 1:colcon.colcon_core.package_identification:_identify(src/DynamixelSDK/c#/protocol2.0/clear_multi_turn/win32) by extensions ['python_setup_py']
[0.310s] Level 1:colcon.colcon_core.package_identification:_identify(src/DynamixelSDK/c#/protocol2.0/clear_multi_turn/win32) by extension 'python_setup_py'
[0.310s] Level 1:colcon.colcon_core.package_identification:_identify(src/DynamixelSDK/c#/protocol2.0/clear_multi_turn/win32/clear_multi_turn) by extensions ['ignore', 'ignore_ament_install']
[0.310s] Level 1:colcon.colcon_core.package_identification:_identify(src/DynamixelSDK/c#/protocol2.0/clear_multi_turn/win32/clear_multi_turn) by extension 'ignore'
[0.310s] Level 1:colcon.colcon_core.package_identification:_identify(src/DynamixelSDK/c#/protocol2.0/clear_multi_turn/win32/clear_multi_turn) by extension 'ignore_ament_install'
[0.310s] Level 1:colcon.colcon_core.package_identification:_identify(src/DynamixelSDK/c#/protocol2.0/clear_multi_turn/win32/clear_multi_turn) by extensions ['colcon_pkg']
[0.310s] Level 1:colcon.colcon_core.package_identification:_identify(src/DynamixelSDK/c#/protocol2.0/clear_multi_turn/win32/clear_multi_turn) by extension 'colcon_pkg'
[0.310s] Level 1:colcon.colcon_core.package_identification:_identify(src/DynamixelSDK/c#/protocol2.0/clear_multi_turn/win32/clear_multi_turn) by extensions ['colcon_meta']
[0.310s] Level 1:colcon.colcon_core.package_identification:_identify(src/DynamixelSDK/c#/protocol2.0/clear_multi_turn/win32/clear_multi_turn) by extension 'colcon_meta'
[0.310s] Level 1:colcon.colcon_core.package_identification:_identify(src/DynamixelSDK/c#/protocol2.0/clear_multi_turn/win32/clear_multi_turn) by extensions ['ros']
[0.310s] Level 1:colcon.colcon_core.package_identification:_identify(src/DynamixelSDK/c#/protocol2.0/clear_multi_turn/win32/clear_multi_turn) by extension 'ros'
[0.310s] Level 1:colcon.colcon_core.package_identification:_identify(src/DynamixelSDK/c#/protocol2.0/clear_multi_turn/win32/clear_multi_turn) by extensions ['cmake', 'python']
[0.310s] Level 1:colcon.colcon_core.package_identification:_identify(src/DynamixelSDK/c#/protocol2.0/clear_multi_turn/win32/clear_multi_turn) by extension 'cmake'
[0.310s] Level 1:colcon.colcon_core.package_identification:_identify(src/DynamixelSDK/c#/protocol2.0/clear_multi_turn/win32/clear_multi_turn) by extension 'python'
[0.310s] Level 1:colcon.colcon_core.package_identification:_identify(src/DynamixelSDK/c#/protocol2.0/clear_multi_turn/win32/clear_multi_turn) by extensions ['python_setup_py']
[0.310s] Level 1:colcon.colcon_core.package_identification:_identify(src/DynamixelSDK/c#/protocol2.0/clear_multi_turn/win32/clear_multi_turn) by extension 'python_setup_py'
[0.311s] Level 1:colcon.colcon_core.package_identification:_identify(src/DynamixelSDK/c#/protocol2.0/clear_multi_turn/win32/clear_multi_turn/Properties) by extensions ['ignore', 'ignore_ament_install']
[0.311s] Level 1:colcon.colcon_core.package_identification:_identify(src/DynamixelSDK/c#/protocol2.0/clear_multi_turn/win32/clear_multi_turn/Properties) by extension 'ignore'
[0.311s] Level 1:colcon.colcon_core.package_identification:_identify(src/DynamixelSDK/c#/protocol2.0/clear_multi_turn/win32/clear_multi_turn/Properties) by extension 'ignore_ament_install'
[0.311s] Level 1:colcon.colcon_core.package_identification:_identify(src/DynamixelSDK/c#/protocol2.0/clear_multi_turn/win32/clear_multi_turn/Properties) by extensions ['colcon_pkg']
[0.311s] Level 1:colcon.colcon_core.package_identification:_identify(src/DynamixelSDK/c#/protocol2.0/clear_multi_turn/win32/clear_multi_turn/Properties) by extension 'colcon_pkg'
[0.311s] Level 1:colcon.colcon_core.package_identification:_identify(src/DynamixelSDK/c#/protocol2.0/clear_multi_turn/win32/clear_multi_turn/Properties) by extensions ['colcon_meta']
[0.311s] Level 1:colcon.colcon_core.package_identification:_identify(src/DynamixelSDK/c#/protocol2.0/clear_multi_turn/win32/clear_multi_turn/Properties) by extension 'colcon_meta'
[0.311s] Level 1:colcon.colcon_core.package_identification:_identify(src/DynamixelSDK/c#/protocol2.0/clear_multi_turn/win32/clear_multi_turn/Properties) by extensions ['ros']
[0.311s] Level 1:colcon.colcon_core.package_identification:_identify(src/DynamixelSDK/c#/protocol2.0/clear_multi_turn/win32/clear_multi_turn/Properties) by extension 'ros'
[0.311s] Level 1:colcon.colcon_core.package_identification:_identify(src/DynamixelSDK/c#/protocol2.0/clear_multi_turn/win32/clear_multi_turn/Properties) by extensions ['cmake', 'python']
[0.311s] Level 1:colcon.colcon_core.package_identification:_identify(src/DynamixelSDK/c#/protocol2.0/clear_multi_turn/win32/clear_multi_turn/Properties) by extension 'cmake'
[0.311s] Level 1:colcon.colcon_core.package_identification:_identify(src/DynamixelSDK/c#/protocol2.0/clear_multi_turn/win32/clear_multi_turn/Properties) by extension 'python'
[0.311s] Level 1:colcon.colcon_core.package_identification:_identify(src/DynamixelSDK/c#/protocol2.0/clear_multi_turn/win32/clear_multi_turn/Properties) by extensions ['python_setup_py']
[0.311s] Level 1:colcon.colcon_core.package_identification:_identify(src/DynamixelSDK/c#/protocol2.0/clear_multi_turn/win32/clear_multi_turn/Properties) by extension 'python_setup_py'
[0.311s] Level 1:colcon.colcon_core.package_identification:_identify(src/DynamixelSDK/c#/protocol2.0/clear_multi_turn/win64) by extensions ['ignore', 'ignore_ament_install']
[0.311s] Level 1:colcon.colcon_core.package_identification:_identify(src/DynamixelSDK/c#/protocol2.0/clear_multi_turn/win64) by extension 'ignore'
[0.311s] Level 1:colcon.colcon_core.package_identification:_identify(src/DynamixelSDK/c#/protocol2.0/clear_multi_turn/win64) by extension 'ignore_ament_install'
[0.311s] Level 1:colcon.colcon_core.package_identification:_identify(src/DynamixelSDK/c#/protocol2.0/clear_multi_turn/win64) by extensions ['colcon_pkg']
[0.311s] Level 1:colcon.colcon_core.package_identification:_identify(src/DynamixelSDK/c#/protocol2.0/clear_multi_turn/win64) by extension 'colcon_pkg'
[0.311s] Level 1:colcon.colcon_core.package_identification:_identify(src/DynamixelSDK/c#/protocol2.0/clear_multi_turn/win64) by extensions ['colcon_meta']
[0.311s] Level 1:colcon.colcon_core.package_identification:_identify(src/DynamixelSDK/c#/protocol2.0/clear_multi_turn/win64) by extension 'colcon_meta'
[0.311s] Level 1:colcon.colcon_core.package_identification:_identify(src/DynamixelSDK/c#/protocol2.0/clear_multi_turn/win64) by extensions ['ros']
[0.311s] Level 1:colcon.colcon_core.package_identification:_identify(src/DynamixelSDK/c#/protocol2.0/clear_multi_turn/win64) by extension 'ros'
[0.312s] Level 1:colcon.colcon_core.package_identification:_identify(src/DynamixelSDK/c#/protocol2.0/clear_multi_turn/win64) by extensions ['cmake', 'python']
[0.312s] Level 1:colcon.colcon_core.package_identification:_identify(src/DynamixelSDK/c#/protocol2.0/clear_multi_turn/win64) by extension 'cmake'
[0.312s] Level 1:colcon.colcon_core.package_identification:_identify(src/DynamixelSDK/c#/protocol2.0/clear_multi_turn/win64) by extension 'python'
[0.312s] Level 1:colcon.colcon_core.package_identification:_identify(src/DynamixelSDK/c#/protocol2.0/clear_multi_turn/win64) by extensions ['python_setup_py']
[0.312s] Level 1:colcon.colcon_core.package_identification:_identify(src/DynamixelSDK/c#/protocol2.0/clear_multi_turn/win64) by extension 'python_setup_py'
[0.312s] Level 1:colcon.colcon_core.package_identification:_identify(src/DynamixelSDK/c#/protocol2.0/clear_multi_turn/win64/clear_multi_turn) by extensions ['ignore', 'ignore_ament_install']
[0.312s] Level 1:colcon.colcon_core.package_identification:_identify(src/DynamixelSDK/c#/protocol2.0/clear_multi_turn/win64/clear_multi_turn) by extension 'ignore'
[0.312s] Level 1:colcon.colcon_core.package_identification:_identify(src/DynamixelSDK/c#/protocol2.0/clear_multi_turn/win64/clear_multi_turn) by extension 'ignore_ament_install'
[0.312s] Level 1:colcon.colcon_core.package_identification:_identify(src/DynamixelSDK/c#/protocol2.0/clear_multi_turn/win64/clear_multi_turn) by extensions ['colcon_pkg']
[0.312s] Level 1:colcon.colcon_core.package_identification:_identify(src/DynamixelSDK/c#/protocol2.0/clear_multi_turn/win64/clear_multi_turn) by extension 'colcon_pkg'
[0.312s] Level 1:colcon.colcon_core.package_identification:_identify(src/DynamixelSDK/c#/protocol2.0/clear_multi_turn/win64/clear_multi_turn) by extensions ['colcon_meta']
[0.312s] Level 1:colcon.colcon_core.package_identification:_identify(src/DynamixelSDK/c#/protocol2.0/clear_multi_turn/win64/clear_multi_turn) by extension 'colcon_meta'
[0.312s] Level 1:colcon.colcon_core.package_identification:_identify(src/DynamixelSDK/c#/protocol2.0/clear_multi_turn/win64/clear_multi_turn) by extensions ['ros']
[0.312s] Level 1:colcon.colcon_core.package_identification:_identify(src/DynamixelSDK/c#/protocol2.0/clear_multi_turn/win64/clear_multi_turn) by extension 'ros'
[0.312s] Level 1:colcon.colcon_core.package_identification:_identify(src/DynamixelSDK/c#/protocol2.0/clear_multi_turn/win64/clear_multi_turn) by extensions ['cmake', 'python']
[0.312s] Level 1:colcon.colcon_core.package_identification:_identify(src/DynamixelSDK/c#/protocol2.0/clear_multi_turn/win64/clear_multi_turn) by extension 'cmake'
[0.312s] Level 1:colcon.colcon_core.package_identification:_identify(src/DynamixelSDK/c#/protocol2.0/clear_multi_turn/win64/clear_multi_turn) by extension 'python'
[0.312s] Level 1:colcon.colcon_core.package_identification:_identify(src/DynamixelSDK/c#/protocol2.0/clear_multi_turn/win64/clear_multi_turn) by extensions ['python_setup_py']
[0.312s] Level 1:colcon.colcon_core.package_identification:_identify(src/DynamixelSDK/c#/protocol2.0/clear_multi_turn/win64/clear_multi_turn) by extension 'python_setup_py'
[0.312s] Level 1:colcon.colcon_core.package_identification:_identify(src/DynamixelSDK/c#/protocol2.0/clear_multi_turn/win64/clear_multi_turn/Properties) by extensions ['ignore', 'ignore_ament_install']
[0.312s] Level 1:colcon.colcon_core.package_identification:_identify(src/DynamixelSDK/c#/protocol2.0/clear_multi_turn/win64/clear_multi_turn/Properties) by extension 'ignore'
[0.313s] Level 1:colcon.colcon_core.package_identification:_identify(src/DynamixelSDK/c#/protocol2.0/clear_multi_turn/win64/clear_multi_turn/Properties) by extension 'ignore_ament_install'
[0.313s] Level 1:colcon.colcon_core.package_identification:_identify(src/DynamixelSDK/c#/protocol2.0/clear_multi_turn/win64/clear_multi_turn/Properties) by extensions ['colcon_pkg']
[0.313s] Level 1:colcon.colcon_core.package_identification:_identify(src/DynamixelSDK/c#/protocol2.0/clear_multi_turn/win64/clear_multi_turn/Properties) by extension 'colcon_pkg'
[0.313s] Level 1:colcon.colcon_core.package_identification:_identify(src/DynamixelSDK/c#/protocol2.0/clear_multi_turn/win64/clear_multi_turn/Properties) by extensions ['colcon_meta']
[0.313s] Level 1:colcon.colcon_core.package_identification:_identify(src/DynamixelSDK/c#/protocol2.0/clear_multi_turn/win64/clear_multi_turn/Properties) by extension 'colcon_meta'
[0.313s] Level 1:colcon.colcon_core.package_identification:_identify(src/DynamixelSDK/c#/protocol2.0/clear_multi_turn/win64/clear_multi_turn/Properties) by extensions ['ros']
[0.313s] Level 1:colcon.colcon_core.package_identification:_identify(src/DynamixelSDK/c#/protocol2.0/clear_multi_turn/win64/clear_multi_turn/Properties) by extension 'ros'
[0.313s] Level 1:colcon.colcon_core.package_identification:_identify(src/DynamixelSDK/c#/protocol2.0/clear_multi_turn/win64/clear_multi_turn/Properties) by extensions ['cmake', 'python']
[0.313s] Level 1:colcon.colcon_core.package_identification:_identify(src/DynamixelSDK/c#/protocol2.0/clear_multi_turn/win64/clear_multi_turn/Properties) by extension 'cmake'
[0.313s] Level 1:colcon.colcon_core.package_identification:_identify(src/DynamixelSDK/c#/protocol2.0/clear_multi_turn/win64/clear_multi_turn/Properties) by extension 'python'
[0.313s] Level 1:colcon.colcon_core.package_identification:_identify(src/DynamixelSDK/c#/protocol2.0/clear_multi_turn/win64/clear_multi_turn/Properties) by extensions ['python_setup_py']
[0.313s] Level 1:colcon.colcon_core.package_identification:_identify(src/DynamixelSDK/c#/protocol2.0/clear_multi_turn/win64/clear_multi_turn/Properties) by extension 'python_setup_py'
[0.313s] Level 1:colcon.colcon_core.package_identification:_identify(src/DynamixelSDK/c#/protocol2.0/factory_reset) by extensions ['ignore', 'ignore_ament_install']
[0.313s] Level 1:colcon.colcon_core.package_identification:_identify(src/DynamixelSDK/c#/protocol2.0/factory_reset) by extension 'ignore'
[0.313s] Level 1:colcon.colcon_core.package_identification:_identify(src/DynamixelSDK/c#/protocol2.0/factory_reset) by extension 'ignore_ament_install'
[0.313s] Level 1:colcon.colcon_core.package_identification:_identify(src/DynamixelSDK/c#/protocol2.0/factory_reset) by extensions ['colcon_pkg']
[0.313s] Level 1:colcon.colcon_core.package_identification:_identify(src/DynamixelSDK/c#/protocol2.0/factory_reset) by extension 'colcon_pkg'
[0.313s] Level 1:colcon.colcon_core.package_identification:_identify(src/DynamixelSDK/c#/protocol2.0/factory_reset) by extensions ['colcon_meta']
[0.313s] Level 1:colcon.colcon_core.package_identification:_identify(src/DynamixelSDK/c#/protocol2.0/factory_reset) by extension 'colcon_meta'
[0.313s] Level 1:colcon.colcon_core.package_identification:_identify(src/DynamixelSDK/c#/protocol2.0/factory_reset) by extensions ['ros']
[0.313s] Level 1:colcon.colcon_core.package_identification:_identify(src/DynamixelSDK/c#/protocol2.0/factory_reset) by extension 'ros'
[0.313s] Level 1:colcon.colcon_core.package_identification:_identify(src/DynamixelSDK/c#/protocol2.0/factory_reset) by extensions ['cmake', 'python']
[0.313s] Level 1:colcon.colcon_core.package_identification:_identify(src/DynamixelSDK/c#/protocol2.0/factory_reset) by extension 'cmake'
[0.313s] Level 1:colcon.colcon_core.package_identification:_identify(src/DynamixelSDK/c#/protocol2.0/factory_reset) by extension 'python'
[0.313s] Level 1:colcon.colcon_core.package_identification:_identify(src/DynamixelSDK/c#/protocol2.0/factory_reset) by extensions ['python_setup_py']
[0.313s] Level 1:colcon.colcon_core.package_identification:_identify(src/DynamixelSDK/c#/protocol2.0/factory_reset) by extension 'python_setup_py'
[0.314s] Level 1:colcon.colcon_core.package_identification:_identify(src/DynamixelSDK/c#/protocol2.0/factory_reset/win32) by extensions ['ignore', 'ignore_ament_install']
[0.314s] Level 1:colcon.colcon_core.package_identification:_identify(src/DynamixelSDK/c#/protocol2.0/factory_reset/win32) by extension 'ignore'
[0.314s] Level 1:colcon.colcon_core.package_identification:_identify(src/DynamixelSDK/c#/protocol2.0/factory_reset/win32) by extension 'ignore_ament_install'
[0.314s] Level 1:colcon.colcon_core.package_identification:_identify(src/DynamixelSDK/c#/protocol2.0/factory_reset/win32) by extensions ['colcon_pkg']
[0.314s] Level 1:colcon.colcon_core.package_identification:_identify(src/DynamixelSDK/c#/protocol2.0/factory_reset/win32) by extension 'colcon_pkg'
[0.314s] Level 1:colcon.colcon_core.package_identification:_identify(src/DynamixelSDK/c#/protocol2.0/factory_reset/win32) by extensions ['colcon_meta']
[0.314s] Level 1:colcon.colcon_core.package_identification:_identify(src/DynamixelSDK/c#/protocol2.0/factory_reset/win32) by extension 'colcon_meta'
[0.314s] Level 1:colcon.colcon_core.package_identification:_identify(src/DynamixelSDK/c#/protocol2.0/factory_reset/win32) by extensions ['ros']
[0.314s] Level 1:colcon.colcon_core.package_identification:_identify(src/DynamixelSDK/c#/protocol2.0/factory_reset/win32) by extension 'ros'
[0.314s] Level 1:colcon.colcon_core.package_identification:_identify(src/DynamixelSDK/c#/protocol2.0/factory_reset/win32) by extensions ['cmake', 'python']
[0.314s] Level 1:colcon.colcon_core.package_identification:_identify(src/DynamixelSDK/c#/protocol2.0/factory_reset/win32) by extension 'cmake'
[0.314s] Level 1:colcon.colcon_core.package_identification:_identify(src/DynamixelSDK/c#/protocol2.0/factory_reset/win32) by extension 'python'
[0.314s] Level 1:colcon.colcon_core.package_identification:_identify(src/DynamixelSDK/c#/protocol2.0/factory_reset/win32) by extensions ['python_setup_py']
[0.314s] Level 1:colcon.colcon_core.package_identification:_identify(src/DynamixelSDK/c#/protocol2.0/factory_reset/win32) by extension 'python_setup_py'
[0.314s] Level 1:colcon.colcon_core.package_identification:_identify(src/DynamixelSDK/c#/protocol2.0/factory_reset/win32/factory_reset) by extensions ['ignore', 'ignore_ament_install']
[0.314s] Level 1:colcon.colcon_core.package_identification:_identify(src/DynamixelSDK/c#/protocol2.0/factory_reset/win32/factory_reset) by extension 'ignore'
[0.314s] Level 1:colcon.colcon_core.package_identification:_identify(src/DynamixelSDK/c#/protocol2.0/factory_reset/win32/factory_reset) by extension 'ignore_ament_install'
[0.314s] Level 1:colcon.colcon_core.package_identification:_identify(src/DynamixelSDK/c#/protocol2.0/factory_reset/win32/factory_reset) by extensions ['colcon_pkg']
[0.314s] Level 1:colcon.colcon_core.package_identification:_identify(src/DynamixelSDK/c#/protocol2.0/factory_reset/win32/factory_reset) by extension 'colcon_pkg'
[0.314s] Level 1:colcon.colcon_core.package_identification:_identify(src/DynamixelSDK/c#/protocol2.0/factory_reset/win32/factory_reset) by extensions ['colcon_meta']
[0.314s] Level 1:colcon.colcon_core.package_identification:_identify(src/DynamixelSDK/c#/protocol2.0/factory_reset/win32/factory_reset) by extension 'colcon_meta'
[0.315s] Level 1:colcon.colcon_core.package_identification:_identify(src/DynamixelSDK/c#/protocol2.0/factory_reset/win32/factory_reset) by extensions ['ros']
[0.315s] Level 1:colcon.colcon_core.package_identification:_identify(src/DynamixelSDK/c#/protocol2.0/factory_reset/win32/factory_reset) by extension 'ros'
[0.315s] Level 1:colcon.colcon_core.package_identification:_identify(src/DynamixelSDK/c#/protocol2.0/factory_reset/win32/factory_reset) by extensions ['cmake', 'python']
[0.315s] Level 1:colcon.colcon_core.package_identification:_identify(src/DynamixelSDK/c#/protocol2.0/factory_reset/win32/factory_reset) by extension 'cmake'
[0.315s] Level 1:colcon.colcon_core.package_identification:_identify(src/DynamixelSDK/c#/protocol2.0/factory_reset/win32/factory_reset) by extension 'python'
[0.315s] Level 1:colcon.colcon_core.package_identification:_identify(src/DynamixelSDK/c#/protocol2.0/factory_reset/win32/factory_reset) by extensions ['python_setup_py']
[0.315s] Level 1:colcon.colcon_core.package_identification:_identify(src/DynamixelSDK/c#/protocol2.0/factory_reset/win32/factory_reset) by extension 'python_setup_py'
[0.315s] Level 1:colcon.colcon_core.package_identification:_identify(src/DynamixelSDK/c#/protocol2.0/factory_reset/win32/factory_reset/Properties) by extensions ['ignore', 'ignore_ament_install']
[0.315s] Level 1:colcon.colcon_core.package_identification:_identify(src/DynamixelSDK/c#/protocol2.0/factory_reset/win32/factory_reset/Properties) by extension 'ignore'
[0.315s] Level 1:colcon.colcon_core.package_identification:_identify(src/DynamixelSDK/c#/protocol2.0/factory_reset/win32/factory_reset/Properties) by extension 'ignore_ament_install'
[0.315s] Level 1:colcon.colcon_core.package_identification:_identify(src/DynamixelSDK/c#/protocol2.0/factory_reset/win32/factory_reset/Properties) by extensions ['colcon_pkg']
[0.315s] Level 1:colcon.colcon_core.package_identification:_identify(src/DynamixelSDK/c#/protocol2.0/factory_reset/win32/factory_reset/Properties) by extension 'colcon_pkg'
[0.315s] Level 1:colcon.colcon_core.package_identification:_identify(src/DynamixelSDK/c#/protocol2.0/factory_reset/win32/factory_reset/Properties) by extensions ['colcon_meta']
[0.315s] Level 1:colcon.colcon_core.package_identification:_identify(src/DynamixelSDK/c#/protocol2.0/factory_reset/win32/factory_reset/Properties) by extension 'colcon_meta'
[0.315s] Level 1:colcon.colcon_core.package_identification:_identify(src/DynamixelSDK/c#/protocol2.0/factory_reset/win32/factory_reset/Properties) by extensions ['ros']
[0.315s] Level 1:colcon.colcon_core.package_identification:_identify(src/DynamixelSDK/c#/protocol2.0/factory_reset/win32/factory_reset/Properties) by extension 'ros'
[0.315s] Level 1:colcon.colcon_core.package_identification:_identify(src/DynamixelSDK/c#/protocol2.0/factory_reset/win32/factory_reset/Properties) by extensions ['cmake', 'python']
[0.315s] Level 1:colcon.colcon_core.package_identification:_identify(src/DynamixelSDK/c#/protocol2.0/factory_reset/win32/factory_reset/Properties) by extension 'cmake'
[0.315s] Level 1:colcon.colcon_core.package_identification:_identify(src/DynamixelSDK/c#/protocol2.0/factory_reset/win32/factory_reset/Properties) by extension 'python'
[0.315s] Level 1:colcon.colcon_core.package_identification:_identify(src/DynamixelSDK/c#/protocol2.0/factory_reset/win32/factory_reset/Properties) by extensions ['python_setup_py']
[0.315s] Level 1:colcon.colcon_core.package_identification:_identify(src/DynamixelSDK/c#/protocol2.0/factory_reset/win32/factory_reset/Properties) by extension 'python_setup_py'
[0.316s] Level 1:colcon.colcon_core.package_identification:_identify(src/DynamixelSDK/c#/protocol2.0/factory_reset/win64) by extensions ['ignore', 'ignore_ament_install']
[0.316s] Level 1:colcon.colcon_core.package_identification:_identify(src/DynamixelSDK/c#/protocol2.0/factory_reset/win64) by extension 'ignore'
[0.316s] Level 1:colcon.colcon_core.package_identification:_identify(src/DynamixelSDK/c#/protocol2.0/factory_reset/win64) by extension 'ignore_ament_install'
[0.316s] Level 1:colcon.colcon_core.package_identification:_identify(src/DynamixelSDK/c#/protocol2.0/factory_reset/win64) by extensions ['colcon_pkg']
[0.316s] Level 1:colcon.colcon_core.package_identification:_identify(src/DynamixelSDK/c#/protocol2.0/factory_reset/win64) by extension 'colcon_pkg'
[0.316s] Level 1:colcon.colcon_core.package_identification:_identify(src/DynamixelSDK/c#/protocol2.0/factory_reset/win64) by extensions ['colcon_meta']
[0.316s] Level 1:colcon.colcon_core.package_identification:_identify(src/DynamixelSDK/c#/protocol2.0/factory_reset/win64) by extension 'colcon_meta'
[0.316s] Level 1:colcon.colcon_core.package_identification:_identify(src/DynamixelSDK/c#/protocol2.0/factory_reset/win64) by extensions ['ros']
[0.316s] Level 1:colcon.colcon_core.package_identification:_identify(src/DynamixelSDK/c#/protocol2.0/factory_reset/win64) by extension 'ros'
[0.316s] Level 1:colcon.colcon_core.package_identification:_identify(src/DynamixelSDK/c#/protocol2.0/factory_reset/win64) by extensions ['cmake', 'python']
[0.316s] Level 1:colcon.colcon_core.package_identification:_identify(src/DynamixelSDK/c#/protocol2.0/factory_reset/win64) by extension 'cmake'
[0.316s] Level 1:colcon.colcon_core.package_identification:_identify(src/DynamixelSDK/c#/protocol2.0/factory_reset/win64) by extension 'python'
[0.316s] Level 1:colcon.colcon_core.package_identification:_identify(src/DynamixelSDK/c#/protocol2.0/factory_reset/win64) by extensions ['python_setup_py']
[0.316s] Level 1:colcon.colcon_core.package_identification:_identify(src/DynamixelSDK/c#/protocol2.0/factory_reset/win64) by extension 'python_setup_py'
[0.316s] Level 1:colcon.colcon_core.package_identification:_identify(src/DynamixelSDK/c#/protocol2.0/factory_reset/win64/factory_reset) by extensions ['ignore', 'ignore_ament_install']
[0.316s] Level 1:colcon.colcon_core.package_identification:_identify(src/DynamixelSDK/c#/protocol2.0/factory_reset/win64/factory_reset) by extension 'ignore'
[0.316s] Level 1:colcon.colcon_core.package_identification:_identify(src/DynamixelSDK/c#/protocol2.0/factory_reset/win64/factory_reset) by extension 'ignore_ament_install'
[0.316s] Level 1:colcon.colcon_core.package_identification:_identify(src/DynamixelSDK/c#/protocol2.0/factory_reset/win64/factory_reset) by extensions ['colcon_pkg']
[0.316s] Level 1:colcon.colcon_core.package_identification:_identify(src/DynamixelSDK/c#/protocol2.0/factory_reset/win64/factory_reset) by extension 'colcon_pkg'
[0.316s] Level 1:colcon.colcon_core.package_identification:_identify(src/DynamixelSDK/c#/protocol2.0/factory_reset/win64/factory_reset) by extensions ['colcon_meta']
[0.316s] Level 1:colcon.colcon_core.package_identification:_identify(src/DynamixelSDK/c#/protocol2.0/factory_reset/win64/factory_reset) by extension 'colcon_meta'
[0.316s] Level 1:colcon.colcon_core.package_identification:_identify(src/DynamixelSDK/c#/protocol2.0/factory_reset/win64/factory_reset) by extensions ['ros']
[0.316s] Level 1:colcon.colcon_core.package_identification:_identify(src/DynamixelSDK/c#/protocol2.0/factory_reset/win64/factory_reset) by extension 'ros'
[0.316s] Level 1:colcon.colcon_core.package_identification:_identify(src/DynamixelSDK/c#/protocol2.0/factory_reset/win64/factory_reset) by extensions ['cmake', 'python']
[0.317s] Level 1:colcon.colcon_core.package_identification:_identify(src/DynamixelSDK/c#/protocol2.0/factory_reset/win64/factory_reset) by extension 'cmake'
[0.317s] Level 1:colcon.colcon_core.package_identification:_identify(src/DynamixelSDK/c#/protocol2.0/factory_reset/win64/factory_reset) by extension 'python'
[0.317s] Level 1:colcon.colcon_core.package_identification:_identify(src/DynamixelSDK/c#/protocol2.0/factory_reset/win64/factory_reset) by extensions ['python_setup_py']
[0.317s] Level 1:colcon.colcon_core.package_identification:_identify(src/DynamixelSDK/c#/protocol2.0/factory_reset/win64/factory_reset) by extension 'python_setup_py'
[0.317s] Level 1:colcon.colcon_core.package_identification:_identify(src/DynamixelSDK/c#/protocol2.0/factory_reset/win64/factory_reset/Properties) by extensions ['ignore', 'ignore_ament_install']
[0.317s] Level 1:colcon.colcon_core.package_identification:_identify(src/DynamixelSDK/c#/protocol2.0/factory_reset/win64/factory_reset/Properties) by extension 'ignore'
[0.317s] Level 1:colcon.colcon_core.package_identification:_identify(src/DynamixelSDK/c#/protocol2.0/factory_reset/win64/factory_reset/Properties) by extension 'ignore_ament_install'
[0.317s] Level 1:colcon.colcon_core.package_identification:_identify(src/DynamixelSDK/c#/protocol2.0/factory_reset/win64/factory_reset/Properties) by extensions ['colcon_pkg']
[0.317s] Level 1:colcon.colcon_core.package_identification:_identify(src/DynamixelSDK/c#/protocol2.0/factory_reset/win64/factory_reset/Properties) by extension 'colcon_pkg'
[0.317s] Level 1:colcon.colcon_core.package_identification:_identify(src/DynamixelSDK/c#/protocol2.0/factory_reset/win64/factory_reset/Properties) by extensions ['colcon_meta']
[0.317s] Level 1:colcon.colcon_core.package_identification:_identify(src/DynamixelSDK/c#/protocol2.0/factory_reset/win64/factory_reset/Properties) by extension 'colcon_meta'
[0.317s] Level 1:colcon.colcon_core.package_identification:_identify(src/DynamixelSDK/c#/protocol2.0/factory_reset/win64/factory_reset/Properties) by extensions ['ros']
[0.317s] Level 1:colcon.colcon_core.package_identification:_identify(src/DynamixelSDK/c#/protocol2.0/factory_reset/win64/factory_reset/Properties) by extension 'ros'
[0.317s] Level 1:colcon.colcon_core.package_identification:_identify(src/DynamixelSDK/c#/protocol2.0/factory_reset/win64/factory_reset/Properties) by extensions ['cmake', 'python']
[0.317s] Level 1:colcon.colcon_core.package_identification:_identify(src/DynamixelSDK/c#/protocol2.0/factory_reset/win64/factory_reset/Properties) by extension 'cmake'
[0.317s] Level 1:colcon.colcon_core.package_identification:_identify(src/DynamixelSDK/c#/protocol2.0/factory_reset/win64/factory_reset/Properties) by extension 'python'
[0.317s] Level 1:colcon.colcon_core.package_identification:_identify(src/DynamixelSDK/c#/protocol2.0/factory_reset/win64/factory_reset/Properties) by extensions ['python_setup_py']
[0.317s] Level 1:colcon.colcon_core.package_identification:_identify(src/DynamixelSDK/c#/protocol2.0/factory_reset/win64/factory_reset/Properties) by extension 'python_setup_py'
[0.317s] Level 1:colcon.colcon_core.package_identification:_identify(src/DynamixelSDK/c#/protocol2.0/indirect_address) by extensions ['ignore', 'ignore_ament_install']
[0.317s] Level 1:colcon.colcon_core.package_identification:_identify(src/DynamixelSDK/c#/protocol2.0/indirect_address) by extension 'ignore'
[0.317s] Level 1:colcon.colcon_core.package_identification:_identify(src/DynamixelSDK/c#/protocol2.0/indirect_address) by extension 'ignore_ament_install'
[0.318s] Level 1:colcon.colcon_core.package_identification:_identify(src/DynamixelSDK/c#/protocol2.0/indirect_address) by extensions ['colcon_pkg']
[0.318s] Level 1:colcon.colcon_core.package_identification:_identify(src/DynamixelSDK/c#/protocol2.0/indirect_address) by extension 'colcon_pkg'
[0.318s] Level 1:colcon.colcon_core.package_identification:_identify(src/DynamixelSDK/c#/protocol2.0/indirect_address) by extensions ['colcon_meta']
[0.318s] Level 1:colcon.colcon_core.package_identification:_identify(src/DynamixelSDK/c#/protocol2.0/indirect_address) by extension 'colcon_meta'
[0.318s] Level 1:colcon.colcon_core.package_identification:_identify(src/DynamixelSDK/c#/protocol2.0/indirect_address) by extensions ['ros']
[0.318s] Level 1:colcon.colcon_core.package_identification:_identify(src/DynamixelSDK/c#/protocol2.0/indirect_address) by extension 'ros'
[0.318s] Level 1:colcon.colcon_core.package_identification:_identify(src/DynamixelSDK/c#/protocol2.0/indirect_address) by extensions ['cmake', 'python']
[0.318s] Level 1:colcon.colcon_core.package_identification:_identify(src/DynamixelSDK/c#/protocol2.0/indirect_address) by extension 'cmake'
[0.318s] Level 1:colcon.colcon_core.package_identification:_identify(src/DynamixelSDK/c#/protocol2.0/indirect_address) by extension 'python'
[0.318s] Level 1:colcon.colcon_core.package_identification:_identify(src/DynamixelSDK/c#/protocol2.0/indirect_address) by extensions ['python_setup_py']
[0.318s] Level 1:colcon.colcon_core.package_identification:_identify(src/DynamixelSDK/c#/protocol2.0/indirect_address) by extension 'python_setup_py'
[0.318s] Level 1:colcon.colcon_core.package_identification:_identify(src/DynamixelSDK/c#/protocol2.0/indirect_address/win32) by extensions ['ignore', 'ignore_ament_install']
[0.318s] Level 1:colcon.colcon_core.package_identification:_identify(src/DynamixelSDK/c#/protocol2.0/indirect_address/win32) by extension 'ignore'
[0.318s] Level 1:colcon.colcon_core.package_identification:_identify(src/DynamixelSDK/c#/protocol2.0/indirect_address/win32) by extension 'ignore_ament_install'
[0.318s] Level 1:colcon.colcon_core.package_identification:_identify(src/DynamixelSDK/c#/protocol2.0/indirect_address/win32) by extensions ['colcon_pkg']
[0.318s] Level 1:colcon.colcon_core.package_identification:_identify(src/DynamixelSDK/c#/protocol2.0/indirect_address/win32) by extension 'colcon_pkg'
[0.318s] Level 1:colcon.colcon_core.package_identification:_identify(src/DynamixelSDK/c#/protocol2.0/indirect_address/win32) by extensions ['colcon_meta']
[0.318s] Level 1:colcon.colcon_core.package_identification:_identify(src/DynamixelSDK/c#/protocol2.0/indirect_address/win32) by extension 'colcon_meta'
[0.318s] Level 1:colcon.colcon_core.package_identification:_identify(src/DynamixelSDK/c#/protocol2.0/indirect_address/win32) by extensions ['ros']
[0.318s] Level 1:colcon.colcon_core.package_identification:_identify(src/DynamixelSDK/c#/protocol2.0/indirect_address/win32) by extension 'ros'
[0.318s] Level 1:colcon.colcon_core.package_identification:_identify(src/DynamixelSDK/c#/protocol2.0/indirect_address/win32) by extensions ['cmake', 'python']
[0.318s] Level 1:colcon.colcon_core.package_identification:_identify(src/DynamixelSDK/c#/protocol2.0/indirect_address/win32) by extension 'cmake'
[0.318s] Level 1:colcon.colcon_core.package_identification:_identify(src/DynamixelSDK/c#/protocol2.0/indirect_address/win32) by extension 'python'
[0.318s] Level 1:colcon.colcon_core.package_identification:_identify(src/DynamixelSDK/c#/protocol2.0/indirect_address/win32) by extensions ['python_setup_py']
[0.318s] Level 1:colcon.colcon_core.package_identification:_identify(src/DynamixelSDK/c#/protocol2.0/indirect_address/win32) by extension 'python_setup_py'
[0.319s] Level 1:colcon.colcon_core.package_identification:_identify(src/DynamixelSDK/c#/protocol2.0/indirect_address/win32/indirect_address) by extensions ['ignore', 'ignore_ament_install']
[0.319s] Level 1:colcon.colcon_core.package_identification:_identify(src/DynamixelSDK/c#/protocol2.0/indirect_address/win32/indirect_address) by extension 'ignore'
[0.319s] Level 1:colcon.colcon_core.package_identification:_identify(src/DynamixelSDK/c#/protocol2.0/indirect_address/win32/indirect_address) by extension 'ignore_ament_install'
[0.319s] Level 1:colcon.colcon_core.package_identification:_identify(src/DynamixelSDK/c#/protocol2.0/indirect_address/win32/indirect_address) by extensions ['colcon_pkg']
[0.319s] Level 1:colcon.colcon_core.package_identification:_identify(src/DynamixelSDK/c#/protocol2.0/indirect_address/win32/indirect_address) by extension 'colcon_pkg'
[0.319s] Level 1:colcon.colcon_core.package_identification:_identify(src/DynamixelSDK/c#/protocol2.0/indirect_address/win32/indirect_address) by extensions ['colcon_meta']
[0.319s] Level 1:colcon.colcon_core.package_identification:_identify(src/DynamixelSDK/c#/protocol2.0/indirect_address/win32/indirect_address) by extension 'colcon_meta'
[0.319s] Level 1:colcon.colcon_core.package_identification:_identify(src/DynamixelSDK/c#/protocol2.0/indirect_address/win32/indirect_address) by extensions ['ros']
[0.319s] Level 1:colcon.colcon_core.package_identification:_identify(src/DynamixelSDK/c#/protocol2.0/indirect_address/win32/indirect_address) by extension 'ros'
[0.319s] Level 1:colcon.colcon_core.package_identification:_identify(src/DynamixelSDK/c#/protocol2.0/indirect_address/win32/indirect_address) by extensions ['cmake', 'python']
[0.319s] Level 1:colcon.colcon_core.package_identification:_identify(src/DynamixelSDK/c#/protocol2.0/indirect_address/win32/indirect_address) by extension 'cmake'
[0.319s] Level 1:colcon.colcon_core.package_identification:_identify(src/DynamixelSDK/c#/protocol2.0/indirect_address/win32/indirect_address) by extension 'python'
[0.319s] Level 1:colcon.colcon_core.package_identification:_identify(src/DynamixelSDK/c#/protocol2.0/indirect_address/win32/indirect_address) by extensions ['python_setup_py']
[0.319s] Level 1:colcon.colcon_core.package_identification:_identify(src/DynamixelSDK/c#/protocol2.0/indirect_address/win32/indirect_address) by extension 'python_setup_py'
[0.319s] Level 1:colcon.colcon_core.package_identification:_identify(src/DynamixelSDK/c#/protocol2.0/indirect_address/win32/indirect_address/Properties) by extensions ['ignore', 'ignore_ament_install']
[0.319s] Level 1:colcon.colcon_core.package_identification:_identify(src/DynamixelSDK/c#/protocol2.0/indirect_address/win32/indirect_address/Properties) by extension 'ignore'
[0.319s] Level 1:colcon.colcon_core.package_identification:_identify(src/DynamixelSDK/c#/protocol2.0/indirect_address/win32/indirect_address/Properties) by extension 'ignore_ament_install'
[0.319s] Level 1:colcon.colcon_core.package_identification:_identify(src/DynamixelSDK/c#/protocol2.0/indirect_address/win32/indirect_address/Properties) by extensions ['colcon_pkg']
[0.319s] Level 1:colcon.colcon_core.package_identification:_identify(src/DynamixelSDK/c#/protocol2.0/indirect_address/win32/indirect_address/Properties) by extension 'colcon_pkg'
[0.319s] Level 1:colcon.colcon_core.package_identification:_identify(src/DynamixelSDK/c#/protocol2.0/indirect_address/win32/indirect_address/Properties) by extensions ['colcon_meta']
[0.319s] Level 1:colcon.colcon_core.package_identification:_identify(src/DynamixelSDK/c#/protocol2.0/indirect_address/win32/indirect_address/Properties) by extension 'colcon_meta'
[0.319s] Level 1:colcon.colcon_core.package_identification:_identify(src/DynamixelSDK/c#/protocol2.0/indirect_address/win32/indirect_address/Properties) by extensions ['ros']
[0.319s] Level 1:colcon.colcon_core.package_identification:_identify(src/DynamixelSDK/c#/protocol2.0/indirect_address/win32/indirect_address/Properties) by extension 'ros'
[0.320s] Level 1:colcon.colcon_core.package_identification:_identify(src/DynamixelSDK/c#/protocol2.0/indirect_address/win32/indirect_address/Properties) by extensions ['cmake', 'python']
[0.320s] Level 1:colcon.colcon_core.package_identification:_identify(src/DynamixelSDK/c#/protocol2.0/indirect_address/win32/indirect_address/Properties) by extension 'cmake'
[0.320s] Level 1:colcon.colcon_core.package_identification:_identify(src/DynamixelSDK/c#/protocol2.0/indirect_address/win32/indirect_address/Properties) by extension 'python'
[0.320s] Level 1:colcon.colcon_core.package_identification:_identify(src/DynamixelSDK/c#/protocol2.0/indirect_address/win32/indirect_address/Properties) by extensions ['python_setup_py']
[0.320s] Level 1:colcon.colcon_core.package_identification:_identify(src/DynamixelSDK/c#/protocol2.0/indirect_address/win32/indirect_address/Properties) by extension 'python_setup_py'
[0.320s] Level 1:colcon.colcon_core.package_identification:_identify(src/DynamixelSDK/c#/protocol2.0/indirect_address/win64) by extensions ['ignore', 'ignore_ament_install']
[0.320s] Level 1:colcon.colcon_core.package_identification:_identify(src/DynamixelSDK/c#/protocol2.0/indirect_address/win64) by extension 'ignore'
[0.320s] Level 1:colcon.colcon_core.package_identification:_identify(src/DynamixelSDK/c#/protocol2.0/indirect_address/win64) by extension 'ignore_ament_install'
[0.320s] Level 1:colcon.colcon_core.package_identification:_identify(src/DynamixelSDK/c#/protocol2.0/indirect_address/win64) by extensions ['colcon_pkg']
[0.320s] Level 1:colcon.colcon_core.package_identification:_identify(src/DynamixelSDK/c#/protocol2.0/indirect_address/win64) by extension 'colcon_pkg'
[0.320s] Level 1:colcon.colcon_core.package_identification:_identify(src/DynamixelSDK/c#/protocol2.0/indirect_address/win64) by extensions ['colcon_meta']
[0.320s] Level 1:colcon.colcon_core.package_identification:_identify(src/DynamixelSDK/c#/protocol2.0/indirect_address/win64) by extension 'colcon_meta'
[0.320s] Level 1:colcon.colcon_core.package_identification:_identify(src/DynamixelSDK/c#/protocol2.0/indirect_address/win64) by extensions ['ros']
[0.320s] Level 1:colcon.colcon_core.package_identification:_identify(src/DynamixelSDK/c#/protocol2.0/indirect_address/win64) by extension 'ros'
[0.320s] Level 1:colcon.colcon_core.package_identification:_identify(src/DynamixelSDK/c#/protocol2.0/indirect_address/win64) by extensions ['cmake', 'python']
[0.320s] Level 1:colcon.colcon_core.package_identification:_identify(src/DynamixelSDK/c#/protocol2.0/indirect_address/win64) by extension 'cmake'
[0.320s] Level 1:colcon.colcon_core.package_identification:_identify(src/DynamixelSDK/c#/protocol2.0/indirect_address/win64) by extension 'python'
[0.320s] Level 1:colcon.colcon_core.package_identification:_identify(src/DynamixelSDK/c#/protocol2.0/indirect_address/win64) by extensions ['python_setup_py']
[0.320s] Level 1:colcon.colcon_core.package_identification:_identify(src/DynamixelSDK/c#/protocol2.0/indirect_address/win64) by extension 'python_setup_py'
[0.320s] Level 1:colcon.colcon_core.package_identification:_identify(src/DynamixelSDK/c#/protocol2.0/indirect_address/win64/indirect_address) by extensions ['ignore', 'ignore_ament_install']
[0.321s] Level 1:colcon.colcon_core.package_identification:_identify(src/DynamixelSDK/c#/protocol2.0/indirect_address/win64/indirect_address) by extension 'ignore'
[0.321s] Level 1:colcon.colcon_core.package_identification:_identify(src/DynamixelSDK/c#/protocol2.0/indirect_address/win64/indirect_address) by extension 'ignore_ament_install'
[0.321s] Level 1:colcon.colcon_core.package_identification:_identify(src/DynamixelSDK/c#/protocol2.0/indirect_address/win64/indirect_address) by extensions ['colcon_pkg']
[0.321s] Level 1:colcon.colcon_core.package_identification:_identify(src/DynamixelSDK/c#/protocol2.0/indirect_address/win64/indirect_address) by extension 'colcon_pkg'
[0.321s] Level 1:colcon.colcon_core.package_identification:_identify(src/DynamixelSDK/c#/protocol2.0/indirect_address/win64/indirect_address) by extensions ['colcon_meta']
[0.321s] Level 1:colcon.colcon_core.package_identification:_identify(src/DynamixelSDK/c#/protocol2.0/indirect_address/win64/indirect_address) by extension 'colcon_meta'
[0.321s] Level 1:colcon.colcon_core.package_identification:_identify(src/DynamixelSDK/c#/protocol2.0/indirect_address/win64/indirect_address) by extensions ['ros']
[0.321s] Level 1:colcon.colcon_core.package_identification:_identify(src/DynamixelSDK/c#/protocol2.0/indirect_address/win64/indirect_address) by extension 'ros'
[0.321s] Level 1:colcon.colcon_core.package_identification:_identify(src/DynamixelSDK/c#/protocol2.0/indirect_address/win64/indirect_address) by extensions ['cmake', 'python']
[0.321s] Level 1:colcon.colcon_core.package_identification:_identify(src/DynamixelSDK/c#/protocol2.0/indirect_address/win64/indirect_address) by extension 'cmake'
[0.321s] Level 1:colcon.colcon_core.package_identification:_identify(src/DynamixelSDK/c#/protocol2.0/indirect_address/win64/indirect_address) by extension 'python'
[0.321s] Level 1:colcon.colcon_core.package_identification:_identify(src/DynamixelSDK/c#/protocol2.0/indirect_address/win64/indirect_address) by extensions ['python_setup_py']
[0.321s] Level 1:colcon.colcon_core.package_identification:_identify(src/DynamixelSDK/c#/protocol2.0/indirect_address/win64/indirect_address) by extension 'python_setup_py'
[0.321s] Level 1:colcon.colcon_core.package_identification:_identify(src/DynamixelSDK/c#/protocol2.0/indirect_address/win64/indirect_address/Properties) by extensions ['ignore', 'ignore_ament_install']
[0.321s] Level 1:colcon.colcon_core.package_identification:_identify(src/DynamixelSDK/c#/protocol2.0/indirect_address/win64/indirect_address/Properties) by extension 'ignore'
[0.321s] Level 1:colcon.colcon_core.package_identification:_identify(src/DynamixelSDK/c#/protocol2.0/indirect_address/win64/indirect_address/Properties) by extension 'ignore_ament_install'
[0.321s] Level 1:colcon.colcon_core.package_identification:_identify(src/DynamixelSDK/c#/protocol2.0/indirect_address/win64/indirect_address/Properties) by extensions ['colcon_pkg']
[0.321s] Level 1:colcon.colcon_core.package_identification:_identify(src/DynamixelSDK/c#/protocol2.0/indirect_address/win64/indirect_address/Properties) by extension 'colcon_pkg'
[0.321s] Level 1:colcon.colcon_core.package_identification:_identify(src/DynamixelSDK/c#/protocol2.0/indirect_address/win64/indirect_address/Properties) by extensions ['colcon_meta']
[0.321s] Level 1:colcon.colcon_core.package_identification:_identify(src/DynamixelSDK/c#/protocol2.0/indirect_address/win64/indirect_address/Properties) by extension 'colcon_meta'
[0.321s] Level 1:colcon.colcon_core.package_identification:_identify(src/DynamixelSDK/c#/protocol2.0/indirect_address/win64/indirect_address/Properties) by extensions ['ros']
[0.321s] Level 1:colcon.colcon_core.package_identification:_identify(src/DynamixelSDK/c#/protocol2.0/indirect_address/win64/indirect_address/Properties) by extension 'ros'
[0.321s] Level 1:colcon.colcon_core.package_identification:_identify(src/DynamixelSDK/c#/protocol2.0/indirect_address/win64/indirect_address/Properties) by extensions ['cmake', 'python']
[0.321s] Level 1:colcon.colcon_core.package_identification:_identify(src/DynamixelSDK/c#/protocol2.0/indirect_address/win64/indirect_address/Properties) by extension 'cmake'
[0.321s] Level 1:colcon.colcon_core.package_identification:_identify(src/DynamixelSDK/c#/protocol2.0/indirect_address/win64/indirect_address/Properties) by extension 'python'
[0.322s] Level 1:colcon.colcon_core.package_identification:_identify(src/DynamixelSDK/c#/protocol2.0/indirect_address/win64/indirect_address/Properties) by extensions ['python_setup_py']
[0.322s] Level 1:colcon.colcon_core.package_identification:_identify(src/DynamixelSDK/c#/protocol2.0/indirect_address/win64/indirect_address/Properties) by extension 'python_setup_py'
[0.322s] Level 1:colcon.colcon_core.package_identification:_identify(src/DynamixelSDK/c#/protocol2.0/multi_port) by extensions ['ignore', 'ignore_ament_install']
[0.322s] Level 1:colcon.colcon_core.package_identification:_identify(src/DynamixelSDK/c#/protocol2.0/multi_port) by extension 'ignore'
[0.322s] Level 1:colcon.colcon_core.package_identification:_identify(src/DynamixelSDK/c#/protocol2.0/multi_port) by extension 'ignore_ament_install'
[0.322s] Level 1:colcon.colcon_core.package_identification:_identify(src/DynamixelSDK/c#/protocol2.0/multi_port) by extensions ['colcon_pkg']
[0.322s] Level 1:colcon.colcon_core.package_identification:_identify(src/DynamixelSDK/c#/protocol2.0/multi_port) by extension 'colcon_pkg'
[0.322s] Level 1:colcon.colcon_core.package_identification:_identify(src/DynamixelSDK/c#/protocol2.0/multi_port) by extensions ['colcon_meta']
[0.322s] Level 1:colcon.colcon_core.package_identification:_identify(src/DynamixelSDK/c#/protocol2.0/multi_port) by extension 'colcon_meta'
[0.322s] Level 1:colcon.colcon_core.package_identification:_identify(src/DynamixelSDK/c#/protocol2.0/multi_port) by extensions ['ros']
[0.322s] Level 1:colcon.colcon_core.package_identification:_identify(src/DynamixelSDK/c#/protocol2.0/multi_port) by extension 'ros'
[0.322s] Level 1:colcon.colcon_core.package_identification:_identify(src/DynamixelSDK/c#/protocol2.0/multi_port) by extensions ['cmake', 'python']
[0.322s] Level 1:colcon.colcon_core.package_identification:_identify(src/DynamixelSDK/c#/protocol2.0/multi_port) by extension 'cmake'
[0.322s] Level 1:colcon.colcon_core.package_identification:_identify(src/DynamixelSDK/c#/protocol2.0/multi_port) by extension 'python'
[0.322s] Level 1:colcon.colcon_core.package_identification:_identify(src/DynamixelSDK/c#/protocol2.0/multi_port) by extensions ['python_setup_py']
[0.322s] Level 1:colcon.colcon_core.package_identification:_identify(src/DynamixelSDK/c#/protocol2.0/multi_port) by extension 'python_setup_py'
[0.322s] Level 1:colcon.colcon_core.package_identification:_identify(src/DynamixelSDK/c#/protocol2.0/multi_port/win32) by extensions ['ignore', 'ignore_ament_install']
[0.322s] Level 1:colcon.colcon_core.package_identification:_identify(src/DynamixelSDK/c#/protocol2.0/multi_port/win32) by extension 'ignore'
[0.322s] Level 1:colcon.colcon_core.package_identification:_identify(src/DynamixelSDK/c#/protocol2.0/multi_port/win32) by extension 'ignore_ament_install'
[0.322s] Level 1:colcon.colcon_core.package_identification:_identify(src/DynamixelSDK/c#/protocol2.0/multi_port/win32) by extensions ['colcon_pkg']
[0.322s] Level 1:colcon.colcon_core.package_identification:_identify(src/DynamixelSDK/c#/protocol2.0/multi_port/win32) by extension 'colcon_pkg'
[0.322s] Level 1:colcon.colcon_core.package_identification:_identify(src/DynamixelSDK/c#/protocol2.0/multi_port/win32) by extensions ['colcon_meta']
[0.323s] Level 1:colcon.colcon_core.package_identification:_identify(src/DynamixelSDK/c#/protocol2.0/multi_port/win32) by extension 'colcon_meta'
[0.323s] Level 1:colcon.colcon_core.package_identification:_identify(src/DynamixelSDK/c#/protocol2.0/multi_port/win32) by extensions ['ros']
[0.323s] Level 1:colcon.colcon_core.package_identification:_identify(src/DynamixelSDK/c#/protocol2.0/multi_port/win32) by extension 'ros'
[0.323s] Level 1:colcon.colcon_core.package_identification:_identify(src/DynamixelSDK/c#/protocol2.0/multi_port/win32) by extensions ['cmake', 'python']
[0.323s] Level 1:colcon.colcon_core.package_identification:_identify(src/DynamixelSDK/c#/protocol2.0/multi_port/win32) by extension 'cmake'
[0.323s] Level 1:colcon.colcon_core.package_identification:_identify(src/DynamixelSDK/c#/protocol2.0/multi_port/win32) by extension 'python'
[0.323s] Level 1:colcon.colcon_core.package_identification:_identify(src/DynamixelSDK/c#/protocol2.0/multi_port/win32) by extensions ['python_setup_py']
[0.323s] Level 1:colcon.colcon_core.package_identification:_identify(src/DynamixelSDK/c#/protocol2.0/multi_port/win32) by extension 'python_setup_py'
[0.323s] Level 1:colcon.colcon_core.package_identification:_identify(src/DynamixelSDK/c#/protocol2.0/multi_port/win32/multi_port) by extensions ['ignore', 'ignore_ament_install']
[0.323s] Level 1:colcon.colcon_core.package_identification:_identify(src/DynamixelSDK/c#/protocol2.0/multi_port/win32/multi_port) by extension 'ignore'
[0.323s] Level 1:colcon.colcon_core.package_identification:_identify(src/DynamixelSDK/c#/protocol2.0/multi_port/win32/multi_port) by extension 'ignore_ament_install'
[0.323s] Level 1:colcon.colcon_core.package_identification:_identify(src/DynamixelSDK/c#/protocol2.0/multi_port/win32/multi_port) by extensions ['colcon_pkg']
[0.323s] Level 1:colcon.colcon_core.package_identification:_identify(src/DynamixelSDK/c#/protocol2.0/multi_port/win32/multi_port) by extension 'colcon_pkg'
[0.323s] Level 1:colcon.colcon_core.package_identification:_identify(src/DynamixelSDK/c#/protocol2.0/multi_port/win32/multi_port) by extensions ['colcon_meta']
[0.323s] Level 1:colcon.colcon_core.package_identification:_identify(src/DynamixelSDK/c#/protocol2.0/multi_port/win32/multi_port) by extension 'colcon_meta'
[0.323s] Level 1:colcon.colcon_core.package_identification:_identify(src/DynamixelSDK/c#/protocol2.0/multi_port/win32/multi_port) by extensions ['ros']
[0.323s] Level 1:colcon.colcon_core.package_identification:_identify(src/DynamixelSDK/c#/protocol2.0/multi_port/win32/multi_port) by extension 'ros'
[0.323s] Level 1:colcon.colcon_core.package_identification:_identify(src/DynamixelSDK/c#/protocol2.0/multi_port/win32/multi_port) by extensions ['cmake', 'python']
[0.323s] Level 1:colcon.colcon_core.package_identification:_identify(src/DynamixelSDK/c#/protocol2.0/multi_port/win32/multi_port) by extension 'cmake'
[0.323s] Level 1:colcon.colcon_core.package_identification:_identify(src/DynamixelSDK/c#/protocol2.0/multi_port/win32/multi_port) by extension 'python'
[0.323s] Level 1:colcon.colcon_core.package_identification:_identify(src/DynamixelSDK/c#/protocol2.0/multi_port/win32/multi_port) by extensions ['python_setup_py']
[0.323s] Level 1:colcon.colcon_core.package_identification:_identify(src/DynamixelSDK/c#/protocol2.0/multi_port/win32/multi_port) by extension 'python_setup_py'
[0.324s] Level 1:colcon.colcon_core.package_identification:_identify(src/DynamixelSDK/c#/protocol2.0/multi_port/win32/multi_port/Properties) by extensions ['ignore', 'ignore_ament_install']
[0.324s] Level 1:colcon.colcon_core.package_identification:_identify(src/DynamixelSDK/c#/protocol2.0/multi_port/win32/multi_port/Properties) by extension 'ignore'
[0.324s] Level 1:colcon.colcon_core.package_identification:_identify(src/DynamixelSDK/c#/protocol2.0/multi_port/win32/multi_port/Properties) by extension 'ignore_ament_install'
[0.324s] Level 1:colcon.colcon_core.package_identification:_identify(src/DynamixelSDK/c#/protocol2.0/multi_port/win32/multi_port/Properties) by extensions ['colcon_pkg']
[0.324s] Level 1:colcon.colcon_core.package_identification:_identify(src/DynamixelSDK/c#/protocol2.0/multi_port/win32/multi_port/Properties) by extension 'colcon_pkg'
[0.324s] Level 1:colcon.colcon_core.package_identification:_identify(src/DynamixelSDK/c#/protocol2.0/multi_port/win32/multi_port/Properties) by extensions ['colcon_meta']
[0.324s] Level 1:colcon.colcon_core.package_identification:_identify(src/DynamixelSDK/c#/protocol2.0/multi_port/win32/multi_port/Properties) by extension 'colcon_meta'
[0.324s] Level 1:colcon.colcon_core.package_identification:_identify(src/DynamixelSDK/c#/protocol2.0/multi_port/win32/multi_port/Properties) by extensions ['ros']
[0.324s] Level 1:colcon.colcon_core.package_identification:_identify(src/DynamixelSDK/c#/protocol2.0/multi_port/win32/multi_port/Properties) by extension 'ros'
[0.324s] Level 1:colcon.colcon_core.package_identification:_identify(src/DynamixelSDK/c#/protocol2.0/multi_port/win32/multi_port/Properties) by extensions ['cmake', 'python']
[0.324s] Level 1:colcon.colcon_core.package_identification:_identify(src/DynamixelSDK/c#/protocol2.0/multi_port/win32/multi_port/Properties) by extension 'cmake'
[0.324s] Level 1:colcon.colcon_core.package_identification:_identify(src/DynamixelSDK/c#/protocol2.0/multi_port/win32/multi_port/Properties) by extension 'python'
[0.324s] Level 1:colcon.colcon_core.package_identification:_identify(src/DynamixelSDK/c#/protocol2.0/multi_port/win32/multi_port/Properties) by extensions ['python_setup_py']
[0.324s] Level 1:colcon.colcon_core.package_identification:_identify(src/DynamixelSDK/c#/protocol2.0/multi_port/win32/multi_port/Properties) by extension 'python_setup_py'
[0.324s] Level 1:colcon.colcon_core.package_identification:_identify(src/DynamixelSDK/c#/protocol2.0/multi_port/win64) by extensions ['ignore', 'ignore_ament_install']
[0.324s] Level 1:colcon.colcon_core.package_identification:_identify(src/DynamixelSDK/c#/protocol2.0/multi_port/win64) by extension 'ignore'
[0.324s] Level 1:colcon.colcon_core.package_identification:_identify(src/DynamixelSDK/c#/protocol2.0/multi_port/win64) by extension 'ignore_ament_install'
[0.324s] Level 1:colcon.colcon_core.package_identification:_identify(src/DynamixelSDK/c#/protocol2.0/multi_port/win64) by extensions ['colcon_pkg']
[0.324s] Level 1:colcon.colcon_core.package_identification:_identify(src/DynamixelSDK/c#/protocol2.0/multi_port/win64) by extension 'colcon_pkg'
[0.324s] Level 1:colcon.colcon_core.package_identification:_identify(src/DynamixelSDK/c#/protocol2.0/multi_port/win64) by extensions ['colcon_meta']
[0.324s] Level 1:colcon.colcon_core.package_identification:_identify(src/DynamixelSDK/c#/protocol2.0/multi_port/win64) by extension 'colcon_meta'
[0.324s] Level 1:colcon.colcon_core.package_identification:_identify(src/DynamixelSDK/c#/protocol2.0/multi_port/win64) by extensions ['ros']
[0.324s] Level 1:colcon.colcon_core.package_identification:_identify(src/DynamixelSDK/c#/protocol2.0/multi_port/win64) by extension 'ros'
[0.325s] Level 1:colcon.colcon_core.package_identification:_identify(src/DynamixelSDK/c#/protocol2.0/multi_port/win64) by extensions ['cmake', 'python']
[0.325s] Level 1:colcon.colcon_core.package_identification:_identify(src/DynamixelSDK/c#/protocol2.0/multi_port/win64) by extension 'cmake'
[0.325s] Level 1:colcon.colcon_core.package_identification:_identify(src/DynamixelSDK/c#/protocol2.0/multi_port/win64) by extension 'python'
[0.325s] Level 1:colcon.colcon_core.package_identification:_identify(src/DynamixelSDK/c#/protocol2.0/multi_port/win64) by extensions ['python_setup_py']
[0.325s] Level 1:colcon.colcon_core.package_identification:_identify(src/DynamixelSDK/c#/protocol2.0/multi_port/win64) by extension 'python_setup_py'
[0.325s] Level 1:colcon.colcon_core.package_identification:_identify(src/DynamixelSDK/c#/protocol2.0/multi_port/win64/multi_port) by extensions ['ignore', 'ignore_ament_install']
[0.325s] Level 1:colcon.colcon_core.package_identification:_identify(src/DynamixelSDK/c#/protocol2.0/multi_port/win64/multi_port) by extension 'ignore'
[0.325s] Level 1:colcon.colcon_core.package_identification:_identify(src/DynamixelSDK/c#/protocol2.0/multi_port/win64/multi_port) by extension 'ignore_ament_install'
[0.325s] Level 1:colcon.colcon_core.package_identification:_identify(src/DynamixelSDK/c#/protocol2.0/multi_port/win64/multi_port) by extensions ['colcon_pkg']
[0.325s] Level 1:colcon.colcon_core.package_identification:_identify(src/DynamixelSDK/c#/protocol2.0/multi_port/win64/multi_port) by extension 'colcon_pkg'
[0.325s] Level 1:colcon.colcon_core.package_identification:_identify(src/DynamixelSDK/c#/protocol2.0/multi_port/win64/multi_port) by extensions ['colcon_meta']
[0.325s] Level 1:colcon.colcon_core.package_identification:_identify(src/DynamixelSDK/c#/protocol2.0/multi_port/win64/multi_port) by extension 'colcon_meta'
[0.325s] Level 1:colcon.colcon_core.package_identification:_identify(src/DynamixelSDK/c#/protocol2.0/multi_port/win64/multi_port) by extensions ['ros']
[0.325s] Level 1:colcon.colcon_core.package_identification:_identify(src/DynamixelSDK/c#/protocol2.0/multi_port/win64/multi_port) by extension 'ros'
[0.325s] Level 1:colcon.colcon_core.package_identification:_identify(src/DynamixelSDK/c#/protocol2.0/multi_port/win64/multi_port) by extensions ['cmake', 'python']
[0.325s] Level 1:colcon.colcon_core.package_identification:_identify(src/DynamixelSDK/c#/protocol2.0/multi_port/win64/multi_port) by extension 'cmake'
[0.325s] Level 1:colcon.colcon_core.package_identification:_identify(src/DynamixelSDK/c#/protocol2.0/multi_port/win64/multi_port) by extension 'python'
[0.325s] Level 1:colcon.colcon_core.package_identification:_identify(src/DynamixelSDK/c#/protocol2.0/multi_port/win64/multi_port) by extensions ['python_setup_py']
[0.325s] Level 1:colcon.colcon_core.package_identification:_identify(src/DynamixelSDK/c#/protocol2.0/multi_port/win64/multi_port) by extension 'python_setup_py'
[0.325s] Level 1:colcon.colcon_core.package_identification:_identify(src/DynamixelSDK/c#/protocol2.0/multi_port/win64/multi_port/Properties) by extensions ['ignore', 'ignore_ament_install']
[0.325s] Level 1:colcon.colcon_core.package_identification:_identify(src/DynamixelSDK/c#/protocol2.0/multi_port/win64/multi_port/Properties) by extension 'ignore'
[0.326s] Level 1:colcon.colcon_core.package_identification:_identify(src/DynamixelSDK/c#/protocol2.0/multi_port/win64/multi_port/Properties) by extension 'ignore_ament_install'
[0.326s] Level 1:colcon.colcon_core.package_identification:_identify(src/DynamixelSDK/c#/protocol2.0/multi_port/win64/multi_port/Properties) by extensions ['colcon_pkg']
[0.326s] Level 1:colcon.colcon_core.package_identification:_identify(src/DynamixelSDK/c#/protocol2.0/multi_port/win64/multi_port/Properties) by extension 'colcon_pkg'
[0.326s] Level 1:colcon.colcon_core.package_identification:_identify(src/DynamixelSDK/c#/protocol2.0/multi_port/win64/multi_port/Properties) by extensions ['colcon_meta']
[0.326s] Level 1:colcon.colcon_core.package_identification:_identify(src/DynamixelSDK/c#/protocol2.0/multi_port/win64/multi_port/Properties) by extension 'colcon_meta'
[0.326s] Level 1:colcon.colcon_core.package_identification:_identify(src/DynamixelSDK/c#/protocol2.0/multi_port/win64/multi_port/Properties) by extensions ['ros']
[0.326s] Level 1:colcon.colcon_core.package_identification:_identify(src/DynamixelSDK/c#/protocol2.0/multi_port/win64/multi_port/Properties) by extension 'ros'
[0.326s] Level 1:colcon.colcon_core.package_identification:_identify(src/DynamixelSDK/c#/protocol2.0/multi_port/win64/multi_port/Properties) by extensions ['cmake', 'python']
[0.326s] Level 1:colcon.colcon_core.package_identification:_identify(src/DynamixelSDK/c#/protocol2.0/multi_port/win64/multi_port/Properties) by extension 'cmake'
[0.326s] Level 1:colcon.colcon_core.package_identification:_identify(src/DynamixelSDK/c#/protocol2.0/multi_port/win64/multi_port/Properties) by extension 'python'
[0.326s] Level 1:colcon.colcon_core.package_identification:_identify(src/DynamixelSDK/c#/protocol2.0/multi_port/win64/multi_port/Properties) by extensions ['python_setup_py']
[0.326s] Level 1:colcon.colcon_core.package_identification:_identify(src/DynamixelSDK/c#/protocol2.0/multi_port/win64/multi_port/Properties) by extension 'python_setup_py'
[0.326s] Level 1:colcon.colcon_core.package_identification:_identify(src/DynamixelSDK/c#/protocol2.0/ping) by extensions ['ignore', 'ignore_ament_install']
[0.326s] Level 1:colcon.colcon_core.package_identification:_identify(src/DynamixelSDK/c#/protocol2.0/ping) by extension 'ignore'
[0.326s] Level 1:colcon.colcon_core.package_identification:_identify(src/DynamixelSDK/c#/protocol2.0/ping) by extension 'ignore_ament_install'
[0.326s] Level 1:colcon.colcon_core.package_identification:_identify(src/DynamixelSDK/c#/protocol2.0/ping) by extensions ['colcon_pkg']
[0.326s] Level 1:colcon.colcon_core.package_identification:_identify(src/DynamixelSDK/c#/protocol2.0/ping) by extension 'colcon_pkg'
[0.326s] Level 1:colcon.colcon_core.package_identification:_identify(src/DynamixelSDK/c#/protocol2.0/ping) by extensions ['colcon_meta']
[0.326s] Level 1:colcon.colcon_core.package_identification:_identify(src/DynamixelSDK/c#/protocol2.0/ping) by extension 'colcon_meta'
[0.326s] Level 1:colcon.colcon_core.package_identification:_identify(src/DynamixelSDK/c#/protocol2.0/ping) by extensions ['ros']
[0.326s] Level 1:colcon.colcon_core.package_identification:_identify(src/DynamixelSDK/c#/protocol2.0/ping) by extension 'ros'
[0.326s] Level 1:colcon.colcon_core.package_identification:_identify(src/DynamixelSDK/c#/protocol2.0/ping) by extensions ['cmake', 'python']
[0.326s] Level 1:colcon.colcon_core.package_identification:_identify(src/DynamixelSDK/c#/protocol2.0/ping) by extension 'cmake'
[0.326s] Level 1:colcon.colcon_core.package_identification:_identify(src/DynamixelSDK/c#/protocol2.0/ping) by extension 'python'
[0.326s] Level 1:colcon.colcon_core.package_identification:_identify(src/DynamixelSDK/c#/protocol2.0/ping) by extensions ['python_setup_py']
[0.326s] Level 1:colcon.colcon_core.package_identification:_identify(src/DynamixelSDK/c#/protocol2.0/ping) by extension 'python_setup_py'
[0.327s] Level 1:colcon.colcon_core.package_identification:_identify(src/DynamixelSDK/c#/protocol2.0/ping/win32) by extensions ['ignore', 'ignore_ament_install']
[0.327s] Level 1:colcon.colcon_core.package_identification:_identify(src/DynamixelSDK/c#/protocol2.0/ping/win32) by extension 'ignore'
[0.327s] Level 1:colcon.colcon_core.package_identification:_identify(src/DynamixelSDK/c#/protocol2.0/ping/win32) by extension 'ignore_ament_install'
[0.327s] Level 1:colcon.colcon_core.package_identification:_identify(src/DynamixelSDK/c#/protocol2.0/ping/win32) by extensions ['colcon_pkg']
[0.327s] Level 1:colcon.colcon_core.package_identification:_identify(src/DynamixelSDK/c#/protocol2.0/ping/win32) by extension 'colcon_pkg'
[0.327s] Level 1:colcon.colcon_core.package_identification:_identify(src/DynamixelSDK/c#/protocol2.0/ping/win32) by extensions ['colcon_meta']
[0.327s] Level 1:colcon.colcon_core.package_identification:_identify(src/DynamixelSDK/c#/protocol2.0/ping/win32) by extension 'colcon_meta'
[0.327s] Level 1:colcon.colcon_core.package_identification:_identify(src/DynamixelSDK/c#/protocol2.0/ping/win32) by extensions ['ros']
[0.327s] Level 1:colcon.colcon_core.package_identification:_identify(src/DynamixelSDK/c#/protocol2.0/ping/win32) by extension 'ros'
[0.327s] Level 1:colcon.colcon_core.package_identification:_identify(src/DynamixelSDK/c#/protocol2.0/ping/win32) by extensions ['cmake', 'python']
[0.327s] Level 1:colcon.colcon_core.package_identification:_identify(src/DynamixelSDK/c#/protocol2.0/ping/win32) by extension 'cmake'
[0.327s] Level 1:colcon.colcon_core.package_identification:_identify(src/DynamixelSDK/c#/protocol2.0/ping/win32) by extension 'python'
[0.327s] Level 1:colcon.colcon_core.package_identification:_identify(src/DynamixelSDK/c#/protocol2.0/ping/win32) by extensions ['python_setup_py']
[0.327s] Level 1:colcon.colcon_core.package_identification:_identify(src/DynamixelSDK/c#/protocol2.0/ping/win32) by extension 'python_setup_py'
[0.327s] Level 1:colcon.colcon_core.package_identification:_identify(src/DynamixelSDK/c#/protocol2.0/ping/win32/ping) by extensions ['ignore', 'ignore_ament_install']
[0.327s] Level 1:colcon.colcon_core.package_identification:_identify(src/DynamixelSDK/c#/protocol2.0/ping/win32/ping) by extension 'ignore'
[0.327s] Level 1:colcon.colcon_core.package_identification:_identify(src/DynamixelSDK/c#/protocol2.0/ping/win32/ping) by extension 'ignore_ament_install'
[0.327s] Level 1:colcon.colcon_core.package_identification:_identify(src/DynamixelSDK/c#/protocol2.0/ping/win32/ping) by extensions ['colcon_pkg']
[0.327s] Level 1:colcon.colcon_core.package_identification:_identify(src/DynamixelSDK/c#/protocol2.0/ping/win32/ping) by extension 'colcon_pkg'
[0.327s] Level 1:colcon.colcon_core.package_identification:_identify(src/DynamixelSDK/c#/protocol2.0/ping/win32/ping) by extensions ['colcon_meta']
[0.328s] Level 1:colcon.colcon_core.package_identification:_identify(src/DynamixelSDK/c#/protocol2.0/ping/win32/ping) by extension 'colcon_meta'
[0.328s] Level 1:colcon.colcon_core.package_identification:_identify(src/DynamixelSDK/c#/protocol2.0/ping/win32/ping) by extensions ['ros']
[0.328s] Level 1:colcon.colcon_core.package_identification:_identify(src/DynamixelSDK/c#/protocol2.0/ping/win32/ping) by extension 'ros'
[0.328s] Level 1:colcon.colcon_core.package_identification:_identify(src/DynamixelSDK/c#/protocol2.0/ping/win32/ping) by extensions ['cmake', 'python']
[0.328s] Level 1:colcon.colcon_core.package_identification:_identify(src/DynamixelSDK/c#/protocol2.0/ping/win32/ping) by extension 'cmake'
[0.328s] Level 1:colcon.colcon_core.package_identification:_identify(src/DynamixelSDK/c#/protocol2.0/ping/win32/ping) by extension 'python'
[0.328s] Level 1:colcon.colcon_core.package_identification:_identify(src/DynamixelSDK/c#/protocol2.0/ping/win32/ping) by extensions ['python_setup_py']
[0.328s] Level 1:colcon.colcon_core.package_identification:_identify(src/DynamixelSDK/c#/protocol2.0/ping/win32/ping) by extension 'python_setup_py'
[0.328s] Level 1:colcon.colcon_core.package_identification:_identify(src/DynamixelSDK/c#/protocol2.0/ping/win32/ping/Properties) by extensions ['ignore', 'ignore_ament_install']
[0.328s] Level 1:colcon.colcon_core.package_identification:_identify(src/DynamixelSDK/c#/protocol2.0/ping/win32/ping/Properties) by extension 'ignore'
[0.328s] Level 1:colcon.colcon_core.package_identification:_identify(src/DynamixelSDK/c#/protocol2.0/ping/win32/ping/Properties) by extension 'ignore_ament_install'
[0.328s] Level 1:colcon.colcon_core.package_identification:_identify(src/DynamixelSDK/c#/protocol2.0/ping/win32/ping/Properties) by extensions ['colcon_pkg']
[0.328s] Level 1:colcon.colcon_core.package_identification:_identify(src/DynamixelSDK/c#/protocol2.0/ping/win32/ping/Properties) by extension 'colcon_pkg'
[0.328s] Level 1:colcon.colcon_core.package_identification:_identify(src/DynamixelSDK/c#/protocol2.0/ping/win32/ping/Properties) by extensions ['colcon_meta']
[0.328s] Level 1:colcon.colcon_core.package_identification:_identify(src/DynamixelSDK/c#/protocol2.0/ping/win32/ping/Properties) by extension 'colcon_meta'
[0.328s] Level 1:colcon.colcon_core.package_identification:_identify(src/DynamixelSDK/c#/protocol2.0/ping/win32/ping/Properties) by extensions ['ros']
[0.328s] Level 1:colcon.colcon_core.package_identification:_identify(src/DynamixelSDK/c#/protocol2.0/ping/win32/ping/Properties) by extension 'ros'
[0.328s] Level 1:colcon.colcon_core.package_identification:_identify(src/DynamixelSDK/c#/protocol2.0/ping/win32/ping/Properties) by extensions ['cmake', 'python']
[0.328s] Level 1:colcon.colcon_core.package_identification:_identify(src/DynamixelSDK/c#/protocol2.0/ping/win32/ping/Properties) by extension 'cmake'
[0.328s] Level 1:colcon.colcon_core.package_identification:_identify(src/DynamixelSDK/c#/protocol2.0/ping/win32/ping/Properties) by extension 'python'
[0.328s] Level 1:colcon.colcon_core.package_identification:_identify(src/DynamixelSDK/c#/protocol2.0/ping/win32/ping/Properties) by extensions ['python_setup_py']
[0.328s] Level 1:colcon.colcon_core.package_identification:_identify(src/DynamixelSDK/c#/protocol2.0/ping/win32/ping/Properties) by extension 'python_setup_py'
[0.329s] Level 1:colcon.colcon_core.package_identification:_identify(src/DynamixelSDK/c#/protocol2.0/ping/win64) by extensions ['ignore', 'ignore_ament_install']
[0.329s] Level 1:colcon.colcon_core.package_identification:_identify(src/DynamixelSDK/c#/protocol2.0/ping/win64) by extension 'ignore'
[0.329s] Level 1:colcon.colcon_core.package_identification:_identify(src/DynamixelSDK/c#/protocol2.0/ping/win64) by extension 'ignore_ament_install'
[0.329s] Level 1:colcon.colcon_core.package_identification:_identify(src/DynamixelSDK/c#/protocol2.0/ping/win64) by extensions ['colcon_pkg']
[0.329s] Level 1:colcon.colcon_core.package_identification:_identify(src/DynamixelSDK/c#/protocol2.0/ping/win64) by extension 'colcon_pkg'
[0.329s] Level 1:colcon.colcon_core.package_identification:_identify(src/DynamixelSDK/c#/protocol2.0/ping/win64) by extensions ['colcon_meta']
[0.329s] Level 1:colcon.colcon_core.package_identification:_identify(src/DynamixelSDK/c#/protocol2.0/ping/win64) by extension 'colcon_meta'
[0.329s] Level 1:colcon.colcon_core.package_identification:_identify(src/DynamixelSDK/c#/protocol2.0/ping/win64) by extensions ['ros']
[0.329s] Level 1:colcon.colcon_core.package_identification:_identify(src/DynamixelSDK/c#/protocol2.0/ping/win64) by extension 'ros'
[0.329s] Level 1:colcon.colcon_core.package_identification:_identify(src/DynamixelSDK/c#/protocol2.0/ping/win64) by extensions ['cmake', 'python']
[0.329s] Level 1:colcon.colcon_core.package_identification:_identify(src/DynamixelSDK/c#/protocol2.0/ping/win64) by extension 'cmake'
[0.329s] Level 1:colcon.colcon_core.package_identification:_identify(src/DynamixelSDK/c#/protocol2.0/ping/win64) by extension 'python'
[0.329s] Level 1:colcon.colcon_core.package_identification:_identify(src/DynamixelSDK/c#/protocol2.0/ping/win64) by extensions ['python_setup_py']
[0.329s] Level 1:colcon.colcon_core.package_identification:_identify(src/DynamixelSDK/c#/protocol2.0/ping/win64) by extension 'python_setup_py'
[0.329s] Level 1:colcon.colcon_core.package_identification:_identify(src/DynamixelSDK/c#/protocol2.0/ping/win64/ping) by extensions ['ignore', 'ignore_ament_install']
[0.329s] Level 1:colcon.colcon_core.package_identification:_identify(src/DynamixelSDK/c#/protocol2.0/ping/win64/ping) by extension 'ignore'
[0.329s] Level 1:colcon.colcon_core.package_identification:_identify(src/DynamixelSDK/c#/protocol2.0/ping/win64/ping) by extension 'ignore_ament_install'
[0.329s] Level 1:colcon.colcon_core.package_identification:_identify(src/DynamixelSDK/c#/protocol2.0/ping/win64/ping) by extensions ['colcon_pkg']
[0.329s] Level 1:colcon.colcon_core.package_identification:_identify(src/DynamixelSDK/c#/protocol2.0/ping/win64/ping) by extension 'colcon_pkg'
[0.329s] Level 1:colcon.colcon_core.package_identification:_identify(src/DynamixelSDK/c#/protocol2.0/ping/win64/ping) by extensions ['colcon_meta']
[0.329s] Level 1:colcon.colcon_core.package_identification:_identify(src/DynamixelSDK/c#/protocol2.0/ping/win64/ping) by extension 'colcon_meta'
[0.329s] Level 1:colcon.colcon_core.package_identification:_identify(src/DynamixelSDK/c#/protocol2.0/ping/win64/ping) by extensions ['ros']
[0.329s] Level 1:colcon.colcon_core.package_identification:_identify(src/DynamixelSDK/c#/protocol2.0/ping/win64/ping) by extension 'ros'
[0.329s] Level 1:colcon.colcon_core.package_identification:_identify(src/DynamixelSDK/c#/protocol2.0/ping/win64/ping) by extensions ['cmake', 'python']
[0.330s] Level 1:colcon.colcon_core.package_identification:_identify(src/DynamixelSDK/c#/protocol2.0/ping/win64/ping) by extension 'cmake'
[0.330s] Level 1:colcon.colcon_core.package_identification:_identify(src/DynamixelSDK/c#/protocol2.0/ping/win64/ping) by extension 'python'
[0.330s] Level 1:colcon.colcon_core.package_identification:_identify(src/DynamixelSDK/c#/protocol2.0/ping/win64/ping) by extensions ['python_setup_py']
[0.330s] Level 1:colcon.colcon_core.package_identification:_identify(src/DynamixelSDK/c#/protocol2.0/ping/win64/ping) by extension 'python_setup_py'
[0.330s] Level 1:colcon.colcon_core.package_identification:_identify(src/DynamixelSDK/c#/protocol2.0/ping/win64/ping/Properties) by extensions ['ignore', 'ignore_ament_install']
[0.330s] Level 1:colcon.colcon_core.package_identification:_identify(src/DynamixelSDK/c#/protocol2.0/ping/win64/ping/Properties) by extension 'ignore'
[0.330s] Level 1:colcon.colcon_core.package_identification:_identify(src/DynamixelSDK/c#/protocol2.0/ping/win64/ping/Properties) by extension 'ignore_ament_install'
[0.330s] Level 1:colcon.colcon_core.package_identification:_identify(src/DynamixelSDK/c#/protocol2.0/ping/win64/ping/Properties) by extensions ['colcon_pkg']
[0.330s] Level 1:colcon.colcon_core.package_identification:_identify(src/DynamixelSDK/c#/protocol2.0/ping/win64/ping/Properties) by extension 'colcon_pkg'
[0.330s] Level 1:colcon.colcon_core.package_identification:_identify(src/DynamixelSDK/c#/protocol2.0/ping/win64/ping/Properties) by extensions ['colcon_meta']
[0.330s] Level 1:colcon.colcon_core.package_identification:_identify(src/DynamixelSDK/c#/protocol2.0/ping/win64/ping/Properties) by extension 'colcon_meta'
[0.330s] Level 1:colcon.colcon_core.package_identification:_identify(src/DynamixelSDK/c#/protocol2.0/ping/win64/ping/Properties) by extensions ['ros']
[0.330s] Level 1:colcon.colcon_core.package_identification:_identify(src/DynamixelSDK/c#/protocol2.0/ping/win64/ping/Properties) by extension 'ros'
[0.330s] Level 1:colcon.colcon_core.package_identification:_identify(src/DynamixelSDK/c#/protocol2.0/ping/win64/ping/Properties) by extensions ['cmake', 'python']
[0.330s] Level 1:colcon.colcon_core.package_identification:_identify(src/DynamixelSDK/c#/protocol2.0/ping/win64/ping/Properties) by extension 'cmake'
[0.330s] Level 1:colcon.colcon_core.package_identification:_identify(src/DynamixelSDK/c#/protocol2.0/ping/win64/ping/Properties) by extension 'python'
[0.330s] Level 1:colcon.colcon_core.package_identification:_identify(src/DynamixelSDK/c#/protocol2.0/ping/win64/ping/Properties) by extensions ['python_setup_py']
[0.330s] Level 1:colcon.colcon_core.package_identification:_identify(src/DynamixelSDK/c#/protocol2.0/ping/win64/ping/Properties) by extension 'python_setup_py'
[0.330s] Level 1:colcon.colcon_core.package_identification:_identify(src/DynamixelSDK/c#/protocol2.0/read_write) by extensions ['ignore', 'ignore_ament_install']
[0.330s] Level 1:colcon.colcon_core.package_identification:_identify(src/DynamixelSDK/c#/protocol2.0/read_write) by extension 'ignore'
[0.330s] Level 1:colcon.colcon_core.package_identification:_identify(src/DynamixelSDK/c#/protocol2.0/read_write) by extension 'ignore_ament_install'
[0.331s] Level 1:colcon.colcon_core.package_identification:_identify(src/DynamixelSDK/c#/protocol2.0/read_write) by extensions ['colcon_pkg']
[0.331s] Level 1:colcon.colcon_core.package_identification:_identify(src/DynamixelSDK/c#/protocol2.0/read_write) by extension 'colcon_pkg'
[0.331s] Level 1:colcon.colcon_core.package_identification:_identify(src/DynamixelSDK/c#/protocol2.0/read_write) by extensions ['colcon_meta']
[0.331s] Level 1:colcon.colcon_core.package_identification:_identify(src/DynamixelSDK/c#/protocol2.0/read_write) by extension 'colcon_meta'
[0.331s] Level 1:colcon.colcon_core.package_identification:_identify(src/DynamixelSDK/c#/protocol2.0/read_write) by extensions ['ros']
[0.331s] Level 1:colcon.colcon_core.package_identification:_identify(src/DynamixelSDK/c#/protocol2.0/read_write) by extension 'ros'
[0.331s] Level 1:colcon.colcon_core.package_identification:_identify(src/DynamixelSDK/c#/protocol2.0/read_write) by extensions ['cmake', 'python']
[0.331s] Level 1:colcon.colcon_core.package_identification:_identify(src/DynamixelSDK/c#/protocol2.0/read_write) by extension 'cmake'
[0.331s] Level 1:colcon.colcon_core.package_identification:_identify(src/DynamixelSDK/c#/protocol2.0/read_write) by extension 'python'
[0.331s] Level 1:colcon.colcon_core.package_identification:_identify(src/DynamixelSDK/c#/protocol2.0/read_write) by extensions ['python_setup_py']
[0.331s] Level 1:colcon.colcon_core.package_identification:_identify(src/DynamixelSDK/c#/protocol2.0/read_write) by extension 'python_setup_py'
[0.331s] Level 1:colcon.colcon_core.package_identification:_identify(src/DynamixelSDK/c#/protocol2.0/read_write/win32) by extensions ['ignore', 'ignore_ament_install']
[0.331s] Level 1:colcon.colcon_core.package_identification:_identify(src/DynamixelSDK/c#/protocol2.0/read_write/win32) by extension 'ignore'
[0.331s] Level 1:colcon.colcon_core.package_identification:_identify(src/DynamixelSDK/c#/protocol2.0/read_write/win32) by extension 'ignore_ament_install'
[0.331s] Level 1:colcon.colcon_core.package_identification:_identify(src/DynamixelSDK/c#/protocol2.0/read_write/win32) by extensions ['colcon_pkg']
[0.331s] Level 1:colcon.colcon_core.package_identification:_identify(src/DynamixelSDK/c#/protocol2.0/read_write/win32) by extension 'colcon_pkg'
[0.331s] Level 1:colcon.colcon_core.package_identification:_identify(src/DynamixelSDK/c#/protocol2.0/read_write/win32) by extensions ['colcon_meta']
[0.331s] Level 1:colcon.colcon_core.package_identification:_identify(src/DynamixelSDK/c#/protocol2.0/read_write/win32) by extension 'colcon_meta'
[0.331s] Level 1:colcon.colcon_core.package_identification:_identify(src/DynamixelSDK/c#/protocol2.0/read_write/win32) by extensions ['ros']
[0.331s] Level 1:colcon.colcon_core.package_identification:_identify(src/DynamixelSDK/c#/protocol2.0/read_write/win32) by extension 'ros'
[0.331s] Level 1:colcon.colcon_core.package_identification:_identify(src/DynamixelSDK/c#/protocol2.0/read_write/win32) by extensions ['cmake', 'python']
[0.331s] Level 1:colcon.colcon_core.package_identification:_identify(src/DynamixelSDK/c#/protocol2.0/read_write/win32) by extension 'cmake'
[0.331s] Level 1:colcon.colcon_core.package_identification:_identify(src/DynamixelSDK/c#/protocol2.0/read_write/win32) by extension 'python'
[0.331s] Level 1:colcon.colcon_core.package_identification:_identify(src/DynamixelSDK/c#/protocol2.0/read_write/win32) by extensions ['python_setup_py']
[0.331s] Level 1:colcon.colcon_core.package_identification:_identify(src/DynamixelSDK/c#/protocol2.0/read_write/win32) by extension 'python_setup_py'
[0.332s] Level 1:colcon.colcon_core.package_identification:_identify(src/DynamixelSDK/c#/protocol2.0/read_write/win32/read_write) by extensions ['ignore', 'ignore_ament_install']
[0.332s] Level 1:colcon.colcon_core.package_identification:_identify(src/DynamixelSDK/c#/protocol2.0/read_write/win32/read_write) by extension 'ignore'
[0.332s] Level 1:colcon.colcon_core.package_identification:_identify(src/DynamixelSDK/c#/protocol2.0/read_write/win32/read_write) by extension 'ignore_ament_install'
[0.332s] Level 1:colcon.colcon_core.package_identification:_identify(src/DynamixelSDK/c#/protocol2.0/read_write/win32/read_write) by extensions ['colcon_pkg']
[0.332s] Level 1:colcon.colcon_core.package_identification:_identify(src/DynamixelSDK/c#/protocol2.0/read_write/win32/read_write) by extension 'colcon_pkg'
[0.332s] Level 1:colcon.colcon_core.package_identification:_identify(src/DynamixelSDK/c#/protocol2.0/read_write/win32/read_write) by extensions ['colcon_meta']
[0.332s] Level 1:colcon.colcon_core.package_identification:_identify(src/DynamixelSDK/c#/protocol2.0/read_write/win32/read_write) by extension 'colcon_meta'
[0.332s] Level 1:colcon.colcon_core.package_identification:_identify(src/DynamixelSDK/c#/protocol2.0/read_write/win32/read_write) by extensions ['ros']
[0.332s] Level 1:colcon.colcon_core.package_identification:_identify(src/DynamixelSDK/c#/protocol2.0/read_write/win32/read_write) by extension 'ros'
[0.332s] Level 1:colcon.colcon_core.package_identification:_identify(src/DynamixelSDK/c#/protocol2.0/read_write/win32/read_write) by extensions ['cmake', 'python']
[0.332s] Level 1:colcon.colcon_core.package_identification:_identify(src/DynamixelSDK/c#/protocol2.0/read_write/win32/read_write) by extension 'cmake'
[0.332s] Level 1:colcon.colcon_core.package_identification:_identify(src/DynamixelSDK/c#/protocol2.0/read_write/win32/read_write) by extension 'python'
[0.332s] Level 1:colcon.colcon_core.package_identification:_identify(src/DynamixelSDK/c#/protocol2.0/read_write/win32/read_write) by extensions ['python_setup_py']
[0.332s] Level 1:colcon.colcon_core.package_identification:_identify(src/DynamixelSDK/c#/protocol2.0/read_write/win32/read_write) by extension 'python_setup_py'
[0.332s] Level 1:colcon.colcon_core.package_identification:_identify(src/DynamixelSDK/c#/protocol2.0/read_write/win32/read_write/Properties) by extensions ['ignore', 'ignore_ament_install']
[0.332s] Level 1:colcon.colcon_core.package_identification:_identify(src/DynamixelSDK/c#/protocol2.0/read_write/win32/read_write/Properties) by extension 'ignore'
[0.332s] Level 1:colcon.colcon_core.package_identification:_identify(src/DynamixelSDK/c#/protocol2.0/read_write/win32/read_write/Properties) by extension 'ignore_ament_install'
[0.332s] Level 1:colcon.colcon_core.package_identification:_identify(src/DynamixelSDK/c#/protocol2.0/read_write/win32/read_write/Properties) by extensions ['colcon_pkg']
[0.332s] Level 1:colcon.colcon_core.package_identification:_identify(src/DynamixelSDK/c#/protocol2.0/read_write/win32/read_write/Properties) by extension 'colcon_pkg'
[0.332s] Level 1:colcon.colcon_core.package_identification:_identify(src/DynamixelSDK/c#/protocol2.0/read_write/win32/read_write/Properties) by extensions ['colcon_meta']
[0.332s] Level 1:colcon.colcon_core.package_identification:_identify(src/DynamixelSDK/c#/protocol2.0/read_write/win32/read_write/Properties) by extension 'colcon_meta'
[0.332s] Level 1:colcon.colcon_core.package_identification:_identify(src/DynamixelSDK/c#/protocol2.0/read_write/win32/read_write/Properties) by extensions ['ros']
[0.332s] Level 1:colcon.colcon_core.package_identification:_identify(src/DynamixelSDK/c#/protocol2.0/read_write/win32/read_write/Properties) by extension 'ros'
[0.333s] Level 1:colcon.colcon_core.package_identification:_identify(src/DynamixelSDK/c#/protocol2.0/read_write/win32/read_write/Properties) by extensions ['cmake', 'python']
[0.333s] Level 1:colcon.colcon_core.package_identification:_identify(src/DynamixelSDK/c#/protocol2.0/read_write/win32/read_write/Properties) by extension 'cmake'
[0.333s] Level 1:colcon.colcon_core.package_identification:_identify(src/DynamixelSDK/c#/protocol2.0/read_write/win32/read_write/Properties) by extension 'python'
[0.333s] Level 1:colcon.colcon_core.package_identification:_identify(src/DynamixelSDK/c#/protocol2.0/read_write/win32/read_write/Properties) by extensions ['python_setup_py']
[0.333s] Level 1:colcon.colcon_core.package_identification:_identify(src/DynamixelSDK/c#/protocol2.0/read_write/win32/read_write/Properties) by extension 'python_setup_py'
[0.333s] Level 1:colcon.colcon_core.package_identification:_identify(src/DynamixelSDK/c#/protocol2.0/read_write/win64) by extensions ['ignore', 'ignore_ament_install']
[0.333s] Level 1:colcon.colcon_core.package_identification:_identify(src/DynamixelSDK/c#/protocol2.0/read_write/win64) by extension 'ignore'
[0.333s] Level 1:colcon.colcon_core.package_identification:_identify(src/DynamixelSDK/c#/protocol2.0/read_write/win64) by extension 'ignore_ament_install'
[0.333s] Level 1:colcon.colcon_core.package_identification:_identify(src/DynamixelSDK/c#/protocol2.0/read_write/win64) by extensions ['colcon_pkg']
[0.333s] Level 1:colcon.colcon_core.package_identification:_identify(src/DynamixelSDK/c#/protocol2.0/read_write/win64) by extension 'colcon_pkg'
[0.333s] Level 1:colcon.colcon_core.package_identification:_identify(src/DynamixelSDK/c#/protocol2.0/read_write/win64) by extensions ['colcon_meta']
[0.333s] Level 1:colcon.colcon_core.package_identification:_identify(src/DynamixelSDK/c#/protocol2.0/read_write/win64) by extension 'colcon_meta'
[0.333s] Level 1:colcon.colcon_core.package_identification:_identify(src/DynamixelSDK/c#/protocol2.0/read_write/win64) by extensions ['ros']
[0.333s] Level 1:colcon.colcon_core.package_identification:_identify(src/DynamixelSDK/c#/protocol2.0/read_write/win64) by extension 'ros'
[0.333s] Level 1:colcon.colcon_core.package_identification:_identify(src/DynamixelSDK/c#/protocol2.0/read_write/win64) by extensions ['cmake', 'python']
[0.333s] Level 1:colcon.colcon_core.package_identification:_identify(src/DynamixelSDK/c#/protocol2.0/read_write/win64) by extension 'cmake'
[0.333s] Level 1:colcon.colcon_core.package_identification:_identify(src/DynamixelSDK/c#/protocol2.0/read_write/win64) by extension 'python'
[0.333s] Level 1:colcon.colcon_core.package_identification:_identify(src/DynamixelSDK/c#/protocol2.0/read_write/win64) by extensions ['python_setup_py']
[0.333s] Level 1:colcon.colcon_core.package_identification:_identify(src/DynamixelSDK/c#/protocol2.0/read_write/win64) by extension 'python_setup_py'
[0.333s] Level 1:colcon.colcon_core.package_identification:_identify(src/DynamixelSDK/c#/protocol2.0/read_write/win64/read_write) by extensions ['ignore', 'ignore_ament_install']
[0.333s] Level 1:colcon.colcon_core.package_identification:_identify(src/DynamixelSDK/c#/protocol2.0/read_write/win64/read_write) by extension 'ignore'
[0.334s] Level 1:colcon.colcon_core.package_identification:_identify(src/DynamixelSDK/c#/protocol2.0/read_write/win64/read_write) by extension 'ignore_ament_install'
[0.334s] Level 1:colcon.colcon_core.package_identification:_identify(src/DynamixelSDK/c#/protocol2.0/read_write/win64/read_write) by extensions ['colcon_pkg']
[0.334s] Level 1:colcon.colcon_core.package_identification:_identify(src/DynamixelSDK/c#/protocol2.0/read_write/win64/read_write) by extension 'colcon_pkg'
[0.334s] Level 1:colcon.colcon_core.package_identification:_identify(src/DynamixelSDK/c#/protocol2.0/read_write/win64/read_write) by extensions ['colcon_meta']
[0.334s] Level 1:colcon.colcon_core.package_identification:_identify(src/DynamixelSDK/c#/protocol2.0/read_write/win64/read_write) by extension 'colcon_meta'
[0.334s] Level 1:colcon.colcon_core.package_identification:_identify(src/DynamixelSDK/c#/protocol2.0/read_write/win64/read_write) by extensions ['ros']
[0.334s] Level 1:colcon.colcon_core.package_identification:_identify(src/DynamixelSDK/c#/protocol2.0/read_write/win64/read_write) by extension 'ros'
[0.334s] Level 1:colcon.colcon_core.package_identification:_identify(src/DynamixelSDK/c#/protocol2.0/read_write/win64/read_write) by extensions ['cmake', 'python']
[0.334s] Level 1:colcon.colcon_core.package_identification:_identify(src/DynamixelSDK/c#/protocol2.0/read_write/win64/read_write) by extension 'cmake'
[0.334s] Level 1:colcon.colcon_core.package_identification:_identify(src/DynamixelSDK/c#/protocol2.0/read_write/win64/read_write) by extension 'python'
[0.334s] Level 1:colcon.colcon_core.package_identification:_identify(src/DynamixelSDK/c#/protocol2.0/read_write/win64/read_write) by extensions ['python_setup_py']
[0.334s] Level 1:colcon.colcon_core.package_identification:_identify(src/DynamixelSDK/c#/protocol2.0/read_write/win64/read_write) by extension 'python_setup_py'
[0.334s] Level 1:colcon.colcon_core.package_identification:_identify(src/DynamixelSDK/c#/protocol2.0/read_write/win64/read_write/Properties) by extensions ['ignore', 'ignore_ament_install']
[0.334s] Level 1:colcon.colcon_core.package_identification:_identify(src/DynamixelSDK/c#/protocol2.0/read_write/win64/read_write/Properties) by extension 'ignore'
[0.334s] Level 1:colcon.colcon_core.package_identification:_identify(src/DynamixelSDK/c#/protocol2.0/read_write/win64/read_write/Properties) by extension 'ignore_ament_install'
[0.334s] Level 1:colcon.colcon_core.package_identification:_identify(src/DynamixelSDK/c#/protocol2.0/read_write/win64/read_write/Properties) by extensions ['colcon_pkg']
[0.334s] Level 1:colcon.colcon_core.package_identification:_identify(src/DynamixelSDK/c#/protocol2.0/read_write/win64/read_write/Properties) by extension 'colcon_pkg'
[0.334s] Level 1:colcon.colcon_core.package_identification:_identify(src/DynamixelSDK/c#/protocol2.0/read_write/win64/read_write/Properties) by extensions ['colcon_meta']
[0.334s] Level 1:colcon.colcon_core.package_identification:_identify(src/DynamixelSDK/c#/protocol2.0/read_write/win64/read_write/Properties) by extension 'colcon_meta'
[0.334s] Level 1:colcon.colcon_core.package_identification:_identify(src/DynamixelSDK/c#/protocol2.0/read_write/win64/read_write/Properties) by extensions ['ros']
[0.334s] Level 1:colcon.colcon_core.package_identification:_identify(src/DynamixelSDK/c#/protocol2.0/read_write/win64/read_write/Properties) by extension 'ros'
[0.334s] Level 1:colcon.colcon_core.package_identification:_identify(src/DynamixelSDK/c#/protocol2.0/read_write/win64/read_write/Properties) by extensions ['cmake', 'python']
[0.334s] Level 1:colcon.colcon_core.package_identification:_identify(src/DynamixelSDK/c#/protocol2.0/read_write/win64/read_write/Properties) by extension 'cmake'
[0.334s] Level 1:colcon.colcon_core.package_identification:_identify(src/DynamixelSDK/c#/protocol2.0/read_write/win64/read_write/Properties) by extension 'python'
[0.334s] Level 1:colcon.colcon_core.package_identification:_identify(src/DynamixelSDK/c#/protocol2.0/read_write/win64/read_write/Properties) by extensions ['python_setup_py']
[0.334s] Level 1:colcon.colcon_core.package_identification:_identify(src/DynamixelSDK/c#/protocol2.0/read_write/win64/read_write/Properties) by extension 'python_setup_py'
[0.335s] Level 1:colcon.colcon_core.package_identification:_identify(src/DynamixelSDK/c#/protocol2.0/reboot) by extensions ['ignore', 'ignore_ament_install']
[0.335s] Level 1:colcon.colcon_core.package_identification:_identify(src/DynamixelSDK/c#/protocol2.0/reboot) by extension 'ignore'
[0.335s] Level 1:colcon.colcon_core.package_identification:_identify(src/DynamixelSDK/c#/protocol2.0/reboot) by extension 'ignore_ament_install'
[0.335s] Level 1:colcon.colcon_core.package_identification:_identify(src/DynamixelSDK/c#/protocol2.0/reboot) by extensions ['colcon_pkg']
[0.335s] Level 1:colcon.colcon_core.package_identification:_identify(src/DynamixelSDK/c#/protocol2.0/reboot) by extension 'colcon_pkg'
[0.335s] Level 1:colcon.colcon_core.package_identification:_identify(src/DynamixelSDK/c#/protocol2.0/reboot) by extensions ['colcon_meta']
[0.335s] Level 1:colcon.colcon_core.package_identification:_identify(src/DynamixelSDK/c#/protocol2.0/reboot) by extension 'colcon_meta'
[0.335s] Level 1:colcon.colcon_core.package_identification:_identify(src/DynamixelSDK/c#/protocol2.0/reboot) by extensions ['ros']
[0.335s] Level 1:colcon.colcon_core.package_identification:_identify(src/DynamixelSDK/c#/protocol2.0/reboot) by extension 'ros'
[0.335s] Level 1:colcon.colcon_core.package_identification:_identify(src/DynamixelSDK/c#/protocol2.0/reboot) by extensions ['cmake', 'python']
[0.335s] Level 1:colcon.colcon_core.package_identification:_identify(src/DynamixelSDK/c#/protocol2.0/reboot) by extension 'cmake'
[0.335s] Level 1:colcon.colcon_core.package_identification:_identify(src/DynamixelSDK/c#/protocol2.0/reboot) by extension 'python'
[0.335s] Level 1:colcon.colcon_core.package_identification:_identify(src/DynamixelSDK/c#/protocol2.0/reboot) by extensions ['python_setup_py']
[0.335s] Level 1:colcon.colcon_core.package_identification:_identify(src/DynamixelSDK/c#/protocol2.0/reboot) by extension 'python_setup_py'
[0.335s] Level 1:colcon.colcon_core.package_identification:_identify(src/DynamixelSDK/c#/protocol2.0/reboot/win32) by extensions ['ignore', 'ignore_ament_install']
[0.335s] Level 1:colcon.colcon_core.package_identification:_identify(src/DynamixelSDK/c#/protocol2.0/reboot/win32) by extension 'ignore'
[0.335s] Level 1:colcon.colcon_core.package_identification:_identify(src/DynamixelSDK/c#/protocol2.0/reboot/win32) by extension 'ignore_ament_install'
[0.335s] Level 1:colcon.colcon_core.package_identification:_identify(src/DynamixelSDK/c#/protocol2.0/reboot/win32) by extensions ['colcon_pkg']
[0.335s] Level 1:colcon.colcon_core.package_identification:_identify(src/DynamixelSDK/c#/protocol2.0/reboot/win32) by extension 'colcon_pkg'
[0.335s] Level 1:colcon.colcon_core.package_identification:_identify(src/DynamixelSDK/c#/protocol2.0/reboot/win32) by extensions ['colcon_meta']
[0.335s] Level 1:colcon.colcon_core.package_identification:_identify(src/DynamixelSDK/c#/protocol2.0/reboot/win32) by extension 'colcon_meta'
[0.335s] Level 1:colcon.colcon_core.package_identification:_identify(src/DynamixelSDK/c#/protocol2.0/reboot/win32) by extensions ['ros']
[0.336s] Level 1:colcon.colcon_core.package_identification:_identify(src/DynamixelSDK/c#/protocol2.0/reboot/win32) by extension 'ros'
[0.336s] Level 1:colcon.colcon_core.package_identification:_identify(src/DynamixelSDK/c#/protocol2.0/reboot/win32) by extensions ['cmake', 'python']
[0.336s] Level 1:colcon.colcon_core.package_identification:_identify(src/DynamixelSDK/c#/protocol2.0/reboot/win32) by extension 'cmake'
[0.336s] Level 1:colcon.colcon_core.package_identification:_identify(src/DynamixelSDK/c#/protocol2.0/reboot/win32) by extension 'python'
[0.336s] Level 1:colcon.colcon_core.package_identification:_identify(src/DynamixelSDK/c#/protocol2.0/reboot/win32) by extensions ['python_setup_py']
[0.336s] Level 1:colcon.colcon_core.package_identification:_identify(src/DynamixelSDK/c#/protocol2.0/reboot/win32) by extension 'python_setup_py'
[0.336s] Level 1:colcon.colcon_core.package_identification:_identify(src/DynamixelSDK/c#/protocol2.0/reboot/win32/reboot) by extensions ['ignore', 'ignore_ament_install']
[0.336s] Level 1:colcon.colcon_core.package_identification:_identify(src/DynamixelSDK/c#/protocol2.0/reboot/win32/reboot) by extension 'ignore'
[0.336s] Level 1:colcon.colcon_core.package_identification:_identify(src/DynamixelSDK/c#/protocol2.0/reboot/win32/reboot) by extension 'ignore_ament_install'
[0.336s] Level 1:colcon.colcon_core.package_identification:_identify(src/DynamixelSDK/c#/protocol2.0/reboot/win32/reboot) by extensions ['colcon_pkg']
[0.336s] Level 1:colcon.colcon_core.package_identification:_identify(src/DynamixelSDK/c#/protocol2.0/reboot/win32/reboot) by extension 'colcon_pkg'
[0.336s] Level 1:colcon.colcon_core.package_identification:_identify(src/DynamixelSDK/c#/protocol2.0/reboot/win32/reboot) by extensions ['colcon_meta']
[0.336s] Level 1:colcon.colcon_core.package_identification:_identify(src/DynamixelSDK/c#/protocol2.0/reboot/win32/reboot) by extension 'colcon_meta'
[0.336s] Level 1:colcon.colcon_core.package_identification:_identify(src/DynamixelSDK/c#/protocol2.0/reboot/win32/reboot) by extensions ['ros']
[0.336s] Level 1:colcon.colcon_core.package_identification:_identify(src/DynamixelSDK/c#/protocol2.0/reboot/win32/reboot) by extension 'ros'
[0.336s] Level 1:colcon.colcon_core.package_identification:_identify(src/DynamixelSDK/c#/protocol2.0/reboot/win32/reboot) by extensions ['cmake', 'python']
[0.336s] Level 1:colcon.colcon_core.package_identification:_identify(src/DynamixelSDK/c#/protocol2.0/reboot/win32/reboot) by extension 'cmake'
[0.336s] Level 1:colcon.colcon_core.package_identification:_identify(src/DynamixelSDK/c#/protocol2.0/reboot/win32/reboot) by extension 'python'
[0.336s] Level 1:colcon.colcon_core.package_identification:_identify(src/DynamixelSDK/c#/protocol2.0/reboot/win32/reboot) by extensions ['python_setup_py']
[0.336s] Level 1:colcon.colcon_core.package_identification:_identify(src/DynamixelSDK/c#/protocol2.0/reboot/win32/reboot) by extension 'python_setup_py'
[0.336s] Level 1:colcon.colcon_core.package_identification:_identify(src/DynamixelSDK/c#/protocol2.0/reboot/win32/reboot/Properties) by extensions ['ignore', 'ignore_ament_install']
[0.337s] Level 1:colcon.colcon_core.package_identification:_identify(src/DynamixelSDK/c#/protocol2.0/reboot/win32/reboot/Properties) by extension 'ignore'
[0.337s] Level 1:colcon.colcon_core.package_identification:_identify(src/DynamixelSDK/c#/protocol2.0/reboot/win32/reboot/Properties) by extension 'ignore_ament_install'
[0.337s] Level 1:colcon.colcon_core.package_identification:_identify(src/DynamixelSDK/c#/protocol2.0/reboot/win32/reboot/Properties) by extensions ['colcon_pkg']
[0.337s] Level 1:colcon.colcon_core.package_identification:_identify(src/DynamixelSDK/c#/protocol2.0/reboot/win32/reboot/Properties) by extension 'colcon_pkg'
[0.337s] Level 1:colcon.colcon_core.package_identification:_identify(src/DynamixelSDK/c#/protocol2.0/reboot/win32/reboot/Properties) by extensions ['colcon_meta']
[0.337s] Level 1:colcon.colcon_core.package_identification:_identify(src/DynamixelSDK/c#/protocol2.0/reboot/win32/reboot/Properties) by extension 'colcon_meta'
[0.337s] Level 1:colcon.colcon_core.package_identification:_identify(src/DynamixelSDK/c#/protocol2.0/reboot/win32/reboot/Properties) by extensions ['ros']
[0.337s] Level 1:colcon.colcon_core.package_identification:_identify(src/DynamixelSDK/c#/protocol2.0/reboot/win32/reboot/Properties) by extension 'ros'
[0.337s] Level 1:colcon.colcon_core.package_identification:_identify(src/DynamixelSDK/c#/protocol2.0/reboot/win32/reboot/Properties) by extensions ['cmake', 'python']
[0.337s] Level 1:colcon.colcon_core.package_identification:_identify(src/DynamixelSDK/c#/protocol2.0/reboot/win32/reboot/Properties) by extension 'cmake'
[0.337s] Level 1:colcon.colcon_core.package_identification:_identify(src/DynamixelSDK/c#/protocol2.0/reboot/win32/reboot/Properties) by extension 'python'
[0.337s] Level 1:colcon.colcon_core.package_identification:_identify(src/DynamixelSDK/c#/protocol2.0/reboot/win32/reboot/Properties) by extensions ['python_setup_py']
[0.337s] Level 1:colcon.colcon_core.package_identification:_identify(src/DynamixelSDK/c#/protocol2.0/reboot/win32/reboot/Properties) by extension 'python_setup_py'
[0.337s] Level 1:colcon.colcon_core.package_identification:_identify(src/DynamixelSDK/c#/protocol2.0/reboot/win64) by extensions ['ignore', 'ignore_ament_install']
[0.337s] Level 1:colcon.colcon_core.package_identification:_identify(src/DynamixelSDK/c#/protocol2.0/reboot/win64) by extension 'ignore'
[0.337s] Level 1:colcon.colcon_core.package_identification:_identify(src/DynamixelSDK/c#/protocol2.0/reboot/win64) by extension 'ignore_ament_install'
[0.337s] Level 1:colcon.colcon_core.package_identification:_identify(src/DynamixelSDK/c#/protocol2.0/reboot/win64) by extensions ['colcon_pkg']
[0.337s] Level 1:colcon.colcon_core.package_identification:_identify(src/DynamixelSDK/c#/protocol2.0/reboot/win64) by extension 'colcon_pkg'
[0.337s] Level 1:colcon.colcon_core.package_identification:_identify(src/DynamixelSDK/c#/protocol2.0/reboot/win64) by extensions ['colcon_meta']
[0.337s] Level 1:colcon.colcon_core.package_identification:_identify(src/DynamixelSDK/c#/protocol2.0/reboot/win64) by extension 'colcon_meta'
[0.337s] Level 1:colcon.colcon_core.package_identification:_identify(src/DynamixelSDK/c#/protocol2.0/reboot/win64) by extensions ['ros']
[0.337s] Level 1:colcon.colcon_core.package_identification:_identify(src/DynamixelSDK/c#/protocol2.0/reboot/win64) by extension 'ros'
[0.337s] Level 1:colcon.colcon_core.package_identification:_identify(src/DynamixelSDK/c#/protocol2.0/reboot/win64) by extensions ['cmake', 'python']
[0.337s] Level 1:colcon.colcon_core.package_identification:_identify(src/DynamixelSDK/c#/protocol2.0/reboot/win64) by extension 'cmake'
[0.337s] Level 1:colcon.colcon_core.package_identification:_identify(src/DynamixelSDK/c#/protocol2.0/reboot/win64) by extension 'python'
[0.337s] Level 1:colcon.colcon_core.package_identification:_identify(src/DynamixelSDK/c#/protocol2.0/reboot/win64) by extensions ['python_setup_py']
[0.338s] Level 1:colcon.colcon_core.package_identification:_identify(src/DynamixelSDK/c#/protocol2.0/reboot/win64) by extension 'python_setup_py'
[0.338s] Level 1:colcon.colcon_core.package_identification:_identify(src/DynamixelSDK/c#/protocol2.0/reboot/win64/reboot) by extensions ['ignore', 'ignore_ament_install']
[0.338s] Level 1:colcon.colcon_core.package_identification:_identify(src/DynamixelSDK/c#/protocol2.0/reboot/win64/reboot) by extension 'ignore'
[0.338s] Level 1:colcon.colcon_core.package_identification:_identify(src/DynamixelSDK/c#/protocol2.0/reboot/win64/reboot) by extension 'ignore_ament_install'
[0.338s] Level 1:colcon.colcon_core.package_identification:_identify(src/DynamixelSDK/c#/protocol2.0/reboot/win64/reboot) by extensions ['colcon_pkg']
[0.338s] Level 1:colcon.colcon_core.package_identification:_identify(src/DynamixelSDK/c#/protocol2.0/reboot/win64/reboot) by extension 'colcon_pkg'
[0.338s] Level 1:colcon.colcon_core.package_identification:_identify(src/DynamixelSDK/c#/protocol2.0/reboot/win64/reboot) by extensions ['colcon_meta']
[0.338s] Level 1:colcon.colcon_core.package_identification:_identify(src/DynamixelSDK/c#/protocol2.0/reboot/win64/reboot) by extension 'colcon_meta'
[0.338s] Level 1:colcon.colcon_core.package_identification:_identify(src/DynamixelSDK/c#/protocol2.0/reboot/win64/reboot) by extensions ['ros']
[0.338s] Level 1:colcon.colcon_core.package_identification:_identify(src/DynamixelSDK/c#/protocol2.0/reboot/win64/reboot) by extension 'ros'
[0.338s] Level 1:colcon.colcon_core.package_identification:_identify(src/DynamixelSDK/c#/protocol2.0/reboot/win64/reboot) by extensions ['cmake', 'python']
[0.338s] Level 1:colcon.colcon_core.package_identification:_identify(src/DynamixelSDK/c#/protocol2.0/reboot/win64/reboot) by extension 'cmake'
[0.338s] Level 1:colcon.colcon_core.package_identification:_identify(src/DynamixelSDK/c#/protocol2.0/reboot/win64/reboot) by extension 'python'
[0.338s] Level 1:colcon.colcon_core.package_identification:_identify(src/DynamixelSDK/c#/protocol2.0/reboot/win64/reboot) by extensions ['python_setup_py']
[0.338s] Level 1:colcon.colcon_core.package_identification:_identify(src/DynamixelSDK/c#/protocol2.0/reboot/win64/reboot) by extension 'python_setup_py'
[0.338s] Level 1:colcon.colcon_core.package_identification:_identify(src/DynamixelSDK/c#/protocol2.0/reboot/win64/reboot/Properties) by extensions ['ignore', 'ignore_ament_install']
[0.338s] Level 1:colcon.colcon_core.package_identification:_identify(src/DynamixelSDK/c#/protocol2.0/reboot/win64/reboot/Properties) by extension 'ignore'
[0.338s] Level 1:colcon.colcon_core.package_identification:_identify(src/DynamixelSDK/c#/protocol2.0/reboot/win64/reboot/Properties) by extension 'ignore_ament_install'
[0.338s] Level 1:colcon.colcon_core.package_identification:_identify(src/DynamixelSDK/c#/protocol2.0/reboot/win64/reboot/Properties) by extensions ['colcon_pkg']
[0.338s] Level 1:colcon.colcon_core.package_identification:_identify(src/DynamixelSDK/c#/protocol2.0/reboot/win64/reboot/Properties) by extension 'colcon_pkg'
[0.338s] Level 1:colcon.colcon_core.package_identification:_identify(src/DynamixelSDK/c#/protocol2.0/reboot/win64/reboot/Properties) by extensions ['colcon_meta']
[0.339s] Level 1:colcon.colcon_core.package_identification:_identify(src/DynamixelSDK/c#/protocol2.0/reboot/win64/reboot/Properties) by extension 'colcon_meta'
[0.339s] Level 1:colcon.colcon_core.package_identification:_identify(src/DynamixelSDK/c#/protocol2.0/reboot/win64/reboot/Properties) by extensions ['ros']
[0.339s] Level 1:colcon.colcon_core.package_identification:_identify(src/DynamixelSDK/c#/protocol2.0/reboot/win64/reboot/Properties) by extension 'ros'
[0.339s] Level 1:colcon.colcon_core.package_identification:_identify(src/DynamixelSDK/c#/protocol2.0/reboot/win64/reboot/Properties) by extensions ['cmake', 'python']
[0.339s] Level 1:colcon.colcon_core.package_identification:_identify(src/DynamixelSDK/c#/protocol2.0/reboot/win64/reboot/Properties) by extension 'cmake'
[0.339s] Level 1:colcon.colcon_core.package_identification:_identify(src/DynamixelSDK/c#/protocol2.0/reboot/win64/reboot/Properties) by extension 'python'
[0.339s] Level 1:colcon.colcon_core.package_identification:_identify(src/DynamixelSDK/c#/protocol2.0/reboot/win64/reboot/Properties) by extensions ['python_setup_py']
[0.339s] Level 1:colcon.colcon_core.package_identification:_identify(src/DynamixelSDK/c#/protocol2.0/reboot/win64/reboot/Properties) by extension 'python_setup_py'
[0.339s] Level 1:colcon.colcon_core.package_identification:_identify(src/DynamixelSDK/c#/protocol2.0/sync_read_write) by extensions ['ignore', 'ignore_ament_install']
[0.339s] Level 1:colcon.colcon_core.package_identification:_identify(src/DynamixelSDK/c#/protocol2.0/sync_read_write) by extension 'ignore'
[0.339s] Level 1:colcon.colcon_core.package_identification:_identify(src/DynamixelSDK/c#/protocol2.0/sync_read_write) by extension 'ignore_ament_install'
[0.339s] Level 1:colcon.colcon_core.package_identification:_identify(src/DynamixelSDK/c#/protocol2.0/sync_read_write) by extensions ['colcon_pkg']
[0.339s] Level 1:colcon.colcon_core.package_identification:_identify(src/DynamixelSDK/c#/protocol2.0/sync_read_write) by extension 'colcon_pkg'
[0.339s] Level 1:colcon.colcon_core.package_identification:_identify(src/DynamixelSDK/c#/protocol2.0/sync_read_write) by extensions ['colcon_meta']
[0.339s] Level 1:colcon.colcon_core.package_identification:_identify(src/DynamixelSDK/c#/protocol2.0/sync_read_write) by extension 'colcon_meta'
[0.339s] Level 1:colcon.colcon_core.package_identification:_identify(src/DynamixelSDK/c#/protocol2.0/sync_read_write) by extensions ['ros']
[0.339s] Level 1:colcon.colcon_core.package_identification:_identify(src/DynamixelSDK/c#/protocol2.0/sync_read_write) by extension 'ros'
[0.339s] Level 1:colcon.colcon_core.package_identification:_identify(src/DynamixelSDK/c#/protocol2.0/sync_read_write) by extensions ['cmake', 'python']
[0.339s] Level 1:colcon.colcon_core.package_identification:_identify(src/DynamixelSDK/c#/protocol2.0/sync_read_write) by extension 'cmake'
[0.339s] Level 1:colcon.colcon_core.package_identification:_identify(src/DynamixelSDK/c#/protocol2.0/sync_read_write) by extension 'python'
[0.339s] Level 1:colcon.colcon_core.package_identification:_identify(src/DynamixelSDK/c#/protocol2.0/sync_read_write) by extensions ['python_setup_py']
[0.339s] Level 1:colcon.colcon_core.package_identification:_identify(src/DynamixelSDK/c#/protocol2.0/sync_read_write) by extension 'python_setup_py'
[0.340s] Level 1:colcon.colcon_core.package_identification:_identify(src/DynamixelSDK/c#/protocol2.0/sync_read_write/win32) by extensions ['ignore', 'ignore_ament_install']
[0.340s] Level 1:colcon.colcon_core.package_identification:_identify(src/DynamixelSDK/c#/protocol2.0/sync_read_write/win32) by extension 'ignore'
[0.340s] Level 1:colcon.colcon_core.package_identification:_identify(src/DynamixelSDK/c#/protocol2.0/sync_read_write/win32) by extension 'ignore_ament_install'
[0.340s] Level 1:colcon.colcon_core.package_identification:_identify(src/DynamixelSDK/c#/protocol2.0/sync_read_write/win32) by extensions ['colcon_pkg']
[0.340s] Level 1:colcon.colcon_core.package_identification:_identify(src/DynamixelSDK/c#/protocol2.0/sync_read_write/win32) by extension 'colcon_pkg'
[0.340s] Level 1:colcon.colcon_core.package_identification:_identify(src/DynamixelSDK/c#/protocol2.0/sync_read_write/win32) by extensions ['colcon_meta']
[0.340s] Level 1:colcon.colcon_core.package_identification:_identify(src/DynamixelSDK/c#/protocol2.0/sync_read_write/win32) by extension 'colcon_meta'
[0.340s] Level 1:colcon.colcon_core.package_identification:_identify(src/DynamixelSDK/c#/protocol2.0/sync_read_write/win32) by extensions ['ros']
[0.340s] Level 1:colcon.colcon_core.package_identification:_identify(src/DynamixelSDK/c#/protocol2.0/sync_read_write/win32) by extension 'ros'
[0.340s] Level 1:colcon.colcon_core.package_identification:_identify(src/DynamixelSDK/c#/protocol2.0/sync_read_write/win32) by extensions ['cmake', 'python']
[0.340s] Level 1:colcon.colcon_core.package_identification:_identify(src/DynamixelSDK/c#/protocol2.0/sync_read_write/win32) by extension 'cmake'
[0.340s] Level 1:colcon.colcon_core.package_identification:_identify(src/DynamixelSDK/c#/protocol2.0/sync_read_write/win32) by extension 'python'
[0.340s] Level 1:colcon.colcon_core.package_identification:_identify(src/DynamixelSDK/c#/protocol2.0/sync_read_write/win32) by extensions ['python_setup_py']
[0.340s] Level 1:colcon.colcon_core.package_identification:_identify(src/DynamixelSDK/c#/protocol2.0/sync_read_write/win32) by extension 'python_setup_py'
[0.340s] Level 1:colcon.colcon_core.package_identification:_identify(src/DynamixelSDK/c#/protocol2.0/sync_read_write/win32/sync_read_write) by extensions ['ignore', 'ignore_ament_install']
[0.340s] Level 1:colcon.colcon_core.package_identification:_identify(src/DynamixelSDK/c#/protocol2.0/sync_read_write/win32/sync_read_write) by extension 'ignore'
[0.340s] Level 1:colcon.colcon_core.package_identification:_identify(src/DynamixelSDK/c#/protocol2.0/sync_read_write/win32/sync_read_write) by extension 'ignore_ament_install'
[0.340s] Level 1:colcon.colcon_core.package_identification:_identify(src/DynamixelSDK/c#/protocol2.0/sync_read_write/win32/sync_read_write) by extensions ['colcon_pkg']
[0.340s] Level 1:colcon.colcon_core.package_identification:_identify(src/DynamixelSDK/c#/protocol2.0/sync_read_write/win32/sync_read_write) by extension 'colcon_pkg'
[0.340s] Level 1:colcon.colcon_core.package_identification:_identify(src/DynamixelSDK/c#/protocol2.0/sync_read_write/win32/sync_read_write) by extensions ['colcon_meta']
[0.340s] Level 1:colcon.colcon_core.package_identification:_identify(src/DynamixelSDK/c#/protocol2.0/sync_read_write/win32/sync_read_write) by extension 'colcon_meta'
[0.340s] Level 1:colcon.colcon_core.package_identification:_identify(src/DynamixelSDK/c#/protocol2.0/sync_read_write/win32/sync_read_write) by extensions ['ros']
[0.340s] Level 1:colcon.colcon_core.package_identification:_identify(src/DynamixelSDK/c#/protocol2.0/sync_read_write/win32/sync_read_write) by extension 'ros'
[0.341s] Level 1:colcon.colcon_core.package_identification:_identify(src/DynamixelSDK/c#/protocol2.0/sync_read_write/win32/sync_read_write) by extensions ['cmake', 'python']
[0.341s] Level 1:colcon.colcon_core.package_identification:_identify(src/DynamixelSDK/c#/protocol2.0/sync_read_write/win32/sync_read_write) by extension 'cmake'
[0.341s] Level 1:colcon.colcon_core.package_identification:_identify(src/DynamixelSDK/c#/protocol2.0/sync_read_write/win32/sync_read_write) by extension 'python'
[0.341s] Level 1:colcon.colcon_core.package_identification:_identify(src/DynamixelSDK/c#/protocol2.0/sync_read_write/win32/sync_read_write) by extensions ['python_setup_py']
[0.341s] Level 1:colcon.colcon_core.package_identification:_identify(src/DynamixelSDK/c#/protocol2.0/sync_read_write/win32/sync_read_write) by extension 'python_setup_py'
[0.341s] Level 1:colcon.colcon_core.package_identification:_identify(src/DynamixelSDK/c#/protocol2.0/sync_read_write/win32/sync_read_write/Properties) by extensions ['ignore', 'ignore_ament_install']
[0.341s] Level 1:colcon.colcon_core.package_identification:_identify(src/DynamixelSDK/c#/protocol2.0/sync_read_write/win32/sync_read_write/Properties) by extension 'ignore'
[0.341s] Level 1:colcon.colcon_core.package_identification:_identify(src/DynamixelSDK/c#/protocol2.0/sync_read_write/win32/sync_read_write/Properties) by extension 'ignore_ament_install'
[0.341s] Level 1:colcon.colcon_core.package_identification:_identify(src/DynamixelSDK/c#/protocol2.0/sync_read_write/win32/sync_read_write/Properties) by extensions ['colcon_pkg']
[0.341s] Level 1:colcon.colcon_core.package_identification:_identify(src/DynamixelSDK/c#/protocol2.0/sync_read_write/win32/sync_read_write/Properties) by extension 'colcon_pkg'
[0.341s] Level 1:colcon.colcon_core.package_identification:_identify(src/DynamixelSDK/c#/protocol2.0/sync_read_write/win32/sync_read_write/Properties) by extensions ['colcon_meta']
[0.341s] Level 1:colcon.colcon_core.package_identification:_identify(src/DynamixelSDK/c#/protocol2.0/sync_read_write/win32/sync_read_write/Properties) by extension 'colcon_meta'
[0.341s] Level 1:colcon.colcon_core.package_identification:_identify(src/DynamixelSDK/c#/protocol2.0/sync_read_write/win32/sync_read_write/Properties) by extensions ['ros']
[0.341s] Level 1:colcon.colcon_core.package_identification:_identify(src/DynamixelSDK/c#/protocol2.0/sync_read_write/win32/sync_read_write/Properties) by extension 'ros'
[0.341s] Level 1:colcon.colcon_core.package_identification:_identify(src/DynamixelSDK/c#/protocol2.0/sync_read_write/win32/sync_read_write/Properties) by extensions ['cmake', 'python']
[0.341s] Level 1:colcon.colcon_core.package_identification:_identify(src/DynamixelSDK/c#/protocol2.0/sync_read_write/win32/sync_read_write/Properties) by extension 'cmake'
[0.341s] Level 1:colcon.colcon_core.package_identification:_identify(src/DynamixelSDK/c#/protocol2.0/sync_read_write/win32/sync_read_write/Properties) by extension 'python'
[0.341s] Level 1:colcon.colcon_core.package_identification:_identify(src/DynamixelSDK/c#/protocol2.0/sync_read_write/win32/sync_read_write/Properties) by extensions ['python_setup_py']
[0.341s] Level 1:colcon.colcon_core.package_identification:_identify(src/DynamixelSDK/c#/protocol2.0/sync_read_write/win32/sync_read_write/Properties) by extension 'python_setup_py'
[0.341s] Level 1:colcon.colcon_core.package_identification:_identify(src/DynamixelSDK/c#/protocol2.0/sync_read_write/win64) by extensions ['ignore', 'ignore_ament_install']
[0.341s] Level 1:colcon.colcon_core.package_identification:_identify(src/DynamixelSDK/c#/protocol2.0/sync_read_write/win64) by extension 'ignore'
[0.342s] Level 1:colcon.colcon_core.package_identification:_identify(src/DynamixelSDK/c#/protocol2.0/sync_read_write/win64) by extension 'ignore_ament_install'
[0.342s] Level 1:colcon.colcon_core.package_identification:_identify(src/DynamixelSDK/c#/protocol2.0/sync_read_write/win64) by extensions ['colcon_pkg']
[0.342s] Level 1:colcon.colcon_core.package_identification:_identify(src/DynamixelSDK/c#/protocol2.0/sync_read_write/win64) by extension 'colcon_pkg'
[0.342s] Level 1:colcon.colcon_core.package_identification:_identify(src/DynamixelSDK/c#/protocol2.0/sync_read_write/win64) by extensions ['colcon_meta']
[0.342s] Level 1:colcon.colcon_core.package_identification:_identify(src/DynamixelSDK/c#/protocol2.0/sync_read_write/win64) by extension 'colcon_meta'
[0.342s] Level 1:colcon.colcon_core.package_identification:_identify(src/DynamixelSDK/c#/protocol2.0/sync_read_write/win64) by extensions ['ros']
[0.342s] Level 1:colcon.colcon_core.package_identification:_identify(src/DynamixelSDK/c#/protocol2.0/sync_read_write/win64) by extension 'ros'
[0.342s] Level 1:colcon.colcon_core.package_identification:_identify(src/DynamixelSDK/c#/protocol2.0/sync_read_write/win64) by extensions ['cmake', 'python']
[0.342s] Level 1:colcon.colcon_core.package_identification:_identify(src/DynamixelSDK/c#/protocol2.0/sync_read_write/win64) by extension 'cmake'
[0.342s] Level 1:colcon.colcon_core.package_identification:_identify(src/DynamixelSDK/c#/protocol2.0/sync_read_write/win64) by extension 'python'
[0.342s] Level 1:colcon.colcon_core.package_identification:_identify(src/DynamixelSDK/c#/protocol2.0/sync_read_write/win64) by extensions ['python_setup_py']
[0.342s] Level 1:colcon.colcon_core.package_identification:_identify(src/DynamixelSDK/c#/protocol2.0/sync_read_write/win64) by extension 'python_setup_py'
[0.342s] Level 1:colcon.colcon_core.package_identification:_identify(src/DynamixelSDK/c#/protocol2.0/sync_read_write/win64/sync_read_write) by extensions ['ignore', 'ignore_ament_install']
[0.343s] Level 1:colcon.colcon_core.package_identification:_identify(src/DynamixelSDK/c#/protocol2.0/sync_read_write/win64/sync_read_write) by extension 'ignore'
[0.343s] Level 1:colcon.colcon_core.package_identification:_identify(src/DynamixelSDK/c#/protocol2.0/sync_read_write/win64/sync_read_write) by extension 'ignore_ament_install'
[0.343s] Level 1:colcon.colcon_core.package_identification:_identify(src/DynamixelSDK/c#/protocol2.0/sync_read_write/win64/sync_read_write) by extensions ['colcon_pkg']
[0.343s] Level 1:colcon.colcon_core.package_identification:_identify(src/DynamixelSDK/c#/protocol2.0/sync_read_write/win64/sync_read_write) by extension 'colcon_pkg'
[0.343s] Level 1:colcon.colcon_core.package_identification:_identify(src/DynamixelSDK/c#/protocol2.0/sync_read_write/win64/sync_read_write) by extensions ['colcon_meta']
[0.343s] Level 1:colcon.colcon_core.package_identification:_identify(src/DynamixelSDK/c#/protocol2.0/sync_read_write/win64/sync_read_write) by extension 'colcon_meta'
[0.343s] Level 1:colcon.colcon_core.package_identification:_identify(src/DynamixelSDK/c#/protocol2.0/sync_read_write/win64/sync_read_write) by extensions ['ros']
[0.343s] Level 1:colcon.colcon_core.package_identification:_identify(src/DynamixelSDK/c#/protocol2.0/sync_read_write/win64/sync_read_write) by extension 'ros'
[0.343s] Level 1:colcon.colcon_core.package_identification:_identify(src/DynamixelSDK/c#/protocol2.0/sync_read_write/win64/sync_read_write) by extensions ['cmake', 'python']
[0.343s] Level 1:colcon.colcon_core.package_identification:_identify(src/DynamixelSDK/c#/protocol2.0/sync_read_write/win64/sync_read_write) by extension 'cmake'
[0.343s] Level 1:colcon.colcon_core.package_identification:_identify(src/DynamixelSDK/c#/protocol2.0/sync_read_write/win64/sync_read_write) by extension 'python'
[0.343s] Level 1:colcon.colcon_core.package_identification:_identify(src/DynamixelSDK/c#/protocol2.0/sync_read_write/win64/sync_read_write) by extensions ['python_setup_py']
[0.343s] Level 1:colcon.colcon_core.package_identification:_identify(src/DynamixelSDK/c#/protocol2.0/sync_read_write/win64/sync_read_write) by extension 'python_setup_py'
[0.343s] Level 1:colcon.colcon_core.package_identification:_identify(src/DynamixelSDK/c#/protocol2.0/sync_read_write/win64/sync_read_write/Properties) by extensions ['ignore', 'ignore_ament_install']
[0.343s] Level 1:colcon.colcon_core.package_identification:_identify(src/DynamixelSDK/c#/protocol2.0/sync_read_write/win64/sync_read_write/Properties) by extension 'ignore'
[0.343s] Level 1:colcon.colcon_core.package_identification:_identify(src/DynamixelSDK/c#/protocol2.0/sync_read_write/win64/sync_read_write/Properties) by extension 'ignore_ament_install'
[0.343s] Level 1:colcon.colcon_core.package_identification:_identify(src/DynamixelSDK/c#/protocol2.0/sync_read_write/win64/sync_read_write/Properties) by extensions ['colcon_pkg']
[0.343s] Level 1:colcon.colcon_core.package_identification:_identify(src/DynamixelSDK/c#/protocol2.0/sync_read_write/win64/sync_read_write/Properties) by extension 'colcon_pkg'
[0.343s] Level 1:colcon.colcon_core.package_identification:_identify(src/DynamixelSDK/c#/protocol2.0/sync_read_write/win64/sync_read_write/Properties) by extensions ['colcon_meta']
[0.343s] Level 1:colcon.colcon_core.package_identification:_identify(src/DynamixelSDK/c#/protocol2.0/sync_read_write/win64/sync_read_write/Properties) by extension 'colcon_meta'
[0.343s] Level 1:colcon.colcon_core.package_identification:_identify(src/DynamixelSDK/c#/protocol2.0/sync_read_write/win64/sync_read_write/Properties) by extensions ['ros']
[0.343s] Level 1:colcon.colcon_core.package_identification:_identify(src/DynamixelSDK/c#/protocol2.0/sync_read_write/win64/sync_read_write/Properties) by extension 'ros'
[0.343s] Level 1:colcon.colcon_core.package_identification:_identify(src/DynamixelSDK/c#/protocol2.0/sync_read_write/win64/sync_read_write/Properties) by extensions ['cmake', 'python']
[0.343s] Level 1:colcon.colcon_core.package_identification:_identify(src/DynamixelSDK/c#/protocol2.0/sync_read_write/win64/sync_read_write/Properties) by extension 'cmake'
[0.343s] Level 1:colcon.colcon_core.package_identification:_identify(src/DynamixelSDK/c#/protocol2.0/sync_read_write/win64/sync_read_write/Properties) by extension 'python'
[0.344s] Level 1:colcon.colcon_core.package_identification:_identify(src/DynamixelSDK/c#/protocol2.0/sync_read_write/win64/sync_read_write/Properties) by extensions ['python_setup_py']
[0.344s] Level 1:colcon.colcon_core.package_identification:_identify(src/DynamixelSDK/c#/protocol2.0/sync_read_write/win64/sync_read_write/Properties) by extension 'python_setup_py'
[0.344s] Level 1:colcon.colcon_core.package_identification:_identify(src/DynamixelSDK/c#/protocol_combined) by extensions ['ignore', 'ignore_ament_install']
[0.344s] Level 1:colcon.colcon_core.package_identification:_identify(src/DynamixelSDK/c#/protocol_combined) by extension 'ignore'
[0.344s] Level 1:colcon.colcon_core.package_identification:_identify(src/DynamixelSDK/c#/protocol_combined) by extension 'ignore_ament_install'
[0.344s] Level 1:colcon.colcon_core.package_identification:_identify(src/DynamixelSDK/c#/protocol_combined) by extensions ['colcon_pkg']
[0.344s] Level 1:colcon.colcon_core.package_identification:_identify(src/DynamixelSDK/c#/protocol_combined) by extension 'colcon_pkg'
[0.344s] Level 1:colcon.colcon_core.package_identification:_identify(src/DynamixelSDK/c#/protocol_combined) by extensions ['colcon_meta']
[0.344s] Level 1:colcon.colcon_core.package_identification:_identify(src/DynamixelSDK/c#/protocol_combined) by extension 'colcon_meta'
[0.344s] Level 1:colcon.colcon_core.package_identification:_identify(src/DynamixelSDK/c#/protocol_combined) by extensions ['ros']
[0.344s] Level 1:colcon.colcon_core.package_identification:_identify(src/DynamixelSDK/c#/protocol_combined) by extension 'ros'
[0.344s] Level 1:colcon.colcon_core.package_identification:_identify(src/DynamixelSDK/c#/protocol_combined) by extensions ['cmake', 'python']
[0.344s] Level 1:colcon.colcon_core.package_identification:_identify(src/DynamixelSDK/c#/protocol_combined) by extension 'cmake'
[0.344s] Level 1:colcon.colcon_core.package_identification:_identify(src/DynamixelSDK/c#/protocol_combined) by extension 'python'
[0.344s] Level 1:colcon.colcon_core.package_identification:_identify(src/DynamixelSDK/c#/protocol_combined) by extensions ['python_setup_py']
[0.344s] Level 1:colcon.colcon_core.package_identification:_identify(src/DynamixelSDK/c#/protocol_combined) by extension 'python_setup_py'
[0.344s] Level 1:colcon.colcon_core.package_identification:_identify(src/DynamixelSDK/c#/protocol_combined/win32) by extensions ['ignore', 'ignore_ament_install']
[0.344s] Level 1:colcon.colcon_core.package_identification:_identify(src/DynamixelSDK/c#/protocol_combined/win32) by extension 'ignore'
[0.345s] Level 1:colcon.colcon_core.package_identification:_identify(src/DynamixelSDK/c#/protocol_combined/win32) by extension 'ignore_ament_install'
[0.345s] Level 1:colcon.colcon_core.package_identification:_identify(src/DynamixelSDK/c#/protocol_combined/win32) by extensions ['colcon_pkg']
[0.345s] Level 1:colcon.colcon_core.package_identification:_identify(src/DynamixelSDK/c#/protocol_combined/win32) by extension 'colcon_pkg'
[0.345s] Level 1:colcon.colcon_core.package_identification:_identify(src/DynamixelSDK/c#/protocol_combined/win32) by extensions ['colcon_meta']
[0.345s] Level 1:colcon.colcon_core.package_identification:_identify(src/DynamixelSDK/c#/protocol_combined/win32) by extension 'colcon_meta'
[0.345s] Level 1:colcon.colcon_core.package_identification:_identify(src/DynamixelSDK/c#/protocol_combined/win32) by extensions ['ros']
[0.345s] Level 1:colcon.colcon_core.package_identification:_identify(src/DynamixelSDK/c#/protocol_combined/win32) by extension 'ros'
[0.345s] Level 1:colcon.colcon_core.package_identification:_identify(src/DynamixelSDK/c#/protocol_combined/win32) by extensions ['cmake', 'python']
[0.345s] Level 1:colcon.colcon_core.package_identification:_identify(src/DynamixelSDK/c#/protocol_combined/win32) by extension 'cmake'
[0.345s] Level 1:colcon.colcon_core.package_identification:_identify(src/DynamixelSDK/c#/protocol_combined/win32) by extension 'python'
[0.345s] Level 1:colcon.colcon_core.package_identification:_identify(src/DynamixelSDK/c#/protocol_combined/win32) by extensions ['python_setup_py']
[0.345s] Level 1:colcon.colcon_core.package_identification:_identify(src/DynamixelSDK/c#/protocol_combined/win32) by extension 'python_setup_py'
[0.345s] Level 1:colcon.colcon_core.package_identification:_identify(src/DynamixelSDK/c#/protocol_combined/win32/protocol_combined) by extensions ['ignore', 'ignore_ament_install']
[0.345s] Level 1:colcon.colcon_core.package_identification:_identify(src/DynamixelSDK/c#/protocol_combined/win32/protocol_combined) by extension 'ignore'
[0.345s] Level 1:colcon.colcon_core.package_identification:_identify(src/DynamixelSDK/c#/protocol_combined/win32/protocol_combined) by extension 'ignore_ament_install'
[0.345s] Level 1:colcon.colcon_core.package_identification:_identify(src/DynamixelSDK/c#/protocol_combined/win32/protocol_combined) by extensions ['colcon_pkg']
[0.345s] Level 1:colcon.colcon_core.package_identification:_identify(src/DynamixelSDK/c#/protocol_combined/win32/protocol_combined) by extension 'colcon_pkg'
[0.345s] Level 1:colcon.colcon_core.package_identification:_identify(src/DynamixelSDK/c#/protocol_combined/win32/protocol_combined) by extensions ['colcon_meta']
[0.345s] Level 1:colcon.colcon_core.package_identification:_identify(src/DynamixelSDK/c#/protocol_combined/win32/protocol_combined) by extension 'colcon_meta'
[0.345s] Level 1:colcon.colcon_core.package_identification:_identify(src/DynamixelSDK/c#/protocol_combined/win32/protocol_combined) by extensions ['ros']
[0.345s] Level 1:colcon.colcon_core.package_identification:_identify(src/DynamixelSDK/c#/protocol_combined/win32/protocol_combined) by extension 'ros'
[0.345s] Level 1:colcon.colcon_core.package_identification:_identify(src/DynamixelSDK/c#/protocol_combined/win32/protocol_combined) by extensions ['cmake', 'python']
[0.345s] Level 1:colcon.colcon_core.package_identification:_identify(src/DynamixelSDK/c#/protocol_combined/win32/protocol_combined) by extension 'cmake'
[0.345s] Level 1:colcon.colcon_core.package_identification:_identify(src/DynamixelSDK/c#/protocol_combined/win32/protocol_combined) by extension 'python'
[0.345s] Level 1:colcon.colcon_core.package_identification:_identify(src/DynamixelSDK/c#/protocol_combined/win32/protocol_combined) by extensions ['python_setup_py']
[0.345s] Level 1:colcon.colcon_core.package_identification:_identify(src/DynamixelSDK/c#/protocol_combined/win32/protocol_combined) by extension 'python_setup_py'
[0.346s] Level 1:colcon.colcon_core.package_identification:_identify(src/DynamixelSDK/c#/protocol_combined/win32/protocol_combined/Properties) by extensions ['ignore', 'ignore_ament_install']
[0.346s] Level 1:colcon.colcon_core.package_identification:_identify(src/DynamixelSDK/c#/protocol_combined/win32/protocol_combined/Properties) by extension 'ignore'
[0.346s] Level 1:colcon.colcon_core.package_identification:_identify(src/DynamixelSDK/c#/protocol_combined/win32/protocol_combined/Properties) by extension 'ignore_ament_install'
[0.346s] Level 1:colcon.colcon_core.package_identification:_identify(src/DynamixelSDK/c#/protocol_combined/win32/protocol_combined/Properties) by extensions ['colcon_pkg']
[0.346s] Level 1:colcon.colcon_core.package_identification:_identify(src/DynamixelSDK/c#/protocol_combined/win32/protocol_combined/Properties) by extension 'colcon_pkg'
[0.346s] Level 1:colcon.colcon_core.package_identification:_identify(src/DynamixelSDK/c#/protocol_combined/win32/protocol_combined/Properties) by extensions ['colcon_meta']
[0.346s] Level 1:colcon.colcon_core.package_identification:_identify(src/DynamixelSDK/c#/protocol_combined/win32/protocol_combined/Properties) by extension 'colcon_meta'
[0.346s] Level 1:colcon.colcon_core.package_identification:_identify(src/DynamixelSDK/c#/protocol_combined/win32/protocol_combined/Properties) by extensions ['ros']
[0.346s] Level 1:colcon.colcon_core.package_identification:_identify(src/DynamixelSDK/c#/protocol_combined/win32/protocol_combined/Properties) by extension 'ros'
[0.346s] Level 1:colcon.colcon_core.package_identification:_identify(src/DynamixelSDK/c#/protocol_combined/win32/protocol_combined/Properties) by extensions ['cmake', 'python']
[0.346s] Level 1:colcon.colcon_core.package_identification:_identify(src/DynamixelSDK/c#/protocol_combined/win32/protocol_combined/Properties) by extension 'cmake'
[0.346s] Level 1:colcon.colcon_core.package_identification:_identify(src/DynamixelSDK/c#/protocol_combined/win32/protocol_combined/Properties) by extension 'python'
[0.346s] Level 1:colcon.colcon_core.package_identification:_identify(src/DynamixelSDK/c#/protocol_combined/win32/protocol_combined/Properties) by extensions ['python_setup_py']
[0.346s] Level 1:colcon.colcon_core.package_identification:_identify(src/DynamixelSDK/c#/protocol_combined/win32/protocol_combined/Properties) by extension 'python_setup_py'
[0.346s] Level 1:colcon.colcon_core.package_identification:_identify(src/DynamixelSDK/c#/protocol_combined/win32/protocol_combined/obj) by extensions ['ignore', 'ignore_ament_install']
[0.346s] Level 1:colcon.colcon_core.package_identification:_identify(src/DynamixelSDK/c#/protocol_combined/win32/protocol_combined/obj) by extension 'ignore'
[0.346s] Level 1:colcon.colcon_core.package_identification:_identify(src/DynamixelSDK/c#/protocol_combined/win32/protocol_combined/obj) by extension 'ignore_ament_install'
[0.346s] Level 1:colcon.colcon_core.package_identification:_identify(src/DynamixelSDK/c#/protocol_combined/win32/protocol_combined/obj) by extensions ['colcon_pkg']
[0.346s] Level 1:colcon.colcon_core.package_identification:_identify(src/DynamixelSDK/c#/protocol_combined/win32/protocol_combined/obj) by extension 'colcon_pkg'
[0.347s] Level 1:colcon.colcon_core.package_identification:_identify(src/DynamixelSDK/c#/protocol_combined/win32/protocol_combined/obj) by extensions ['colcon_meta']
[0.347s] Level 1:colcon.colcon_core.package_identification:_identify(src/DynamixelSDK/c#/protocol_combined/win32/protocol_combined/obj) by extension 'colcon_meta'
[0.347s] Level 1:colcon.colcon_core.package_identification:_identify(src/DynamixelSDK/c#/protocol_combined/win32/protocol_combined/obj) by extensions ['ros']
[0.347s] Level 1:colcon.colcon_core.package_identification:_identify(src/DynamixelSDK/c#/protocol_combined/win32/protocol_combined/obj) by extension 'ros'
[0.347s] Level 1:colcon.colcon_core.package_identification:_identify(src/DynamixelSDK/c#/protocol_combined/win32/protocol_combined/obj) by extensions ['cmake', 'python']
[0.347s] Level 1:colcon.colcon_core.package_identification:_identify(src/DynamixelSDK/c#/protocol_combined/win32/protocol_combined/obj) by extension 'cmake'
[0.347s] Level 1:colcon.colcon_core.package_identification:_identify(src/DynamixelSDK/c#/protocol_combined/win32/protocol_combined/obj) by extension 'python'
[0.347s] Level 1:colcon.colcon_core.package_identification:_identify(src/DynamixelSDK/c#/protocol_combined/win32/protocol_combined/obj) by extensions ['python_setup_py']
[0.347s] Level 1:colcon.colcon_core.package_identification:_identify(src/DynamixelSDK/c#/protocol_combined/win32/protocol_combined/obj) by extension 'python_setup_py'
[0.347s] Level 1:colcon.colcon_core.package_identification:_identify(src/DynamixelSDK/c#/protocol_combined/win32/protocol_combined/obj/Debug) by extensions ['ignore', 'ignore_ament_install']
[0.347s] Level 1:colcon.colcon_core.package_identification:_identify(src/DynamixelSDK/c#/protocol_combined/win32/protocol_combined/obj/Debug) by extension 'ignore'
[0.347s] Level 1:colcon.colcon_core.package_identification:_identify(src/DynamixelSDK/c#/protocol_combined/win32/protocol_combined/obj/Debug) by extension 'ignore_ament_install'
[0.347s] Level 1:colcon.colcon_core.package_identification:_identify(src/DynamixelSDK/c#/protocol_combined/win32/protocol_combined/obj/Debug) by extensions ['colcon_pkg']
[0.347s] Level 1:colcon.colcon_core.package_identification:_identify(src/DynamixelSDK/c#/protocol_combined/win32/protocol_combined/obj/Debug) by extension 'colcon_pkg'
[0.347s] Level 1:colcon.colcon_core.package_identification:_identify(src/DynamixelSDK/c#/protocol_combined/win32/protocol_combined/obj/Debug) by extensions ['colcon_meta']
[0.347s] Level 1:colcon.colcon_core.package_identification:_identify(src/DynamixelSDK/c#/protocol_combined/win32/protocol_combined/obj/Debug) by extension 'colcon_meta'
[0.347s] Level 1:colcon.colcon_core.package_identification:_identify(src/DynamixelSDK/c#/protocol_combined/win32/protocol_combined/obj/Debug) by extensions ['ros']
[0.347s] Level 1:colcon.colcon_core.package_identification:_identify(src/DynamixelSDK/c#/protocol_combined/win32/protocol_combined/obj/Debug) by extension 'ros'
[0.347s] Level 1:colcon.colcon_core.package_identification:_identify(src/DynamixelSDK/c#/protocol_combined/win32/protocol_combined/obj/Debug) by extensions ['cmake', 'python']
[0.347s] Level 1:colcon.colcon_core.package_identification:_identify(src/DynamixelSDK/c#/protocol_combined/win32/protocol_combined/obj/Debug) by extension 'cmake'
[0.347s] Level 1:colcon.colcon_core.package_identification:_identify(src/DynamixelSDK/c#/protocol_combined/win32/protocol_combined/obj/Debug) by extension 'python'
[0.347s] Level 1:colcon.colcon_core.package_identification:_identify(src/DynamixelSDK/c#/protocol_combined/win32/protocol_combined/obj/Debug) by extensions ['python_setup_py']
[0.347s] Level 1:colcon.colcon_core.package_identification:_identify(src/DynamixelSDK/c#/protocol_combined/win32/protocol_combined/obj/Debug) by extension 'python_setup_py'
[0.348s] Level 1:colcon.colcon_core.package_identification:_identify(src/DynamixelSDK/c#/protocol_combined/win32/protocol_combined/obj/Release) by extensions ['ignore', 'ignore_ament_install']
[0.348s] Level 1:colcon.colcon_core.package_identification:_identify(src/DynamixelSDK/c#/protocol_combined/win32/protocol_combined/obj/Release) by extension 'ignore'
[0.348s] Level 1:colcon.colcon_core.package_identification:_identify(src/DynamixelSDK/c#/protocol_combined/win32/protocol_combined/obj/Release) by extension 'ignore_ament_install'
[0.348s] Level 1:colcon.colcon_core.package_identification:_identify(src/DynamixelSDK/c#/protocol_combined/win32/protocol_combined/obj/Release) by extensions ['colcon_pkg']
[0.348s] Level 1:colcon.colcon_core.package_identification:_identify(src/DynamixelSDK/c#/protocol_combined/win32/protocol_combined/obj/Release) by extension 'colcon_pkg'
[0.348s] Level 1:colcon.colcon_core.package_identification:_identify(src/DynamixelSDK/c#/protocol_combined/win32/protocol_combined/obj/Release) by extensions ['colcon_meta']
[0.348s] Level 1:colcon.colcon_core.package_identification:_identify(src/DynamixelSDK/c#/protocol_combined/win32/protocol_combined/obj/Release) by extension 'colcon_meta'
[0.348s] Level 1:colcon.colcon_core.package_identification:_identify(src/DynamixelSDK/c#/protocol_combined/win32/protocol_combined/obj/Release) by extensions ['ros']
[0.348s] Level 1:colcon.colcon_core.package_identification:_identify(src/DynamixelSDK/c#/protocol_combined/win32/protocol_combined/obj/Release) by extension 'ros'
[0.348s] Level 1:colcon.colcon_core.package_identification:_identify(src/DynamixelSDK/c#/protocol_combined/win32/protocol_combined/obj/Release) by extensions ['cmake', 'python']
[0.348s] Level 1:colcon.colcon_core.package_identification:_identify(src/DynamixelSDK/c#/protocol_combined/win32/protocol_combined/obj/Release) by extension 'cmake'
[0.348s] Level 1:colcon.colcon_core.package_identification:_identify(src/DynamixelSDK/c#/protocol_combined/win32/protocol_combined/obj/Release) by extension 'python'
[0.348s] Level 1:colcon.colcon_core.package_identification:_identify(src/DynamixelSDK/c#/protocol_combined/win32/protocol_combined/obj/Release) by extensions ['python_setup_py']
[0.348s] Level 1:colcon.colcon_core.package_identification:_identify(src/DynamixelSDK/c#/protocol_combined/win32/protocol_combined/obj/Release) by extension 'python_setup_py'
[0.348s] Level 1:colcon.colcon_core.package_identification:_identify(src/DynamixelSDK/c#/protocol_combined/win32/protocol_combined/obj/x86) by extensions ['ignore', 'ignore_ament_install']
[0.348s] Level 1:colcon.colcon_core.package_identification:_identify(src/DynamixelSDK/c#/protocol_combined/win32/protocol_combined/obj/x86) by extension 'ignore'
[0.348s] Level 1:colcon.colcon_core.package_identification:_identify(src/DynamixelSDK/c#/protocol_combined/win32/protocol_combined/obj/x86) by extension 'ignore_ament_install'
[0.348s] Level 1:colcon.colcon_core.package_identification:_identify(src/DynamixelSDK/c#/protocol_combined/win32/protocol_combined/obj/x86) by extensions ['colcon_pkg']
[0.348s] Level 1:colcon.colcon_core.package_identification:_identify(src/DynamixelSDK/c#/protocol_combined/win32/protocol_combined/obj/x86) by extension 'colcon_pkg'
[0.349s] Level 1:colcon.colcon_core.package_identification:_identify(src/DynamixelSDK/c#/protocol_combined/win32/protocol_combined/obj/x86) by extensions ['colcon_meta']
[0.349s] Level 1:colcon.colcon_core.package_identification:_identify(src/DynamixelSDK/c#/protocol_combined/win32/protocol_combined/obj/x86) by extension 'colcon_meta'
[0.349s] Level 1:colcon.colcon_core.package_identification:_identify(src/DynamixelSDK/c#/protocol_combined/win32/protocol_combined/obj/x86) by extensions ['ros']
[0.349s] Level 1:colcon.colcon_core.package_identification:_identify(src/DynamixelSDK/c#/protocol_combined/win32/protocol_combined/obj/x86) by extension 'ros'
[0.349s] Level 1:colcon.colcon_core.package_identification:_identify(src/DynamixelSDK/c#/protocol_combined/win32/protocol_combined/obj/x86) by extensions ['cmake', 'python']
[0.349s] Level 1:colcon.colcon_core.package_identification:_identify(src/DynamixelSDK/c#/protocol_combined/win32/protocol_combined/obj/x86) by extension 'cmake'
[0.349s] Level 1:colcon.colcon_core.package_identification:_identify(src/DynamixelSDK/c#/protocol_combined/win32/protocol_combined/obj/x86) by extension 'python'
[0.349s] Level 1:colcon.colcon_core.package_identification:_identify(src/DynamixelSDK/c#/protocol_combined/win32/protocol_combined/obj/x86) by extensions ['python_setup_py']
[0.349s] Level 1:colcon.colcon_core.package_identification:_identify(src/DynamixelSDK/c#/protocol_combined/win32/protocol_combined/obj/x86) by extension 'python_setup_py'
[0.349s] Level 1:colcon.colcon_core.package_identification:_identify(src/DynamixelSDK/c#/protocol_combined/win32/protocol_combined/obj/x86/Debug) by extensions ['ignore', 'ignore_ament_install']
[0.349s] Level 1:colcon.colcon_core.package_identification:_identify(src/DynamixelSDK/c#/protocol_combined/win32/protocol_combined/obj/x86/Debug) by extension 'ignore'
[0.349s] Level 1:colcon.colcon_core.package_identification:_identify(src/DynamixelSDK/c#/protocol_combined/win32/protocol_combined/obj/x86/Debug) by extension 'ignore_ament_install'
[0.349s] Level 1:colcon.colcon_core.package_identification:_identify(src/DynamixelSDK/c#/protocol_combined/win32/protocol_combined/obj/x86/Debug) by extensions ['colcon_pkg']
[0.349s] Level 1:colcon.colcon_core.package_identification:_identify(src/DynamixelSDK/c#/protocol_combined/win32/protocol_combined/obj/x86/Debug) by extension 'colcon_pkg'
[0.349s] Level 1:colcon.colcon_core.package_identification:_identify(src/DynamixelSDK/c#/protocol_combined/win32/protocol_combined/obj/x86/Debug) by extensions ['colcon_meta']
[0.349s] Level 1:colcon.colcon_core.package_identification:_identify(src/DynamixelSDK/c#/protocol_combined/win32/protocol_combined/obj/x86/Debug) by extension 'colcon_meta'
[0.349s] Level 1:colcon.colcon_core.package_identification:_identify(src/DynamixelSDK/c#/protocol_combined/win32/protocol_combined/obj/x86/Debug) by extensions ['ros']
[0.349s] Level 1:colcon.colcon_core.package_identification:_identify(src/DynamixelSDK/c#/protocol_combined/win32/protocol_combined/obj/x86/Debug) by extension 'ros'
[0.349s] Level 1:colcon.colcon_core.package_identification:_identify(src/DynamixelSDK/c#/protocol_combined/win32/protocol_combined/obj/x86/Debug) by extensions ['cmake', 'python']
[0.349s] Level 1:colcon.colcon_core.package_identification:_identify(src/DynamixelSDK/c#/protocol_combined/win32/protocol_combined/obj/x86/Debug) by extension 'cmake'
[0.349s] Level 1:colcon.colcon_core.package_identification:_identify(src/DynamixelSDK/c#/protocol_combined/win32/protocol_combined/obj/x86/Debug) by extension 'python'
[0.349s] Level 1:colcon.colcon_core.package_identification:_identify(src/DynamixelSDK/c#/protocol_combined/win32/protocol_combined/obj/x86/Debug) by extensions ['python_setup_py']
[0.349s] Level 1:colcon.colcon_core.package_identification:_identify(src/DynamixelSDK/c#/protocol_combined/win32/protocol_combined/obj/x86/Debug) by extension 'python_setup_py'
[0.350s] Level 1:colcon.colcon_core.package_identification:_identify(src/DynamixelSDK/c#/protocol_combined/win32/protocol_combined/obj/x86/Release) by extensions ['ignore', 'ignore_ament_install']
[0.350s] Level 1:colcon.colcon_core.package_identification:_identify(src/DynamixelSDK/c#/protocol_combined/win32/protocol_combined/obj/x86/Release) by extension 'ignore'
[0.350s] Level 1:colcon.colcon_core.package_identification:_identify(src/DynamixelSDK/c#/protocol_combined/win32/protocol_combined/obj/x86/Release) by extension 'ignore_ament_install'
[0.350s] Level 1:colcon.colcon_core.package_identification:_identify(src/DynamixelSDK/c#/protocol_combined/win32/protocol_combined/obj/x86/Release) by extensions ['colcon_pkg']
[0.350s] Level 1:colcon.colcon_core.package_identification:_identify(src/DynamixelSDK/c#/protocol_combined/win32/protocol_combined/obj/x86/Release) by extension 'colcon_pkg'
[0.350s] Level 1:colcon.colcon_core.package_identification:_identify(src/DynamixelSDK/c#/protocol_combined/win32/protocol_combined/obj/x86/Release) by extensions ['colcon_meta']
[0.350s] Level 1:colcon.colcon_core.package_identification:_identify(src/DynamixelSDK/c#/protocol_combined/win32/protocol_combined/obj/x86/Release) by extension 'colcon_meta'
[0.350s] Level 1:colcon.colcon_core.package_identification:_identify(src/DynamixelSDK/c#/protocol_combined/win32/protocol_combined/obj/x86/Release) by extensions ['ros']
[0.350s] Level 1:colcon.colcon_core.package_identification:_identify(src/DynamixelSDK/c#/protocol_combined/win32/protocol_combined/obj/x86/Release) by extension 'ros'
[0.350s] Level 1:colcon.colcon_core.package_identification:_identify(src/DynamixelSDK/c#/protocol_combined/win32/protocol_combined/obj/x86/Release) by extensions ['cmake', 'python']
[0.350s] Level 1:colcon.colcon_core.package_identification:_identify(src/DynamixelSDK/c#/protocol_combined/win32/protocol_combined/obj/x86/Release) by extension 'cmake'
[0.350s] Level 1:colcon.colcon_core.package_identification:_identify(src/DynamixelSDK/c#/protocol_combined/win32/protocol_combined/obj/x86/Release) by extension 'python'
[0.350s] Level 1:colcon.colcon_core.package_identification:_identify(src/DynamixelSDK/c#/protocol_combined/win32/protocol_combined/obj/x86/Release) by extensions ['python_setup_py']
[0.350s] Level 1:colcon.colcon_core.package_identification:_identify(src/DynamixelSDK/c#/protocol_combined/win32/protocol_combined/obj/x86/Release) by extension 'python_setup_py'
[0.350s] Level 1:colcon.colcon_core.package_identification:_identify(src/DynamixelSDK/c#/protocol_combined/win64) by extensions ['ignore', 'ignore_ament_install']
[0.350s] Level 1:colcon.colcon_core.package_identification:_identify(src/DynamixelSDK/c#/protocol_combined/win64) by extension 'ignore'
[0.350s] Level 1:colcon.colcon_core.package_identification:_identify(src/DynamixelSDK/c#/protocol_combined/win64) by extension 'ignore_ament_install'
[0.350s] Level 1:colcon.colcon_core.package_identification:_identify(src/DynamixelSDK/c#/protocol_combined/win64) by extensions ['colcon_pkg']
[0.350s] Level 1:colcon.colcon_core.package_identification:_identify(src/DynamixelSDK/c#/protocol_combined/win64) by extension 'colcon_pkg'
[0.350s] Level 1:colcon.colcon_core.package_identification:_identify(src/DynamixelSDK/c#/protocol_combined/win64) by extensions ['colcon_meta']
[0.350s] Level 1:colcon.colcon_core.package_identification:_identify(src/DynamixelSDK/c#/protocol_combined/win64) by extension 'colcon_meta'
[0.351s] Level 1:colcon.colcon_core.package_identification:_identify(src/DynamixelSDK/c#/protocol_combined/win64) by extensions ['ros']
[0.351s] Level 1:colcon.colcon_core.package_identification:_identify(src/DynamixelSDK/c#/protocol_combined/win64) by extension 'ros'
[0.351s] Level 1:colcon.colcon_core.package_identification:_identify(src/DynamixelSDK/c#/protocol_combined/win64) by extensions ['cmake', 'python']
[0.351s] Level 1:colcon.colcon_core.package_identification:_identify(src/DynamixelSDK/c#/protocol_combined/win64) by extension 'cmake'
[0.351s] Level 1:colcon.colcon_core.package_identification:_identify(src/DynamixelSDK/c#/protocol_combined/win64) by extension 'python'
[0.351s] Level 1:colcon.colcon_core.package_identification:_identify(src/DynamixelSDK/c#/protocol_combined/win64) by extensions ['python_setup_py']
[0.351s] Level 1:colcon.colcon_core.package_identification:_identify(src/DynamixelSDK/c#/protocol_combined/win64) by extension 'python_setup_py'
[0.351s] Level 1:colcon.colcon_core.package_identification:_identify(src/DynamixelSDK/c#/protocol_combined/win64/protocol_combined) by extensions ['ignore', 'ignore_ament_install']
[0.351s] Level 1:colcon.colcon_core.package_identification:_identify(src/DynamixelSDK/c#/protocol_combined/win64/protocol_combined) by extension 'ignore'
[0.351s] Level 1:colcon.colcon_core.package_identification:_identify(src/DynamixelSDK/c#/protocol_combined/win64/protocol_combined) by extension 'ignore_ament_install'
[0.351s] Level 1:colcon.colcon_core.package_identification:_identify(src/DynamixelSDK/c#/protocol_combined/win64/protocol_combined) by extensions ['colcon_pkg']
[0.351s] Level 1:colcon.colcon_core.package_identification:_identify(src/DynamixelSDK/c#/protocol_combined/win64/protocol_combined) by extension 'colcon_pkg'
[0.351s] Level 1:colcon.colcon_core.package_identification:_identify(src/DynamixelSDK/c#/protocol_combined/win64/protocol_combined) by extensions ['colcon_meta']
[0.351s] Level 1:colcon.colcon_core.package_identification:_identify(src/DynamixelSDK/c#/protocol_combined/win64/protocol_combined) by extension 'colcon_meta'
[0.351s] Level 1:colcon.colcon_core.package_identification:_identify(src/DynamixelSDK/c#/protocol_combined/win64/protocol_combined) by extensions ['ros']
[0.351s] Level 1:colcon.colcon_core.package_identification:_identify(src/DynamixelSDK/c#/protocol_combined/win64/protocol_combined) by extension 'ros'
[0.351s] Level 1:colcon.colcon_core.package_identification:_identify(src/DynamixelSDK/c#/protocol_combined/win64/protocol_combined) by extensions ['cmake', 'python']
[0.351s] Level 1:colcon.colcon_core.package_identification:_identify(src/DynamixelSDK/c#/protocol_combined/win64/protocol_combined) by extension 'cmake'
[0.351s] Level 1:colcon.colcon_core.package_identification:_identify(src/DynamixelSDK/c#/protocol_combined/win64/protocol_combined) by extension 'python'
[0.351s] Level 1:colcon.colcon_core.package_identification:_identify(src/DynamixelSDK/c#/protocol_combined/win64/protocol_combined) by extensions ['python_setup_py']
[0.351s] Level 1:colcon.colcon_core.package_identification:_identify(src/DynamixelSDK/c#/protocol_combined/win64/protocol_combined) by extension 'python_setup_py'
[0.351s] Level 1:colcon.colcon_core.package_identification:_identify(src/DynamixelSDK/c#/protocol_combined/win64/protocol_combined/Properties) by extensions ['ignore', 'ignore_ament_install']
[0.352s] Level 1:colcon.colcon_core.package_identification:_identify(src/DynamixelSDK/c#/protocol_combined/win64/protocol_combined/Properties) by extension 'ignore'
[0.352s] Level 1:colcon.colcon_core.package_identification:_identify(src/DynamixelSDK/c#/protocol_combined/win64/protocol_combined/Properties) by extension 'ignore_ament_install'
[0.352s] Level 1:colcon.colcon_core.package_identification:_identify(src/DynamixelSDK/c#/protocol_combined/win64/protocol_combined/Properties) by extensions ['colcon_pkg']
[0.352s] Level 1:colcon.colcon_core.package_identification:_identify(src/DynamixelSDK/c#/protocol_combined/win64/protocol_combined/Properties) by extension 'colcon_pkg'
[0.352s] Level 1:colcon.colcon_core.package_identification:_identify(src/DynamixelSDK/c#/protocol_combined/win64/protocol_combined/Properties) by extensions ['colcon_meta']
[0.352s] Level 1:colcon.colcon_core.package_identification:_identify(src/DynamixelSDK/c#/protocol_combined/win64/protocol_combined/Properties) by extension 'colcon_meta'
[0.352s] Level 1:colcon.colcon_core.package_identification:_identify(src/DynamixelSDK/c#/protocol_combined/win64/protocol_combined/Properties) by extensions ['ros']
[0.352s] Level 1:colcon.colcon_core.package_identification:_identify(src/DynamixelSDK/c#/protocol_combined/win64/protocol_combined/Properties) by extension 'ros'
[0.352s] Level 1:colcon.colcon_core.package_identification:_identify(src/DynamixelSDK/c#/protocol_combined/win64/protocol_combined/Properties) by extensions ['cmake', 'python']
[0.352s] Level 1:colcon.colcon_core.package_identification:_identify(src/DynamixelSDK/c#/protocol_combined/win64/protocol_combined/Properties) by extension 'cmake'
[0.352s] Level 1:colcon.colcon_core.package_identification:_identify(src/DynamixelSDK/c#/protocol_combined/win64/protocol_combined/Properties) by extension 'python'
[0.352s] Level 1:colcon.colcon_core.package_identification:_identify(src/DynamixelSDK/c#/protocol_combined/win64/protocol_combined/Properties) by extensions ['python_setup_py']
[0.352s] Level 1:colcon.colcon_core.package_identification:_identify(src/DynamixelSDK/c#/protocol_combined/win64/protocol_combined/Properties) by extension 'python_setup_py'
[0.352s] Level 1:colcon.colcon_core.package_identification:_identify(src/DynamixelSDK/c#/protocol_combined/win64/protocol_combined/obj) by extensions ['ignore', 'ignore_ament_install']
[0.352s] Level 1:colcon.colcon_core.package_identification:_identify(src/DynamixelSDK/c#/protocol_combined/win64/protocol_combined/obj) by extension 'ignore'
[0.352s] Level 1:colcon.colcon_core.package_identification:_identify(src/DynamixelSDK/c#/protocol_combined/win64/protocol_combined/obj) by extension 'ignore_ament_install'
[0.352s] Level 1:colcon.colcon_core.package_identification:_identify(src/DynamixelSDK/c#/protocol_combined/win64/protocol_combined/obj) by extensions ['colcon_pkg']
[0.352s] Level 1:colcon.colcon_core.package_identification:_identify(src/DynamixelSDK/c#/protocol_combined/win64/protocol_combined/obj) by extension 'colcon_pkg'
[0.352s] Level 1:colcon.colcon_core.package_identification:_identify(src/DynamixelSDK/c#/protocol_combined/win64/protocol_combined/obj) by extensions ['colcon_meta']
[0.352s] Level 1:colcon.colcon_core.package_identification:_identify(src/DynamixelSDK/c#/protocol_combined/win64/protocol_combined/obj) by extension 'colcon_meta'
[0.352s] Level 1:colcon.colcon_core.package_identification:_identify(src/DynamixelSDK/c#/protocol_combined/win64/protocol_combined/obj) by extensions ['ros']
[0.352s] Level 1:colcon.colcon_core.package_identification:_identify(src/DynamixelSDK/c#/protocol_combined/win64/protocol_combined/obj) by extension 'ros'
[0.352s] Level 1:colcon.colcon_core.package_identification:_identify(src/DynamixelSDK/c#/protocol_combined/win64/protocol_combined/obj) by extensions ['cmake', 'python']
[0.352s] Level 1:colcon.colcon_core.package_identification:_identify(src/DynamixelSDK/c#/protocol_combined/win64/protocol_combined/obj) by extension 'cmake'
[0.352s] Level 1:colcon.colcon_core.package_identification:_identify(src/DynamixelSDK/c#/protocol_combined/win64/protocol_combined/obj) by extension 'python'
[0.353s] Level 1:colcon.colcon_core.package_identification:_identify(src/DynamixelSDK/c#/protocol_combined/win64/protocol_combined/obj) by extensions ['python_setup_py']
[0.353s] Level 1:colcon.colcon_core.package_identification:_identify(src/DynamixelSDK/c#/protocol_combined/win64/protocol_combined/obj) by extension 'python_setup_py'
[0.353s] Level 1:colcon.colcon_core.package_identification:_identify(src/DynamixelSDK/c#/protocol_combined/win64/protocol_combined/obj/Debug) by extensions ['ignore', 'ignore_ament_install']
[0.353s] Level 1:colcon.colcon_core.package_identification:_identify(src/DynamixelSDK/c#/protocol_combined/win64/protocol_combined/obj/Debug) by extension 'ignore'
[0.353s] Level 1:colcon.colcon_core.package_identification:_identify(src/DynamixelSDK/c#/protocol_combined/win64/protocol_combined/obj/Debug) by extension 'ignore_ament_install'
[0.353s] Level 1:colcon.colcon_core.package_identification:_identify(src/DynamixelSDK/c#/protocol_combined/win64/protocol_combined/obj/Debug) by extensions ['colcon_pkg']
[0.353s] Level 1:colcon.colcon_core.package_identification:_identify(src/DynamixelSDK/c#/protocol_combined/win64/protocol_combined/obj/Debug) by extension 'colcon_pkg'
[0.353s] Level 1:colcon.colcon_core.package_identification:_identify(src/DynamixelSDK/c#/protocol_combined/win64/protocol_combined/obj/Debug) by extensions ['colcon_meta']
[0.353s] Level 1:colcon.colcon_core.package_identification:_identify(src/DynamixelSDK/c#/protocol_combined/win64/protocol_combined/obj/Debug) by extension 'colcon_meta'
[0.353s] Level 1:colcon.colcon_core.package_identification:_identify(src/DynamixelSDK/c#/protocol_combined/win64/protocol_combined/obj/Debug) by extensions ['ros']
[0.353s] Level 1:colcon.colcon_core.package_identification:_identify(src/DynamixelSDK/c#/protocol_combined/win64/protocol_combined/obj/Debug) by extension 'ros'
[0.353s] Level 1:colcon.colcon_core.package_identification:_identify(src/DynamixelSDK/c#/protocol_combined/win64/protocol_combined/obj/Debug) by extensions ['cmake', 'python']
[0.353s] Level 1:colcon.colcon_core.package_identification:_identify(src/DynamixelSDK/c#/protocol_combined/win64/protocol_combined/obj/Debug) by extension 'cmake'
[0.353s] Level 1:colcon.colcon_core.package_identification:_identify(src/DynamixelSDK/c#/protocol_combined/win64/protocol_combined/obj/Debug) by extension 'python'
[0.353s] Level 1:colcon.colcon_core.package_identification:_identify(src/DynamixelSDK/c#/protocol_combined/win64/protocol_combined/obj/Debug) by extensions ['python_setup_py']
[0.353s] Level 1:colcon.colcon_core.package_identification:_identify(src/DynamixelSDK/c#/protocol_combined/win64/protocol_combined/obj/Debug) by extension 'python_setup_py'
[0.353s] Level 1:colcon.colcon_core.package_identification:_identify(src/DynamixelSDK/c#/protocol_combined/win64/protocol_combined/obj/Release) by extensions ['ignore', 'ignore_ament_install']
[0.353s] Level 1:colcon.colcon_core.package_identification:_identify(src/DynamixelSDK/c#/protocol_combined/win64/protocol_combined/obj/Release) by extension 'ignore'
[0.353s] Level 1:colcon.colcon_core.package_identification:_identify(src/DynamixelSDK/c#/protocol_combined/win64/protocol_combined/obj/Release) by extension 'ignore_ament_install'
[0.353s] Level 1:colcon.colcon_core.package_identification:_identify(src/DynamixelSDK/c#/protocol_combined/win64/protocol_combined/obj/Release) by extensions ['colcon_pkg']
[0.354s] Level 1:colcon.colcon_core.package_identification:_identify(src/DynamixelSDK/c#/protocol_combined/win64/protocol_combined/obj/Release) by extension 'colcon_pkg'
[0.354s] Level 1:colcon.colcon_core.package_identification:_identify(src/DynamixelSDK/c#/protocol_combined/win64/protocol_combined/obj/Release) by extensions ['colcon_meta']
[0.354s] Level 1:colcon.colcon_core.package_identification:_identify(src/DynamixelSDK/c#/protocol_combined/win64/protocol_combined/obj/Release) by extension 'colcon_meta'
[0.354s] Level 1:colcon.colcon_core.package_identification:_identify(src/DynamixelSDK/c#/protocol_combined/win64/protocol_combined/obj/Release) by extensions ['ros']
[0.354s] Level 1:colcon.colcon_core.package_identification:_identify(src/DynamixelSDK/c#/protocol_combined/win64/protocol_combined/obj/Release) by extension 'ros'
[0.354s] Level 1:colcon.colcon_core.package_identification:_identify(src/DynamixelSDK/c#/protocol_combined/win64/protocol_combined/obj/Release) by extensions ['cmake', 'python']
[0.354s] Level 1:colcon.colcon_core.package_identification:_identify(src/DynamixelSDK/c#/protocol_combined/win64/protocol_combined/obj/Release) by extension 'cmake'
[0.354s] Level 1:colcon.colcon_core.package_identification:_identify(src/DynamixelSDK/c#/protocol_combined/win64/protocol_combined/obj/Release) by extension 'python'
[0.354s] Level 1:colcon.colcon_core.package_identification:_identify(src/DynamixelSDK/c#/protocol_combined/win64/protocol_combined/obj/Release) by extensions ['python_setup_py']
[0.354s] Level 1:colcon.colcon_core.package_identification:_identify(src/DynamixelSDK/c#/protocol_combined/win64/protocol_combined/obj/Release) by extension 'python_setup_py'
[0.354s] Level 1:colcon.colcon_core.package_identification:_identify(src/DynamixelSDK/c#/protocol_combined/win64/protocol_combined/obj/x64) by extensions ['ignore', 'ignore_ament_install']
[0.354s] Level 1:colcon.colcon_core.package_identification:_identify(src/DynamixelSDK/c#/protocol_combined/win64/protocol_combined/obj/x64) by extension 'ignore'
[0.354s] Level 1:colcon.colcon_core.package_identification:_identify(src/DynamixelSDK/c#/protocol_combined/win64/protocol_combined/obj/x64) by extension 'ignore_ament_install'
[0.354s] Level 1:colcon.colcon_core.package_identification:_identify(src/DynamixelSDK/c#/protocol_combined/win64/protocol_combined/obj/x64) by extensions ['colcon_pkg']
[0.354s] Level 1:colcon.colcon_core.package_identification:_identify(src/DynamixelSDK/c#/protocol_combined/win64/protocol_combined/obj/x64) by extension 'colcon_pkg'
[0.354s] Level 1:colcon.colcon_core.package_identification:_identify(src/DynamixelSDK/c#/protocol_combined/win64/protocol_combined/obj/x64) by extensions ['colcon_meta']
[0.354s] Level 1:colcon.colcon_core.package_identification:_identify(src/DynamixelSDK/c#/protocol_combined/win64/protocol_combined/obj/x64) by extension 'colcon_meta'
[0.354s] Level 1:colcon.colcon_core.package_identification:_identify(src/DynamixelSDK/c#/protocol_combined/win64/protocol_combined/obj/x64) by extensions ['ros']
[0.354s] Level 1:colcon.colcon_core.package_identification:_identify(src/DynamixelSDK/c#/protocol_combined/win64/protocol_combined/obj/x64) by extension 'ros'
[0.354s] Level 1:colcon.colcon_core.package_identification:_identify(src/DynamixelSDK/c#/protocol_combined/win64/protocol_combined/obj/x64) by extensions ['cmake', 'python']
[0.354s] Level 1:colcon.colcon_core.package_identification:_identify(src/DynamixelSDK/c#/protocol_combined/win64/protocol_combined/obj/x64) by extension 'cmake'
[0.354s] Level 1:colcon.colcon_core.package_identification:_identify(src/DynamixelSDK/c#/protocol_combined/win64/protocol_combined/obj/x64) by extension 'python'
[0.354s] Level 1:colcon.colcon_core.package_identification:_identify(src/DynamixelSDK/c#/protocol_combined/win64/protocol_combined/obj/x64) by extensions ['python_setup_py']
[0.354s] Level 1:colcon.colcon_core.package_identification:_identify(src/DynamixelSDK/c#/protocol_combined/win64/protocol_combined/obj/x64) by extension 'python_setup_py'
[0.355s] Level 1:colcon.colcon_core.package_identification:_identify(src/DynamixelSDK/c#/protocol_combined/win64/protocol_combined/obj/x64/Debug) by extensions ['ignore', 'ignore_ament_install']
[0.355s] Level 1:colcon.colcon_core.package_identification:_identify(src/DynamixelSDK/c#/protocol_combined/win64/protocol_combined/obj/x64/Debug) by extension 'ignore'
[0.355s] Level 1:colcon.colcon_core.package_identification:_identify(src/DynamixelSDK/c#/protocol_combined/win64/protocol_combined/obj/x64/Debug) by extension 'ignore_ament_install'
[0.355s] Level 1:colcon.colcon_core.package_identification:_identify(src/DynamixelSDK/c#/protocol_combined/win64/protocol_combined/obj/x64/Debug) by extensions ['colcon_pkg']
[0.355s] Level 1:colcon.colcon_core.package_identification:_identify(src/DynamixelSDK/c#/protocol_combined/win64/protocol_combined/obj/x64/Debug) by extension 'colcon_pkg'
[0.355s] Level 1:colcon.colcon_core.package_identification:_identify(src/DynamixelSDK/c#/protocol_combined/win64/protocol_combined/obj/x64/Debug) by extensions ['colcon_meta']
[0.355s] Level 1:colcon.colcon_core.package_identification:_identify(src/DynamixelSDK/c#/protocol_combined/win64/protocol_combined/obj/x64/Debug) by extension 'colcon_meta'
[0.355s] Level 1:colcon.colcon_core.package_identification:_identify(src/DynamixelSDK/c#/protocol_combined/win64/protocol_combined/obj/x64/Debug) by extensions ['ros']
[0.355s] Level 1:colcon.colcon_core.package_identification:_identify(src/DynamixelSDK/c#/protocol_combined/win64/protocol_combined/obj/x64/Debug) by extension 'ros'
[0.356s] Level 1:colcon.colcon_core.package_identification:_identify(src/DynamixelSDK/c#/protocol_combined/win64/protocol_combined/obj/x64/Debug) by extensions ['cmake', 'python']
[0.356s] Level 1:colcon.colcon_core.package_identification:_identify(src/DynamixelSDK/c#/protocol_combined/win64/protocol_combined/obj/x64/Debug) by extension 'cmake'
[0.356s] Level 1:colcon.colcon_core.package_identification:_identify(src/DynamixelSDK/c#/protocol_combined/win64/protocol_combined/obj/x64/Debug) by extension 'python'
[0.356s] Level 1:colcon.colcon_core.package_identification:_identify(src/DynamixelSDK/c#/protocol_combined/win64/protocol_combined/obj/x64/Debug) by extensions ['python_setup_py']
[0.356s] Level 1:colcon.colcon_core.package_identification:_identify(src/DynamixelSDK/c#/protocol_combined/win64/protocol_combined/obj/x64/Debug) by extension 'python_setup_py'
[0.356s] Level 1:colcon.colcon_core.package_identification:_identify(src/DynamixelSDK/c#/protocol_combined/win64/protocol_combined/obj/x64/Release) by extensions ['ignore', 'ignore_ament_install']
[0.356s] Level 1:colcon.colcon_core.package_identification:_identify(src/DynamixelSDK/c#/protocol_combined/win64/protocol_combined/obj/x64/Release) by extension 'ignore'
[0.356s] Level 1:colcon.colcon_core.package_identification:_identify(src/DynamixelSDK/c#/protocol_combined/win64/protocol_combined/obj/x64/Release) by extension 'ignore_ament_install'
[0.356s] Level 1:colcon.colcon_core.package_identification:_identify(src/DynamixelSDK/c#/protocol_combined/win64/protocol_combined/obj/x64/Release) by extensions ['colcon_pkg']
[0.356s] Level 1:colcon.colcon_core.package_identification:_identify(src/DynamixelSDK/c#/protocol_combined/win64/protocol_combined/obj/x64/Release) by extension 'colcon_pkg'
[0.356s] Level 1:colcon.colcon_core.package_identification:_identify(src/DynamixelSDK/c#/protocol_combined/win64/protocol_combined/obj/x64/Release) by extensions ['colcon_meta']
[0.356s] Level 1:colcon.colcon_core.package_identification:_identify(src/DynamixelSDK/c#/protocol_combined/win64/protocol_combined/obj/x64/Release) by extension 'colcon_meta'
[0.356s] Level 1:colcon.colcon_core.package_identification:_identify(src/DynamixelSDK/c#/protocol_combined/win64/protocol_combined/obj/x64/Release) by extensions ['ros']
[0.356s] Level 1:colcon.colcon_core.package_identification:_identify(src/DynamixelSDK/c#/protocol_combined/win64/protocol_combined/obj/x64/Release) by extension 'ros'
[0.356s] Level 1:colcon.colcon_core.package_identification:_identify(src/DynamixelSDK/c#/protocol_combined/win64/protocol_combined/obj/x64/Release) by extensions ['cmake', 'python']
[0.356s] Level 1:colcon.colcon_core.package_identification:_identify(src/DynamixelSDK/c#/protocol_combined/win64/protocol_combined/obj/x64/Release) by extension 'cmake'
[0.356s] Level 1:colcon.colcon_core.package_identification:_identify(src/DynamixelSDK/c#/protocol_combined/win64/protocol_combined/obj/x64/Release) by extension 'python'
[0.356s] Level 1:colcon.colcon_core.package_identification:_identify(src/DynamixelSDK/c#/protocol_combined/win64/protocol_combined/obj/x64/Release) by extensions ['python_setup_py']
[0.357s] Level 1:colcon.colcon_core.package_identification:_identify(src/DynamixelSDK/c#/protocol_combined/win64/protocol_combined/obj/x64/Release) by extension 'python_setup_py'
[0.357s] Level 1:colcon.colcon_core.package_identification:_identify(src/DynamixelSDK/c++) by extensions ['ignore', 'ignore_ament_install']
[0.357s] Level 1:colcon.colcon_core.package_identification:_identify(src/DynamixelSDK/c++) by extension 'ignore'
[0.357s] Level 1:colcon.colcon_core.package_identification:_identify(src/DynamixelSDK/c++) ignored
[0.357s] Level 1:colcon.colcon_core.package_identification:_identify(src/DynamixelSDK/control_table) by extensions ['ignore', 'ignore_ament_install']
[0.357s] Level 1:colcon.colcon_core.package_identification:_identify(src/DynamixelSDK/control_table) by extension 'ignore'
[0.358s] Level 1:colcon.colcon_core.package_identification:_identify(src/DynamixelSDK/control_table) by extension 'ignore_ament_install'
[0.358s] Level 1:colcon.colcon_core.package_identification:_identify(src/DynamixelSDK/control_table) by extensions ['colcon_pkg']
[0.358s] Level 1:colcon.colcon_core.package_identification:_identify(src/DynamixelSDK/control_table) by extension 'colcon_pkg'
[0.358s] Level 1:colcon.colcon_core.package_identification:_identify(src/DynamixelSDK/control_table) by extensions ['colcon_meta']
[0.358s] Level 1:colcon.colcon_core.package_identification:_identify(src/DynamixelSDK/control_table) by extension 'colcon_meta'
[0.358s] Level 1:colcon.colcon_core.package_identification:_identify(src/DynamixelSDK/control_table) by extensions ['ros']
[0.358s] Level 1:colcon.colcon_core.package_identification:_identify(src/DynamixelSDK/control_table) by extension 'ros'
[0.358s] Level 1:colcon.colcon_core.package_identification:_identify(src/DynamixelSDK/control_table) by extensions ['cmake', 'python']
[0.358s] Level 1:colcon.colcon_core.package_identification:_identify(src/DynamixelSDK/control_table) by extension 'cmake'
[0.358s] Level 1:colcon.colcon_core.package_identification:_identify(src/DynamixelSDK/control_table) by extension 'python'
[0.358s] Level 1:colcon.colcon_core.package_identification:_identify(src/DynamixelSDK/control_table) by extensions ['python_setup_py']
[0.358s] Level 1:colcon.colcon_core.package_identification:_identify(src/DynamixelSDK/control_table) by extension 'python_setup_py'
[0.358s] Level 1:colcon.colcon_core.package_identification:_identify(src/DynamixelSDK/documents) by extensions ['ignore', 'ignore_ament_install']
[0.358s] Level 1:colcon.colcon_core.package_identification:_identify(src/DynamixelSDK/documents) by extension 'ignore'
[0.358s] Level 1:colcon.colcon_core.package_identification:_identify(src/DynamixelSDK/documents) by extension 'ignore_ament_install'
[0.358s] Level 1:colcon.colcon_core.package_identification:_identify(src/DynamixelSDK/documents) by extensions ['colcon_pkg']
[0.358s] Level 1:colcon.colcon_core.package_identification:_identify(src/DynamixelSDK/documents) by extension 'colcon_pkg'
[0.358s] Level 1:colcon.colcon_core.package_identification:_identify(src/DynamixelSDK/documents) by extensions ['colcon_meta']
[0.358s] Level 1:colcon.colcon_core.package_identification:_identify(src/DynamixelSDK/documents) by extension 'colcon_meta'
[0.358s] Level 1:colcon.colcon_core.package_identification:_identify(src/DynamixelSDK/documents) by extensions ['ros']
[0.358s] Level 1:colcon.colcon_core.package_identification:_identify(src/DynamixelSDK/documents) by extension 'ros'
[0.358s] Level 1:colcon.colcon_core.package_identification:_identify(src/DynamixelSDK/documents) by extensions ['cmake', 'python']
[0.358s] Level 1:colcon.colcon_core.package_identification:_identify(src/DynamixelSDK/documents) by extension 'cmake'
[0.358s] Level 1:colcon.colcon_core.package_identification:_identify(src/DynamixelSDK/documents) by extension 'python'
[0.358s] Level 1:colcon.colcon_core.package_identification:_identify(src/DynamixelSDK/documents) by extensions ['python_setup_py']
[0.359s] Level 1:colcon.colcon_core.package_identification:_identify(src/DynamixelSDK/documents) by extension 'python_setup_py'
[0.359s] Level 1:colcon.colcon_core.package_identification:_identify(src/DynamixelSDK/documents/cpp) by extensions ['ignore', 'ignore_ament_install']
[0.359s] Level 1:colcon.colcon_core.package_identification:_identify(src/DynamixelSDK/documents/cpp) by extension 'ignore'
[0.359s] Level 1:colcon.colcon_core.package_identification:_identify(src/DynamixelSDK/documents/cpp) by extension 'ignore_ament_install'
[0.359s] Level 1:colcon.colcon_core.package_identification:_identify(src/DynamixelSDK/documents/cpp) by extensions ['colcon_pkg']
[0.359s] Level 1:colcon.colcon_core.package_identification:_identify(src/DynamixelSDK/documents/cpp) by extension 'colcon_pkg'
[0.359s] Level 1:colcon.colcon_core.package_identification:_identify(src/DynamixelSDK/documents/cpp) by extensions ['colcon_meta']
[0.359s] Level 1:colcon.colcon_core.package_identification:_identify(src/DynamixelSDK/documents/cpp) by extension 'colcon_meta'
[0.359s] Level 1:colcon.colcon_core.package_identification:_identify(src/DynamixelSDK/documents/cpp) by extensions ['ros']
[0.359s] Level 1:colcon.colcon_core.package_identification:_identify(src/DynamixelSDK/documents/cpp) by extension 'ros'
[0.359s] Level 1:colcon.colcon_core.package_identification:_identify(src/DynamixelSDK/documents/cpp) by extensions ['cmake', 'python']
[0.359s] Level 1:colcon.colcon_core.package_identification:_identify(src/DynamixelSDK/documents/cpp) by extension 'cmake'
[0.359s] Level 1:colcon.colcon_core.package_identification:_identify(src/DynamixelSDK/documents/cpp) by extension 'python'
[0.359s] Level 1:colcon.colcon_core.package_identification:_identify(src/DynamixelSDK/documents/cpp) by extensions ['python_setup_py']
[0.359s] Level 1:colcon.colcon_core.package_identification:_identify(src/DynamixelSDK/documents/cpp) by extension 'python_setup_py'
[0.359s] Level 1:colcon.colcon_core.package_identification:_identify(src/DynamixelSDK/documents/cpp/html) by extensions ['ignore', 'ignore_ament_install']
[0.360s] Level 1:colcon.colcon_core.package_identification:_identify(src/DynamixelSDK/documents/cpp/html) by extension 'ignore'
[0.360s] Level 1:colcon.colcon_core.package_identification:_identify(src/DynamixelSDK/documents/cpp/html) by extension 'ignore_ament_install'
[0.360s] Level 1:colcon.colcon_core.package_identification:_identify(src/DynamixelSDK/documents/cpp/html) by extensions ['colcon_pkg']
[0.360s] Level 1:colcon.colcon_core.package_identification:_identify(src/DynamixelSDK/documents/cpp/html) by extension 'colcon_pkg'
[0.360s] Level 1:colcon.colcon_core.package_identification:_identify(src/DynamixelSDK/documents/cpp/html) by extensions ['colcon_meta']
[0.360s] Level 1:colcon.colcon_core.package_identification:_identify(src/DynamixelSDK/documents/cpp/html) by extension 'colcon_meta'
[0.360s] Level 1:colcon.colcon_core.package_identification:_identify(src/DynamixelSDK/documents/cpp/html) by extensions ['ros']
[0.360s] Level 1:colcon.colcon_core.package_identification:_identify(src/DynamixelSDK/documents/cpp/html) by extension 'ros'
[0.360s] Level 1:colcon.colcon_core.package_identification:_identify(src/DynamixelSDK/documents/cpp/html) by extensions ['cmake', 'python']
[0.360s] Level 1:colcon.colcon_core.package_identification:_identify(src/DynamixelSDK/documents/cpp/html) by extension 'cmake'
[0.360s] Level 1:colcon.colcon_core.package_identification:_identify(src/DynamixelSDK/documents/cpp/html) by extension 'python'
[0.360s] Level 1:colcon.colcon_core.package_identification:_identify(src/DynamixelSDK/documents/cpp/html) by extensions ['python_setup_py']
[0.360s] Level 1:colcon.colcon_core.package_identification:_identify(src/DynamixelSDK/documents/cpp/html) by extension 'python_setup_py'
[0.360s] Level 1:colcon.colcon_core.package_identification:_identify(src/DynamixelSDK/documents/cpp/html/search) by extensions ['ignore', 'ignore_ament_install']
[0.360s] Level 1:colcon.colcon_core.package_identification:_identify(src/DynamixelSDK/documents/cpp/html/search) by extension 'ignore'
[0.360s] Level 1:colcon.colcon_core.package_identification:_identify(src/DynamixelSDK/documents/cpp/html/search) by extension 'ignore_ament_install'
[0.360s] Level 1:colcon.colcon_core.package_identification:_identify(src/DynamixelSDK/documents/cpp/html/search) by extensions ['colcon_pkg']
[0.360s] Level 1:colcon.colcon_core.package_identification:_identify(src/DynamixelSDK/documents/cpp/html/search) by extension 'colcon_pkg'
[0.360s] Level 1:colcon.colcon_core.package_identification:_identify(src/DynamixelSDK/documents/cpp/html/search) by extensions ['colcon_meta']
[0.360s] Level 1:colcon.colcon_core.package_identification:_identify(src/DynamixelSDK/documents/cpp/html/search) by extension 'colcon_meta'
[0.360s] Level 1:colcon.colcon_core.package_identification:_identify(src/DynamixelSDK/documents/cpp/html/search) by extensions ['ros']
[0.360s] Level 1:colcon.colcon_core.package_identification:_identify(src/DynamixelSDK/documents/cpp/html/search) by extension 'ros'
[0.361s] Level 1:colcon.colcon_core.package_identification:_identify(src/DynamixelSDK/documents/cpp/html/search) by extensions ['cmake', 'python']
[0.361s] Level 1:colcon.colcon_core.package_identification:_identify(src/DynamixelSDK/documents/cpp/html/search) by extension 'cmake'
[0.361s] Level 1:colcon.colcon_core.package_identification:_identify(src/DynamixelSDK/documents/cpp/html/search) by extension 'python'
[0.361s] Level 1:colcon.colcon_core.package_identification:_identify(src/DynamixelSDK/documents/cpp/html/search) by extensions ['python_setup_py']
[0.361s] Level 1:colcon.colcon_core.package_identification:_identify(src/DynamixelSDK/documents/cpp/html/search) by extension 'python_setup_py'
[0.361s] Level 1:colcon.colcon_core.package_identification:_identify(src/DynamixelSDK/java) by extensions ['ignore', 'ignore_ament_install']
[0.362s] Level 1:colcon.colcon_core.package_identification:_identify(src/DynamixelSDK/java) by extension 'ignore'
[0.362s] Level 1:colcon.colcon_core.package_identification:_identify(src/DynamixelSDK/java) by extension 'ignore_ament_install'
[0.362s] Level 1:colcon.colcon_core.package_identification:_identify(src/DynamixelSDK/java) by extensions ['colcon_pkg']
[0.362s] Level 1:colcon.colcon_core.package_identification:_identify(src/DynamixelSDK/java) by extension 'colcon_pkg'
[0.362s] Level 1:colcon.colcon_core.package_identification:_identify(src/DynamixelSDK/java) by extensions ['colcon_meta']
[0.362s] Level 1:colcon.colcon_core.package_identification:_identify(src/DynamixelSDK/java) by extension 'colcon_meta'
[0.362s] Level 1:colcon.colcon_core.package_identification:_identify(src/DynamixelSDK/java) by extensions ['ros']
[0.362s] Level 1:colcon.colcon_core.package_identification:_identify(src/DynamixelSDK/java) by extension 'ros'
[0.362s] Level 1:colcon.colcon_core.package_identification:_identify(src/DynamixelSDK/java) by extensions ['cmake', 'python']
[0.362s] Level 1:colcon.colcon_core.package_identification:_identify(src/DynamixelSDK/java) by extension 'cmake'
[0.362s] Level 1:colcon.colcon_core.package_identification:_identify(src/DynamixelSDK/java) by extension 'python'
[0.362s] Level 1:colcon.colcon_core.package_identification:_identify(src/DynamixelSDK/java) by extensions ['python_setup_py']
[0.362s] Level 1:colcon.colcon_core.package_identification:_identify(src/DynamixelSDK/java) by extension 'python_setup_py'
[0.362s] Level 1:colcon.colcon_core.package_identification:_identify(src/DynamixelSDK/java/dynamixel_functions_java) by extensions ['ignore', 'ignore_ament_install']
[0.362s] Level 1:colcon.colcon_core.package_identification:_identify(src/DynamixelSDK/java/dynamixel_functions_java) by extension 'ignore'
[0.362s] Level 1:colcon.colcon_core.package_identification:_identify(src/DynamixelSDK/java/dynamixel_functions_java) by extension 'ignore_ament_install'
[0.362s] Level 1:colcon.colcon_core.package_identification:_identify(src/DynamixelSDK/java/dynamixel_functions_java) by extensions ['colcon_pkg']
[0.362s] Level 1:colcon.colcon_core.package_identification:_identify(src/DynamixelSDK/java/dynamixel_functions_java) by extension 'colcon_pkg'
[0.362s] Level 1:colcon.colcon_core.package_identification:_identify(src/DynamixelSDK/java/dynamixel_functions_java) by extensions ['colcon_meta']
[0.362s] Level 1:colcon.colcon_core.package_identification:_identify(src/DynamixelSDK/java/dynamixel_functions_java) by extension 'colcon_meta'
[0.362s] Level 1:colcon.colcon_core.package_identification:_identify(src/DynamixelSDK/java/dynamixel_functions_java) by extensions ['ros']
[0.362s] Level 1:colcon.colcon_core.package_identification:_identify(src/DynamixelSDK/java/dynamixel_functions_java) by extension 'ros'
[0.362s] Level 1:colcon.colcon_core.package_identification:_identify(src/DynamixelSDK/java/dynamixel_functions_java) by extensions ['cmake', 'python']
[0.362s] Level 1:colcon.colcon_core.package_identification:_identify(src/DynamixelSDK/java/dynamixel_functions_java) by extension 'cmake'
[0.363s] Level 1:colcon.colcon_core.package_identification:_identify(src/DynamixelSDK/java/dynamixel_functions_java) by extension 'python'
[0.363s] Level 1:colcon.colcon_core.package_identification:_identify(src/DynamixelSDK/java/dynamixel_functions_java) by extensions ['python_setup_py']
[0.363s] Level 1:colcon.colcon_core.package_identification:_identify(src/DynamixelSDK/java/dynamixel_functions_java) by extension 'python_setup_py'
[0.363s] Level 1:colcon.colcon_core.package_identification:_identify(src/DynamixelSDK/java/dynamixel_functions_java/mac_x64) by extensions ['ignore', 'ignore_ament_install']
[0.363s] Level 1:colcon.colcon_core.package_identification:_identify(src/DynamixelSDK/java/dynamixel_functions_java/mac_x64) by extension 'ignore'
[0.363s] Level 1:colcon.colcon_core.package_identification:_identify(src/DynamixelSDK/java/dynamixel_functions_java/mac_x64) by extension 'ignore_ament_install'
[0.363s] Level 1:colcon.colcon_core.package_identification:_identify(src/DynamixelSDK/java/dynamixel_functions_java/mac_x64) by extensions ['colcon_pkg']
[0.363s] Level 1:colcon.colcon_core.package_identification:_identify(src/DynamixelSDK/java/dynamixel_functions_java/mac_x64) by extension 'colcon_pkg'
[0.363s] Level 1:colcon.colcon_core.package_identification:_identify(src/DynamixelSDK/java/dynamixel_functions_java/mac_x64) by extensions ['colcon_meta']
[0.363s] Level 1:colcon.colcon_core.package_identification:_identify(src/DynamixelSDK/java/dynamixel_functions_java/mac_x64) by extension 'colcon_meta'
[0.363s] Level 1:colcon.colcon_core.package_identification:_identify(src/DynamixelSDK/java/dynamixel_functions_java/mac_x64) by extensions ['ros']
[0.363s] Level 1:colcon.colcon_core.package_identification:_identify(src/DynamixelSDK/java/dynamixel_functions_java/mac_x64) by extension 'ros'
[0.363s] Level 1:colcon.colcon_core.package_identification:_identify(src/DynamixelSDK/java/dynamixel_functions_java/mac_x64) by extensions ['cmake', 'python']
[0.363s] Level 1:colcon.colcon_core.package_identification:_identify(src/DynamixelSDK/java/dynamixel_functions_java/mac_x64) by extension 'cmake'
[0.363s] Level 1:colcon.colcon_core.package_identification:_identify(src/DynamixelSDK/java/dynamixel_functions_java/mac_x64) by extension 'python'
[0.363s] Level 1:colcon.colcon_core.package_identification:_identify(src/DynamixelSDK/java/dynamixel_functions_java/mac_x64) by extensions ['python_setup_py']
[0.363s] Level 1:colcon.colcon_core.package_identification:_identify(src/DynamixelSDK/java/dynamixel_functions_java/mac_x64) by extension 'python_setup_py'
[0.363s] Level 1:colcon.colcon_core.package_identification:_identify(src/DynamixelSDK/java/dynamixel_functions_java/x64) by extensions ['ignore', 'ignore_ament_install']
[0.363s] Level 1:colcon.colcon_core.package_identification:_identify(src/DynamixelSDK/java/dynamixel_functions_java/x64) by extension 'ignore'
[0.364s] Level 1:colcon.colcon_core.package_identification:_identify(src/DynamixelSDK/java/dynamixel_functions_java/x64) by extension 'ignore_ament_install'
[0.364s] Level 1:colcon.colcon_core.package_identification:_identify(src/DynamixelSDK/java/dynamixel_functions_java/x64) by extensions ['colcon_pkg']
[0.364s] Level 1:colcon.colcon_core.package_identification:_identify(src/DynamixelSDK/java/dynamixel_functions_java/x64) by extension 'colcon_pkg'
[0.364s] Level 1:colcon.colcon_core.package_identification:_identify(src/DynamixelSDK/java/dynamixel_functions_java/x64) by extensions ['colcon_meta']
[0.364s] Level 1:colcon.colcon_core.package_identification:_identify(src/DynamixelSDK/java/dynamixel_functions_java/x64) by extension 'colcon_meta'
[0.364s] Level 1:colcon.colcon_core.package_identification:_identify(src/DynamixelSDK/java/dynamixel_functions_java/x64) by extensions ['ros']
[0.364s] Level 1:colcon.colcon_core.package_identification:_identify(src/DynamixelSDK/java/dynamixel_functions_java/x64) by extension 'ros'
[0.364s] Level 1:colcon.colcon_core.package_identification:_identify(src/DynamixelSDK/java/dynamixel_functions_java/x64) by extensions ['cmake', 'python']
[0.364s] Level 1:colcon.colcon_core.package_identification:_identify(src/DynamixelSDK/java/dynamixel_functions_java/x64) by extension 'cmake'
[0.364s] Level 1:colcon.colcon_core.package_identification:_identify(src/DynamixelSDK/java/dynamixel_functions_java/x64) by extension 'python'
[0.364s] Level 1:colcon.colcon_core.package_identification:_identify(src/DynamixelSDK/java/dynamixel_functions_java/x64) by extensions ['python_setup_py']
[0.364s] Level 1:colcon.colcon_core.package_identification:_identify(src/DynamixelSDK/java/dynamixel_functions_java/x64) by extension 'python_setup_py'
[0.364s] Level 1:colcon.colcon_core.package_identification:_identify(src/DynamixelSDK/java/dynamixel_functions_java/x86) by extensions ['ignore', 'ignore_ament_install']
[0.364s] Level 1:colcon.colcon_core.package_identification:_identify(src/DynamixelSDK/java/dynamixel_functions_java/x86) by extension 'ignore'
[0.364s] Level 1:colcon.colcon_core.package_identification:_identify(src/DynamixelSDK/java/dynamixel_functions_java/x86) by extension 'ignore_ament_install'
[0.364s] Level 1:colcon.colcon_core.package_identification:_identify(src/DynamixelSDK/java/dynamixel_functions_java/x86) by extensions ['colcon_pkg']
[0.364s] Level 1:colcon.colcon_core.package_identification:_identify(src/DynamixelSDK/java/dynamixel_functions_java/x86) by extension 'colcon_pkg'
[0.364s] Level 1:colcon.colcon_core.package_identification:_identify(src/DynamixelSDK/java/dynamixel_functions_java/x86) by extensions ['colcon_meta']
[0.364s] Level 1:colcon.colcon_core.package_identification:_identify(src/DynamixelSDK/java/dynamixel_functions_java/x86) by extension 'colcon_meta'
[0.364s] Level 1:colcon.colcon_core.package_identification:_identify(src/DynamixelSDK/java/dynamixel_functions_java/x86) by extensions ['ros']
[0.364s] Level 1:colcon.colcon_core.package_identification:_identify(src/DynamixelSDK/java/dynamixel_functions_java/x86) by extension 'ros'
[0.364s] Level 1:colcon.colcon_core.package_identification:_identify(src/DynamixelSDK/java/dynamixel_functions_java/x86) by extensions ['cmake', 'python']
[0.364s] Level 1:colcon.colcon_core.package_identification:_identify(src/DynamixelSDK/java/dynamixel_functions_java/x86) by extension 'cmake'
[0.364s] Level 1:colcon.colcon_core.package_identification:_identify(src/DynamixelSDK/java/dynamixel_functions_java/x86) by extension 'python'
[0.364s] Level 1:colcon.colcon_core.package_identification:_identify(src/DynamixelSDK/java/dynamixel_functions_java/x86) by extensions ['python_setup_py']
[0.364s] Level 1:colcon.colcon_core.package_identification:_identify(src/DynamixelSDK/java/dynamixel_functions_java/x86) by extension 'python_setup_py'
[0.365s] Level 1:colcon.colcon_core.package_identification:_identify(src/DynamixelSDK/java/protocol1.0) by extensions ['ignore', 'ignore_ament_install']
[0.365s] Level 1:colcon.colcon_core.package_identification:_identify(src/DynamixelSDK/java/protocol1.0) by extension 'ignore'
[0.365s] Level 1:colcon.colcon_core.package_identification:_identify(src/DynamixelSDK/java/protocol1.0) by extension 'ignore_ament_install'
[0.365s] Level 1:colcon.colcon_core.package_identification:_identify(src/DynamixelSDK/java/protocol1.0) by extensions ['colcon_pkg']
[0.365s] Level 1:colcon.colcon_core.package_identification:_identify(src/DynamixelSDK/java/protocol1.0) by extension 'colcon_pkg'
[0.365s] Level 1:colcon.colcon_core.package_identification:_identify(src/DynamixelSDK/java/protocol1.0) by extensions ['colcon_meta']
[0.365s] Level 1:colcon.colcon_core.package_identification:_identify(src/DynamixelSDK/java/protocol1.0) by extension 'colcon_meta'
[0.365s] Level 1:colcon.colcon_core.package_identification:_identify(src/DynamixelSDK/java/protocol1.0) by extensions ['ros']
[0.365s] Level 1:colcon.colcon_core.package_identification:_identify(src/DynamixelSDK/java/protocol1.0) by extension 'ros'
[0.365s] Level 1:colcon.colcon_core.package_identification:_identify(src/DynamixelSDK/java/protocol1.0) by extensions ['cmake', 'python']
[0.365s] Level 1:colcon.colcon_core.package_identification:_identify(src/DynamixelSDK/java/protocol1.0) by extension 'cmake'
[0.365s] Level 1:colcon.colcon_core.package_identification:_identify(src/DynamixelSDK/java/protocol1.0) by extension 'python'
[0.365s] Level 1:colcon.colcon_core.package_identification:_identify(src/DynamixelSDK/java/protocol1.0) by extensions ['python_setup_py']
[0.365s] Level 1:colcon.colcon_core.package_identification:_identify(src/DynamixelSDK/java/protocol1.0) by extension 'python_setup_py'
[0.365s] Level 1:colcon.colcon_core.package_identification:_identify(src/DynamixelSDK/java/protocol1.0/bulk_read) by extensions ['ignore', 'ignore_ament_install']
[0.365s] Level 1:colcon.colcon_core.package_identification:_identify(src/DynamixelSDK/java/protocol1.0/bulk_read) by extension 'ignore'
[0.365s] Level 1:colcon.colcon_core.package_identification:_identify(src/DynamixelSDK/java/protocol1.0/bulk_read) by extension 'ignore_ament_install'
[0.365s] Level 1:colcon.colcon_core.package_identification:_identify(src/DynamixelSDK/java/protocol1.0/bulk_read) by extensions ['colcon_pkg']
[0.365s] Level 1:colcon.colcon_core.package_identification:_identify(src/DynamixelSDK/java/protocol1.0/bulk_read) by extension 'colcon_pkg'
[0.365s] Level 1:colcon.colcon_core.package_identification:_identify(src/DynamixelSDK/java/protocol1.0/bulk_read) by extensions ['colcon_meta']
[0.365s] Level 1:colcon.colcon_core.package_identification:_identify(src/DynamixelSDK/java/protocol1.0/bulk_read) by extension 'colcon_meta'
[0.365s] Level 1:colcon.colcon_core.package_identification:_identify(src/DynamixelSDK/java/protocol1.0/bulk_read) by extensions ['ros']
[0.365s] Level 1:colcon.colcon_core.package_identification:_identify(src/DynamixelSDK/java/protocol1.0/bulk_read) by extension 'ros'
[0.365s] Level 1:colcon.colcon_core.package_identification:_identify(src/DynamixelSDK/java/protocol1.0/bulk_read) by extensions ['cmake', 'python']
[0.365s] Level 1:colcon.colcon_core.package_identification:_identify(src/DynamixelSDK/java/protocol1.0/bulk_read) by extension 'cmake'
[0.365s] Level 1:colcon.colcon_core.package_identification:_identify(src/DynamixelSDK/java/protocol1.0/bulk_read) by extension 'python'
[0.366s] Level 1:colcon.colcon_core.package_identification:_identify(src/DynamixelSDK/java/protocol1.0/bulk_read) by extensions ['python_setup_py']
[0.366s] Level 1:colcon.colcon_core.package_identification:_identify(src/DynamixelSDK/java/protocol1.0/bulk_read) by extension 'python_setup_py'
[0.366s] Level 1:colcon.colcon_core.package_identification:_identify(src/DynamixelSDK/java/protocol1.0/multi_port) by extensions ['ignore', 'ignore_ament_install']
[0.366s] Level 1:colcon.colcon_core.package_identification:_identify(src/DynamixelSDK/java/protocol1.0/multi_port) by extension 'ignore'
[0.366s] Level 1:colcon.colcon_core.package_identification:_identify(src/DynamixelSDK/java/protocol1.0/multi_port) by extension 'ignore_ament_install'
[0.366s] Level 1:colcon.colcon_core.package_identification:_identify(src/DynamixelSDK/java/protocol1.0/multi_port) by extensions ['colcon_pkg']
[0.366s] Level 1:colcon.colcon_core.package_identification:_identify(src/DynamixelSDK/java/protocol1.0/multi_port) by extension 'colcon_pkg'
[0.366s] Level 1:colcon.colcon_core.package_identification:_identify(src/DynamixelSDK/java/protocol1.0/multi_port) by extensions ['colcon_meta']
[0.366s] Level 1:colcon.colcon_core.package_identification:_identify(src/DynamixelSDK/java/protocol1.0/multi_port) by extension 'colcon_meta'
[0.366s] Level 1:colcon.colcon_core.package_identification:_identify(src/DynamixelSDK/java/protocol1.0/multi_port) by extensions ['ros']
[0.366s] Level 1:colcon.colcon_core.package_identification:_identify(src/DynamixelSDK/java/protocol1.0/multi_port) by extension 'ros'
[0.366s] Level 1:colcon.colcon_core.package_identification:_identify(src/DynamixelSDK/java/protocol1.0/multi_port) by extensions ['cmake', 'python']
[0.366s] Level 1:colcon.colcon_core.package_identification:_identify(src/DynamixelSDK/java/protocol1.0/multi_port) by extension 'cmake'
[0.366s] Level 1:colcon.colcon_core.package_identification:_identify(src/DynamixelSDK/java/protocol1.0/multi_port) by extension 'python'
[0.366s] Level 1:colcon.colcon_core.package_identification:_identify(src/DynamixelSDK/java/protocol1.0/multi_port) by extensions ['python_setup_py']
[0.366s] Level 1:colcon.colcon_core.package_identification:_identify(src/DynamixelSDK/java/protocol1.0/multi_port) by extension 'python_setup_py'
[0.366s] Level 1:colcon.colcon_core.package_identification:_identify(src/DynamixelSDK/java/protocol1.0/ping) by extensions ['ignore', 'ignore_ament_install']
[0.366s] Level 1:colcon.colcon_core.package_identification:_identify(src/DynamixelSDK/java/protocol1.0/ping) by extension 'ignore'
[0.366s] Level 1:colcon.colcon_core.package_identification:_identify(src/DynamixelSDK/java/protocol1.0/ping) by extension 'ignore_ament_install'
[0.366s] Level 1:colcon.colcon_core.package_identification:_identify(src/DynamixelSDK/java/protocol1.0/ping) by extensions ['colcon_pkg']
[0.366s] Level 1:colcon.colcon_core.package_identification:_identify(src/DynamixelSDK/java/protocol1.0/ping) by extension 'colcon_pkg'
[0.366s] Level 1:colcon.colcon_core.package_identification:_identify(src/DynamixelSDK/java/protocol1.0/ping) by extensions ['colcon_meta']
[0.366s] Level 1:colcon.colcon_core.package_identification:_identify(src/DynamixelSDK/java/protocol1.0/ping) by extension 'colcon_meta'
[0.366s] Level 1:colcon.colcon_core.package_identification:_identify(src/DynamixelSDK/java/protocol1.0/ping) by extensions ['ros']
[0.366s] Level 1:colcon.colcon_core.package_identification:_identify(src/DynamixelSDK/java/protocol1.0/ping) by extension 'ros'
[0.366s] Level 1:colcon.colcon_core.package_identification:_identify(src/DynamixelSDK/java/protocol1.0/ping) by extensions ['cmake', 'python']
[0.366s] Level 1:colcon.colcon_core.package_identification:_identify(src/DynamixelSDK/java/protocol1.0/ping) by extension 'cmake'
[0.367s] Level 1:colcon.colcon_core.package_identification:_identify(src/DynamixelSDK/java/protocol1.0/ping) by extension 'python'
[0.367s] Level 1:colcon.colcon_core.package_identification:_identify(src/DynamixelSDK/java/protocol1.0/ping) by extensions ['python_setup_py']
[0.367s] Level 1:colcon.colcon_core.package_identification:_identify(src/DynamixelSDK/java/protocol1.0/ping) by extension 'python_setup_py'
[0.367s] Level 1:colcon.colcon_core.package_identification:_identify(src/DynamixelSDK/java/protocol1.0/read_write) by extensions ['ignore', 'ignore_ament_install']
[0.367s] Level 1:colcon.colcon_core.package_identification:_identify(src/DynamixelSDK/java/protocol1.0/read_write) by extension 'ignore'
[0.367s] Level 1:colcon.colcon_core.package_identification:_identify(src/DynamixelSDK/java/protocol1.0/read_write) by extension 'ignore_ament_install'
[0.367s] Level 1:colcon.colcon_core.package_identification:_identify(src/DynamixelSDK/java/protocol1.0/read_write) by extensions ['colcon_pkg']
[0.367s] Level 1:colcon.colcon_core.package_identification:_identify(src/DynamixelSDK/java/protocol1.0/read_write) by extension 'colcon_pkg'
[0.367s] Level 1:colcon.colcon_core.package_identification:_identify(src/DynamixelSDK/java/protocol1.0/read_write) by extensions ['colcon_meta']
[0.367s] Level 1:colcon.colcon_core.package_identification:_identify(src/DynamixelSDK/java/protocol1.0/read_write) by extension 'colcon_meta'
[0.367s] Level 1:colcon.colcon_core.package_identification:_identify(src/DynamixelSDK/java/protocol1.0/read_write) by extensions ['ros']
[0.367s] Level 1:colcon.colcon_core.package_identification:_identify(src/DynamixelSDK/java/protocol1.0/read_write) by extension 'ros'
[0.367s] Level 1:colcon.colcon_core.package_identification:_identify(src/DynamixelSDK/java/protocol1.0/read_write) by extensions ['cmake', 'python']
[0.367s] Level 1:colcon.colcon_core.package_identification:_identify(src/DynamixelSDK/java/protocol1.0/read_write) by extension 'cmake'
[0.367s] Level 1:colcon.colcon_core.package_identification:_identify(src/DynamixelSDK/java/protocol1.0/read_write) by extension 'python'
[0.367s] Level 1:colcon.colcon_core.package_identification:_identify(src/DynamixelSDK/java/protocol1.0/read_write) by extensions ['python_setup_py']
[0.367s] Level 1:colcon.colcon_core.package_identification:_identify(src/DynamixelSDK/java/protocol1.0/read_write) by extension 'python_setup_py'
[0.367s] Level 1:colcon.colcon_core.package_identification:_identify(src/DynamixelSDK/java/protocol1.0/reset) by extensions ['ignore', 'ignore_ament_install']
[0.367s] Level 1:colcon.colcon_core.package_identification:_identify(src/DynamixelSDK/java/protocol1.0/reset) by extension 'ignore'
[0.367s] Level 1:colcon.colcon_core.package_identification:_identify(src/DynamixelSDK/java/protocol1.0/reset) by extension 'ignore_ament_install'
[0.367s] Level 1:colcon.colcon_core.package_identification:_identify(src/DynamixelSDK/java/protocol1.0/reset) by extensions ['colcon_pkg']
[0.367s] Level 1:colcon.colcon_core.package_identification:_identify(src/DynamixelSDK/java/protocol1.0/reset) by extension 'colcon_pkg'
[0.367s] Level 1:colcon.colcon_core.package_identification:_identify(src/DynamixelSDK/java/protocol1.0/reset) by extensions ['colcon_meta']
[0.367s] Level 1:colcon.colcon_core.package_identification:_identify(src/DynamixelSDK/java/protocol1.0/reset) by extension 'colcon_meta'
[0.367s] Level 1:colcon.colcon_core.package_identification:_identify(src/DynamixelSDK/java/protocol1.0/reset) by extensions ['ros']
[0.367s] Level 1:colcon.colcon_core.package_identification:_identify(src/DynamixelSDK/java/protocol1.0/reset) by extension 'ros'
[0.368s] Level 1:colcon.colcon_core.package_identification:_identify(src/DynamixelSDK/java/protocol1.0/reset) by extensions ['cmake', 'python']
[0.368s] Level 1:colcon.colcon_core.package_identification:_identify(src/DynamixelSDK/java/protocol1.0/reset) by extension 'cmake'
[0.368s] Level 1:colcon.colcon_core.package_identification:_identify(src/DynamixelSDK/java/protocol1.0/reset) by extension 'python'
[0.368s] Level 1:colcon.colcon_core.package_identification:_identify(src/DynamixelSDK/java/protocol1.0/reset) by extensions ['python_setup_py']
[0.368s] Level 1:colcon.colcon_core.package_identification:_identify(src/DynamixelSDK/java/protocol1.0/reset) by extension 'python_setup_py'
[0.368s] Level 1:colcon.colcon_core.package_identification:_identify(src/DynamixelSDK/java/protocol1.0/sync_write) by extensions ['ignore', 'ignore_ament_install']
[0.368s] Level 1:colcon.colcon_core.package_identification:_identify(src/DynamixelSDK/java/protocol1.0/sync_write) by extension 'ignore'
[0.368s] Level 1:colcon.colcon_core.package_identification:_identify(src/DynamixelSDK/java/protocol1.0/sync_write) by extension 'ignore_ament_install'
[0.368s] Level 1:colcon.colcon_core.package_identification:_identify(src/DynamixelSDK/java/protocol1.0/sync_write) by extensions ['colcon_pkg']
[0.368s] Level 1:colcon.colcon_core.package_identification:_identify(src/DynamixelSDK/java/protocol1.0/sync_write) by extension 'colcon_pkg'
[0.368s] Level 1:colcon.colcon_core.package_identification:_identify(src/DynamixelSDK/java/protocol1.0/sync_write) by extensions ['colcon_meta']
[0.368s] Level 1:colcon.colcon_core.package_identification:_identify(src/DynamixelSDK/java/protocol1.0/sync_write) by extension 'colcon_meta'
[0.368s] Level 1:colcon.colcon_core.package_identification:_identify(src/DynamixelSDK/java/protocol1.0/sync_write) by extensions ['ros']
[0.368s] Level 1:colcon.colcon_core.package_identification:_identify(src/DynamixelSDK/java/protocol1.0/sync_write) by extension 'ros'
[0.368s] Level 1:colcon.colcon_core.package_identification:_identify(src/DynamixelSDK/java/protocol1.0/sync_write) by extensions ['cmake', 'python']
[0.368s] Level 1:colcon.colcon_core.package_identification:_identify(src/DynamixelSDK/java/protocol1.0/sync_write) by extension 'cmake'
[0.368s] Level 1:colcon.colcon_core.package_identification:_identify(src/DynamixelSDK/java/protocol1.0/sync_write) by extension 'python'
[0.368s] Level 1:colcon.colcon_core.package_identification:_identify(src/DynamixelSDK/java/protocol1.0/sync_write) by extensions ['python_setup_py']
[0.368s] Level 1:colcon.colcon_core.package_identification:_identify(src/DynamixelSDK/java/protocol1.0/sync_write) by extension 'python_setup_py'
[0.368s] Level 1:colcon.colcon_core.package_identification:_identify(src/DynamixelSDK/java/protocol2.0) by extensions ['ignore', 'ignore_ament_install']
[0.368s] Level 1:colcon.colcon_core.package_identification:_identify(src/DynamixelSDK/java/protocol2.0) by extension 'ignore'
[0.368s] Level 1:colcon.colcon_core.package_identification:_identify(src/DynamixelSDK/java/protocol2.0) by extension 'ignore_ament_install'
[0.368s] Level 1:colcon.colcon_core.package_identification:_identify(src/DynamixelSDK/java/protocol2.0) by extensions ['colcon_pkg']
[0.368s] Level 1:colcon.colcon_core.package_identification:_identify(src/DynamixelSDK/java/protocol2.0) by extension 'colcon_pkg'
[0.368s] Level 1:colcon.colcon_core.package_identification:_identify(src/DynamixelSDK/java/protocol2.0) by extensions ['colcon_meta']
[0.368s] Level 1:colcon.colcon_core.package_identification:_identify(src/DynamixelSDK/java/protocol2.0) by extension 'colcon_meta'
[0.368s] Level 1:colcon.colcon_core.package_identification:_identify(src/DynamixelSDK/java/protocol2.0) by extensions ['ros']
[0.369s] Level 1:colcon.colcon_core.package_identification:_identify(src/DynamixelSDK/java/protocol2.0) by extension 'ros'
[0.369s] Level 1:colcon.colcon_core.package_identification:_identify(src/DynamixelSDK/java/protocol2.0) by extensions ['cmake', 'python']
[0.369s] Level 1:colcon.colcon_core.package_identification:_identify(src/DynamixelSDK/java/protocol2.0) by extension 'cmake'
[0.369s] Level 1:colcon.colcon_core.package_identification:_identify(src/DynamixelSDK/java/protocol2.0) by extension 'python'
[0.369s] Level 1:colcon.colcon_core.package_identification:_identify(src/DynamixelSDK/java/protocol2.0) by extensions ['python_setup_py']
[0.369s] Level 1:colcon.colcon_core.package_identification:_identify(src/DynamixelSDK/java/protocol2.0) by extension 'python_setup_py'
[0.369s] Level 1:colcon.colcon_core.package_identification:_identify(src/DynamixelSDK/java/protocol2.0/broadcast_ping) by extensions ['ignore', 'ignore_ament_install']
[0.369s] Level 1:colcon.colcon_core.package_identification:_identify(src/DynamixelSDK/java/protocol2.0/broadcast_ping) by extension 'ignore'
[0.369s] Level 1:colcon.colcon_core.package_identification:_identify(src/DynamixelSDK/java/protocol2.0/broadcast_ping) by extension 'ignore_ament_install'
[0.369s] Level 1:colcon.colcon_core.package_identification:_identify(src/DynamixelSDK/java/protocol2.0/broadcast_ping) by extensions ['colcon_pkg']
[0.369s] Level 1:colcon.colcon_core.package_identification:_identify(src/DynamixelSDK/java/protocol2.0/broadcast_ping) by extension 'colcon_pkg'
[0.369s] Level 1:colcon.colcon_core.package_identification:_identify(src/DynamixelSDK/java/protocol2.0/broadcast_ping) by extensions ['colcon_meta']
[0.369s] Level 1:colcon.colcon_core.package_identification:_identify(src/DynamixelSDK/java/protocol2.0/broadcast_ping) by extension 'colcon_meta'
[0.369s] Level 1:colcon.colcon_core.package_identification:_identify(src/DynamixelSDK/java/protocol2.0/broadcast_ping) by extensions ['ros']
[0.369s] Level 1:colcon.colcon_core.package_identification:_identify(src/DynamixelSDK/java/protocol2.0/broadcast_ping) by extension 'ros'
[0.369s] Level 1:colcon.colcon_core.package_identification:_identify(src/DynamixelSDK/java/protocol2.0/broadcast_ping) by extensions ['cmake', 'python']
[0.369s] Level 1:colcon.colcon_core.package_identification:_identify(src/DynamixelSDK/java/protocol2.0/broadcast_ping) by extension 'cmake'
[0.369s] Level 1:colcon.colcon_core.package_identification:_identify(src/DynamixelSDK/java/protocol2.0/broadcast_ping) by extension 'python'
[0.369s] Level 1:colcon.colcon_core.package_identification:_identify(src/DynamixelSDK/java/protocol2.0/broadcast_ping) by extensions ['python_setup_py']
[0.369s] Level 1:colcon.colcon_core.package_identification:_identify(src/DynamixelSDK/java/protocol2.0/broadcast_ping) by extension 'python_setup_py'
[0.369s] Level 1:colcon.colcon_core.package_identification:_identify(src/DynamixelSDK/java/protocol2.0/bulk_read_write) by extensions ['ignore', 'ignore_ament_install']
[0.370s] Level 1:colcon.colcon_core.package_identification:_identify(src/DynamixelSDK/java/protocol2.0/bulk_read_write) by extension 'ignore'
[0.370s] Level 1:colcon.colcon_core.package_identification:_identify(src/DynamixelSDK/java/protocol2.0/bulk_read_write) by extension 'ignore_ament_install'
[0.370s] Level 1:colcon.colcon_core.package_identification:_identify(src/DynamixelSDK/java/protocol2.0/bulk_read_write) by extensions ['colcon_pkg']
[0.370s] Level 1:colcon.colcon_core.package_identification:_identify(src/DynamixelSDK/java/protocol2.0/bulk_read_write) by extension 'colcon_pkg'
[0.370s] Level 1:colcon.colcon_core.package_identification:_identify(src/DynamixelSDK/java/protocol2.0/bulk_read_write) by extensions ['colcon_meta']
[0.370s] Level 1:colcon.colcon_core.package_identification:_identify(src/DynamixelSDK/java/protocol2.0/bulk_read_write) by extension 'colcon_meta'
[0.370s] Level 1:colcon.colcon_core.package_identification:_identify(src/DynamixelSDK/java/protocol2.0/bulk_read_write) by extensions ['ros']
[0.370s] Level 1:colcon.colcon_core.package_identification:_identify(src/DynamixelSDK/java/protocol2.0/bulk_read_write) by extension 'ros'
[0.370s] Level 1:colcon.colcon_core.package_identification:_identify(src/DynamixelSDK/java/protocol2.0/bulk_read_write) by extensions ['cmake', 'python']
[0.370s] Level 1:colcon.colcon_core.package_identification:_identify(src/DynamixelSDK/java/protocol2.0/bulk_read_write) by extension 'cmake'
[0.370s] Level 1:colcon.colcon_core.package_identification:_identify(src/DynamixelSDK/java/protocol2.0/bulk_read_write) by extension 'python'
[0.370s] Level 1:colcon.colcon_core.package_identification:_identify(src/DynamixelSDK/java/protocol2.0/bulk_read_write) by extensions ['python_setup_py']
[0.370s] Level 1:colcon.colcon_core.package_identification:_identify(src/DynamixelSDK/java/protocol2.0/bulk_read_write) by extension 'python_setup_py'
[0.370s] Level 1:colcon.colcon_core.package_identification:_identify(src/DynamixelSDK/java/protocol2.0/clear_multi_turn) by extensions ['ignore', 'ignore_ament_install']
[0.370s] Level 1:colcon.colcon_core.package_identification:_identify(src/DynamixelSDK/java/protocol2.0/clear_multi_turn) by extension 'ignore'
[0.370s] Level 1:colcon.colcon_core.package_identification:_identify(src/DynamixelSDK/java/protocol2.0/clear_multi_turn) by extension 'ignore_ament_install'
[0.370s] Level 1:colcon.colcon_core.package_identification:_identify(src/DynamixelSDK/java/protocol2.0/clear_multi_turn) by extensions ['colcon_pkg']
[0.370s] Level 1:colcon.colcon_core.package_identification:_identify(src/DynamixelSDK/java/protocol2.0/clear_multi_turn) by extension 'colcon_pkg'
[0.370s] Level 1:colcon.colcon_core.package_identification:_identify(src/DynamixelSDK/java/protocol2.0/clear_multi_turn) by extensions ['colcon_meta']
[0.370s] Level 1:colcon.colcon_core.package_identification:_identify(src/DynamixelSDK/java/protocol2.0/clear_multi_turn) by extension 'colcon_meta'
[0.370s] Level 1:colcon.colcon_core.package_identification:_identify(src/DynamixelSDK/java/protocol2.0/clear_multi_turn) by extensions ['ros']
[0.370s] Level 1:colcon.colcon_core.package_identification:_identify(src/DynamixelSDK/java/protocol2.0/clear_multi_turn) by extension 'ros'
[0.370s] Level 1:colcon.colcon_core.package_identification:_identify(src/DynamixelSDK/java/protocol2.0/clear_multi_turn) by extensions ['cmake', 'python']
[0.370s] Level 1:colcon.colcon_core.package_identification:_identify(src/DynamixelSDK/java/protocol2.0/clear_multi_turn) by extension 'cmake'
[0.370s] Level 1:colcon.colcon_core.package_identification:_identify(src/DynamixelSDK/java/protocol2.0/clear_multi_turn) by extension 'python'
[0.370s] Level 1:colcon.colcon_core.package_identification:_identify(src/DynamixelSDK/java/protocol2.0/clear_multi_turn) by extensions ['python_setup_py']
[0.370s] Level 1:colcon.colcon_core.package_identification:_identify(src/DynamixelSDK/java/protocol2.0/clear_multi_turn) by extension 'python_setup_py'
[0.371s] Level 1:colcon.colcon_core.package_identification:_identify(src/DynamixelSDK/java/protocol2.0/factory_reset) by extensions ['ignore', 'ignore_ament_install']
[0.371s] Level 1:colcon.colcon_core.package_identification:_identify(src/DynamixelSDK/java/protocol2.0/factory_reset) by extension 'ignore'
[0.371s] Level 1:colcon.colcon_core.package_identification:_identify(src/DynamixelSDK/java/protocol2.0/factory_reset) by extension 'ignore_ament_install'
[0.371s] Level 1:colcon.colcon_core.package_identification:_identify(src/DynamixelSDK/java/protocol2.0/factory_reset) by extensions ['colcon_pkg']
[0.371s] Level 1:colcon.colcon_core.package_identification:_identify(src/DynamixelSDK/java/protocol2.0/factory_reset) by extension 'colcon_pkg'
[0.371s] Level 1:colcon.colcon_core.package_identification:_identify(src/DynamixelSDK/java/protocol2.0/factory_reset) by extensions ['colcon_meta']
[0.371s] Level 1:colcon.colcon_core.package_identification:_identify(src/DynamixelSDK/java/protocol2.0/factory_reset) by extension 'colcon_meta'
[0.371s] Level 1:colcon.colcon_core.package_identification:_identify(src/DynamixelSDK/java/protocol2.0/factory_reset) by extensions ['ros']
[0.371s] Level 1:colcon.colcon_core.package_identification:_identify(src/DynamixelSDK/java/protocol2.0/factory_reset) by extension 'ros'
[0.371s] Level 1:colcon.colcon_core.package_identification:_identify(src/DynamixelSDK/java/protocol2.0/factory_reset) by extensions ['cmake', 'python']
[0.371s] Level 1:colcon.colcon_core.package_identification:_identify(src/DynamixelSDK/java/protocol2.0/factory_reset) by extension 'cmake'
[0.371s] Level 1:colcon.colcon_core.package_identification:_identify(src/DynamixelSDK/java/protocol2.0/factory_reset) by extension 'python'
[0.371s] Level 1:colcon.colcon_core.package_identification:_identify(src/DynamixelSDK/java/protocol2.0/factory_reset) by extensions ['python_setup_py']
[0.371s] Level 1:colcon.colcon_core.package_identification:_identify(src/DynamixelSDK/java/protocol2.0/factory_reset) by extension 'python_setup_py'
[0.371s] Level 1:colcon.colcon_core.package_identification:_identify(src/DynamixelSDK/java/protocol2.0/indirect_address) by extensions ['ignore', 'ignore_ament_install']
[0.371s] Level 1:colcon.colcon_core.package_identification:_identify(src/DynamixelSDK/java/protocol2.0/indirect_address) by extension 'ignore'
[0.371s] Level 1:colcon.colcon_core.package_identification:_identify(src/DynamixelSDK/java/protocol2.0/indirect_address) by extension 'ignore_ament_install'
[0.371s] Level 1:colcon.colcon_core.package_identification:_identify(src/DynamixelSDK/java/protocol2.0/indirect_address) by extensions ['colcon_pkg']
[0.371s] Level 1:colcon.colcon_core.package_identification:_identify(src/DynamixelSDK/java/protocol2.0/indirect_address) by extension 'colcon_pkg'
[0.371s] Level 1:colcon.colcon_core.package_identification:_identify(src/DynamixelSDK/java/protocol2.0/indirect_address) by extensions ['colcon_meta']
[0.371s] Level 1:colcon.colcon_core.package_identification:_identify(src/DynamixelSDK/java/protocol2.0/indirect_address) by extension 'colcon_meta'
[0.371s] Level 1:colcon.colcon_core.package_identification:_identify(src/DynamixelSDK/java/protocol2.0/indirect_address) by extensions ['ros']
[0.371s] Level 1:colcon.colcon_core.package_identification:_identify(src/DynamixelSDK/java/protocol2.0/indirect_address) by extension 'ros'
[0.372s] Level 1:colcon.colcon_core.package_identification:_identify(src/DynamixelSDK/java/protocol2.0/indirect_address) by extensions ['cmake', 'python']
[0.372s] Level 1:colcon.colcon_core.package_identification:_identify(src/DynamixelSDK/java/protocol2.0/indirect_address) by extension 'cmake'
[0.372s] Level 1:colcon.colcon_core.package_identification:_identify(src/DynamixelSDK/java/protocol2.0/indirect_address) by extension 'python'
[0.372s] Level 1:colcon.colcon_core.package_identification:_identify(src/DynamixelSDK/java/protocol2.0/indirect_address) by extensions ['python_setup_py']
[0.372s] Level 1:colcon.colcon_core.package_identification:_identify(src/DynamixelSDK/java/protocol2.0/indirect_address) by extension 'python_setup_py'
[0.372s] Level 1:colcon.colcon_core.package_identification:_identify(src/DynamixelSDK/java/protocol2.0/multi_port) by extensions ['ignore', 'ignore_ament_install']
[0.372s] Level 1:colcon.colcon_core.package_identification:_identify(src/DynamixelSDK/java/protocol2.0/multi_port) by extension 'ignore'
[0.372s] Level 1:colcon.colcon_core.package_identification:_identify(src/DynamixelSDK/java/protocol2.0/multi_port) by extension 'ignore_ament_install'
[0.372s] Level 1:colcon.colcon_core.package_identification:_identify(src/DynamixelSDK/java/protocol2.0/multi_port) by extensions ['colcon_pkg']
[0.372s] Level 1:colcon.colcon_core.package_identification:_identify(src/DynamixelSDK/java/protocol2.0/multi_port) by extension 'colcon_pkg'
[0.372s] Level 1:colcon.colcon_core.package_identification:_identify(src/DynamixelSDK/java/protocol2.0/multi_port) by extensions ['colcon_meta']
[0.372s] Level 1:colcon.colcon_core.package_identification:_identify(src/DynamixelSDK/java/protocol2.0/multi_port) by extension 'colcon_meta'
[0.372s] Level 1:colcon.colcon_core.package_identification:_identify(src/DynamixelSDK/java/protocol2.0/multi_port) by extensions ['ros']
[0.372s] Level 1:colcon.colcon_core.package_identification:_identify(src/DynamixelSDK/java/protocol2.0/multi_port) by extension 'ros'
[0.372s] Level 1:colcon.colcon_core.package_identification:_identify(src/DynamixelSDK/java/protocol2.0/multi_port) by extensions ['cmake', 'python']
[0.372s] Level 1:colcon.colcon_core.package_identification:_identify(src/DynamixelSDK/java/protocol2.0/multi_port) by extension 'cmake'
[0.372s] Level 1:colcon.colcon_core.package_identification:_identify(src/DynamixelSDK/java/protocol2.0/multi_port) by extension 'python'
[0.372s] Level 1:colcon.colcon_core.package_identification:_identify(src/DynamixelSDK/java/protocol2.0/multi_port) by extensions ['python_setup_py']
[0.372s] Level 1:colcon.colcon_core.package_identification:_identify(src/DynamixelSDK/java/protocol2.0/multi_port) by extension 'python_setup_py'
[0.372s] Level 1:colcon.colcon_core.package_identification:_identify(src/DynamixelSDK/java/protocol2.0/ping) by extensions ['ignore', 'ignore_ament_install']
[0.372s] Level 1:colcon.colcon_core.package_identification:_identify(src/DynamixelSDK/java/protocol2.0/ping) by extension 'ignore'
[0.372s] Level 1:colcon.colcon_core.package_identification:_identify(src/DynamixelSDK/java/protocol2.0/ping) by extension 'ignore_ament_install'
[0.373s] Level 1:colcon.colcon_core.package_identification:_identify(src/DynamixelSDK/java/protocol2.0/ping) by extensions ['colcon_pkg']
[0.373s] Level 1:colcon.colcon_core.package_identification:_identify(src/DynamixelSDK/java/protocol2.0/ping) by extension 'colcon_pkg'
[0.373s] Level 1:colcon.colcon_core.package_identification:_identify(src/DynamixelSDK/java/protocol2.0/ping) by extensions ['colcon_meta']
[0.373s] Level 1:colcon.colcon_core.package_identification:_identify(src/DynamixelSDK/java/protocol2.0/ping) by extension 'colcon_meta'
[0.373s] Level 1:colcon.colcon_core.package_identification:_identify(src/DynamixelSDK/java/protocol2.0/ping) by extensions ['ros']
[0.373s] Level 1:colcon.colcon_core.package_identification:_identify(src/DynamixelSDK/java/protocol2.0/ping) by extension 'ros'
[0.373s] Level 1:colcon.colcon_core.package_identification:_identify(src/DynamixelSDK/java/protocol2.0/ping) by extensions ['cmake', 'python']
[0.373s] Level 1:colcon.colcon_core.package_identification:_identify(src/DynamixelSDK/java/protocol2.0/ping) by extension 'cmake'
[0.373s] Level 1:colcon.colcon_core.package_identification:_identify(src/DynamixelSDK/java/protocol2.0/ping) by extension 'python'
[0.373s] Level 1:colcon.colcon_core.package_identification:_identify(src/DynamixelSDK/java/protocol2.0/ping) by extensions ['python_setup_py']
[0.373s] Level 1:colcon.colcon_core.package_identification:_identify(src/DynamixelSDK/java/protocol2.0/ping) by extension 'python_setup_py'
[0.373s] Level 1:colcon.colcon_core.package_identification:_identify(src/DynamixelSDK/java/protocol2.0/read_write) by extensions ['ignore', 'ignore_ament_install']
[0.373s] Level 1:colcon.colcon_core.package_identification:_identify(src/DynamixelSDK/java/protocol2.0/read_write) by extension 'ignore'
[0.373s] Level 1:colcon.colcon_core.package_identification:_identify(src/DynamixelSDK/java/protocol2.0/read_write) by extension 'ignore_ament_install'
[0.373s] Level 1:colcon.colcon_core.package_identification:_identify(src/DynamixelSDK/java/protocol2.0/read_write) by extensions ['colcon_pkg']
[0.373s] Level 1:colcon.colcon_core.package_identification:_identify(src/DynamixelSDK/java/protocol2.0/read_write) by extension 'colcon_pkg'
[0.373s] Level 1:colcon.colcon_core.package_identification:_identify(src/DynamixelSDK/java/protocol2.0/read_write) by extensions ['colcon_meta']
[0.373s] Level 1:colcon.colcon_core.package_identification:_identify(src/DynamixelSDK/java/protocol2.0/read_write) by extension 'colcon_meta'
[0.373s] Level 1:colcon.colcon_core.package_identification:_identify(src/DynamixelSDK/java/protocol2.0/read_write) by extensions ['ros']
[0.373s] Level 1:colcon.colcon_core.package_identification:_identify(src/DynamixelSDK/java/protocol2.0/read_write) by extension 'ros'
[0.373s] Level 1:colcon.colcon_core.package_identification:_identify(src/DynamixelSDK/java/protocol2.0/read_write) by extensions ['cmake', 'python']
[0.373s] Level 1:colcon.colcon_core.package_identification:_identify(src/DynamixelSDK/java/protocol2.0/read_write) by extension 'cmake'
[0.373s] Level 1:colcon.colcon_core.package_identification:_identify(src/DynamixelSDK/java/protocol2.0/read_write) by extension 'python'
[0.373s] Level 1:colcon.colcon_core.package_identification:_identify(src/DynamixelSDK/java/protocol2.0/read_write) by extensions ['python_setup_py']
[0.373s] Level 1:colcon.colcon_core.package_identification:_identify(src/DynamixelSDK/java/protocol2.0/read_write) by extension 'python_setup_py'
[0.374s] Level 1:colcon.colcon_core.package_identification:_identify(src/DynamixelSDK/java/protocol2.0/reboot) by extensions ['ignore', 'ignore_ament_install']
[0.374s] Level 1:colcon.colcon_core.package_identification:_identify(src/DynamixelSDK/java/protocol2.0/reboot) by extension 'ignore'
[0.374s] Level 1:colcon.colcon_core.package_identification:_identify(src/DynamixelSDK/java/protocol2.0/reboot) by extension 'ignore_ament_install'
[0.374s] Level 1:colcon.colcon_core.package_identification:_identify(src/DynamixelSDK/java/protocol2.0/reboot) by extensions ['colcon_pkg']
[0.374s] Level 1:colcon.colcon_core.package_identification:_identify(src/DynamixelSDK/java/protocol2.0/reboot) by extension 'colcon_pkg'
[0.374s] Level 1:colcon.colcon_core.package_identification:_identify(src/DynamixelSDK/java/protocol2.0/reboot) by extensions ['colcon_meta']
[0.374s] Level 1:colcon.colcon_core.package_identification:_identify(src/DynamixelSDK/java/protocol2.0/reboot) by extension 'colcon_meta'
[0.374s] Level 1:colcon.colcon_core.package_identification:_identify(src/DynamixelSDK/java/protocol2.0/reboot) by extensions ['ros']
[0.374s] Level 1:colcon.colcon_core.package_identification:_identify(src/DynamixelSDK/java/protocol2.0/reboot) by extension 'ros'
[0.374s] Level 1:colcon.colcon_core.package_identification:_identify(src/DynamixelSDK/java/protocol2.0/reboot) by extensions ['cmake', 'python']
[0.374s] Level 1:colcon.colcon_core.package_identification:_identify(src/DynamixelSDK/java/protocol2.0/reboot) by extension 'cmake'
[0.374s] Level 1:colcon.colcon_core.package_identification:_identify(src/DynamixelSDK/java/protocol2.0/reboot) by extension 'python'
[0.374s] Level 1:colcon.colcon_core.package_identification:_identify(src/DynamixelSDK/java/protocol2.0/reboot) by extensions ['python_setup_py']
[0.374s] Level 1:colcon.colcon_core.package_identification:_identify(src/DynamixelSDK/java/protocol2.0/reboot) by extension 'python_setup_py'
[0.374s] Level 1:colcon.colcon_core.package_identification:_identify(src/DynamixelSDK/java/protocol2.0/sync_read_write) by extensions ['ignore', 'ignore_ament_install']
[0.374s] Level 1:colcon.colcon_core.package_identification:_identify(src/DynamixelSDK/java/protocol2.0/sync_read_write) by extension 'ignore'
[0.374s] Level 1:colcon.colcon_core.package_identification:_identify(src/DynamixelSDK/java/protocol2.0/sync_read_write) by extension 'ignore_ament_install'
[0.374s] Level 1:colcon.colcon_core.package_identification:_identify(src/DynamixelSDK/java/protocol2.0/sync_read_write) by extensions ['colcon_pkg']
[0.374s] Level 1:colcon.colcon_core.package_identification:_identify(src/DynamixelSDK/java/protocol2.0/sync_read_write) by extension 'colcon_pkg'
[0.374s] Level 1:colcon.colcon_core.package_identification:_identify(src/DynamixelSDK/java/protocol2.0/sync_read_write) by extensions ['colcon_meta']
[0.374s] Level 1:colcon.colcon_core.package_identification:_identify(src/DynamixelSDK/java/protocol2.0/sync_read_write) by extension 'colcon_meta'
[0.374s] Level 1:colcon.colcon_core.package_identification:_identify(src/DynamixelSDK/java/protocol2.0/sync_read_write) by extensions ['ros']
[0.374s] Level 1:colcon.colcon_core.package_identification:_identify(src/DynamixelSDK/java/protocol2.0/sync_read_write) by extension 'ros'
[0.374s] Level 1:colcon.colcon_core.package_identification:_identify(src/DynamixelSDK/java/protocol2.0/sync_read_write) by extensions ['cmake', 'python']
[0.374s] Level 1:colcon.colcon_core.package_identification:_identify(src/DynamixelSDK/java/protocol2.0/sync_read_write) by extension 'cmake'
[0.374s] Level 1:colcon.colcon_core.package_identification:_identify(src/DynamixelSDK/java/protocol2.0/sync_read_write) by extension 'python'
[0.374s] Level 1:colcon.colcon_core.package_identification:_identify(src/DynamixelSDK/java/protocol2.0/sync_read_write) by extensions ['python_setup_py']
[0.374s] Level 1:colcon.colcon_core.package_identification:_identify(src/DynamixelSDK/java/protocol2.0/sync_read_write) by extension 'python_setup_py'
[0.375s] Level 1:colcon.colcon_core.package_identification:_identify(src/DynamixelSDK/java/protocol_combined) by extensions ['ignore', 'ignore_ament_install']
[0.375s] Level 1:colcon.colcon_core.package_identification:_identify(src/DynamixelSDK/java/protocol_combined) by extension 'ignore'
[0.375s] Level 1:colcon.colcon_core.package_identification:_identify(src/DynamixelSDK/java/protocol_combined) by extension 'ignore_ament_install'
[0.375s] Level 1:colcon.colcon_core.package_identification:_identify(src/DynamixelSDK/java/protocol_combined) by extensions ['colcon_pkg']
[0.375s] Level 1:colcon.colcon_core.package_identification:_identify(src/DynamixelSDK/java/protocol_combined) by extension 'colcon_pkg'
[0.375s] Level 1:colcon.colcon_core.package_identification:_identify(src/DynamixelSDK/java/protocol_combined) by extensions ['colcon_meta']
[0.375s] Level 1:colcon.colcon_core.package_identification:_identify(src/DynamixelSDK/java/protocol_combined) by extension 'colcon_meta'
[0.375s] Level 1:colcon.colcon_core.package_identification:_identify(src/DynamixelSDK/java/protocol_combined) by extensions ['ros']
[0.375s] Level 1:colcon.colcon_core.package_identification:_identify(src/DynamixelSDK/java/protocol_combined) by extension 'ros'
[0.375s] Level 1:colcon.colcon_core.package_identification:_identify(src/DynamixelSDK/java/protocol_combined) by extensions ['cmake', 'python']
[0.375s] Level 1:colcon.colcon_core.package_identification:_identify(src/DynamixelSDK/java/protocol_combined) by extension 'cmake'
[0.375s] Level 1:colcon.colcon_core.package_identification:_identify(src/DynamixelSDK/java/protocol_combined) by extension 'python'
[0.375s] Level 1:colcon.colcon_core.package_identification:_identify(src/DynamixelSDK/java/protocol_combined) by extensions ['python_setup_py']
[0.375s] Level 1:colcon.colcon_core.package_identification:_identify(src/DynamixelSDK/java/protocol_combined) by extension 'python_setup_py'
[0.375s] Level 1:colcon.colcon_core.package_identification:_identify(src/DynamixelSDK/labview) by extensions ['ignore', 'ignore_ament_install']
[0.375s] Level 1:colcon.colcon_core.package_identification:_identify(src/DynamixelSDK/labview) by extension 'ignore'
[0.375s] Level 1:colcon.colcon_core.package_identification:_identify(src/DynamixelSDK/labview) by extension 'ignore_ament_install'
[0.375s] Level 1:colcon.colcon_core.package_identification:_identify(src/DynamixelSDK/labview) by extensions ['colcon_pkg']
[0.375s] Level 1:colcon.colcon_core.package_identification:_identify(src/DynamixelSDK/labview) by extension 'colcon_pkg'
[0.375s] Level 1:colcon.colcon_core.package_identification:_identify(src/DynamixelSDK/labview) by extensions ['colcon_meta']
[0.375s] Level 1:colcon.colcon_core.package_identification:_identify(src/DynamixelSDK/labview) by extension 'colcon_meta'
[0.375s] Level 1:colcon.colcon_core.package_identification:_identify(src/DynamixelSDK/labview) by extensions ['ros']
[0.375s] Level 1:colcon.colcon_core.package_identification:_identify(src/DynamixelSDK/labview) by extension 'ros'
[0.375s] Level 1:colcon.colcon_core.package_identification:_identify(src/DynamixelSDK/labview) by extensions ['cmake', 'python']
[0.375s] Level 1:colcon.colcon_core.package_identification:_identify(src/DynamixelSDK/labview) by extension 'cmake'
[0.375s] Level 1:colcon.colcon_core.package_identification:_identify(src/DynamixelSDK/labview) by extension 'python'
[0.375s] Level 1:colcon.colcon_core.package_identification:_identify(src/DynamixelSDK/labview) by extensions ['python_setup_py']
[0.376s] Level 1:colcon.colcon_core.package_identification:_identify(src/DynamixelSDK/labview) by extension 'python_setup_py'
[0.376s] Level 1:colcon.colcon_core.package_identification:_identify(src/DynamixelSDK/labview/dxl_x86_c.lvlib) by extensions ['ignore', 'ignore_ament_install']
[0.376s] Level 1:colcon.colcon_core.package_identification:_identify(src/DynamixelSDK/labview/dxl_x86_c.lvlib) by extension 'ignore'
[0.376s] Level 1:colcon.colcon_core.package_identification:_identify(src/DynamixelSDK/labview/dxl_x86_c.lvlib) by extension 'ignore_ament_install'
[0.376s] Level 1:colcon.colcon_core.package_identification:_identify(src/DynamixelSDK/labview/dxl_x86_c.lvlib) by extensions ['colcon_pkg']
[0.376s] Level 1:colcon.colcon_core.package_identification:_identify(src/DynamixelSDK/labview/dxl_x86_c.lvlib) by extension 'colcon_pkg'
[0.376s] Level 1:colcon.colcon_core.package_identification:_identify(src/DynamixelSDK/labview/dxl_x86_c.lvlib) by extensions ['colcon_meta']
[0.376s] Level 1:colcon.colcon_core.package_identification:_identify(src/DynamixelSDK/labview/dxl_x86_c.lvlib) by extension 'colcon_meta'
[0.376s] Level 1:colcon.colcon_core.package_identification:_identify(src/DynamixelSDK/labview/dxl_x86_c.lvlib) by extensions ['ros']
[0.376s] Level 1:colcon.colcon_core.package_identification:_identify(src/DynamixelSDK/labview/dxl_x86_c.lvlib) by extension 'ros'
[0.376s] Level 1:colcon.colcon_core.package_identification:_identify(src/DynamixelSDK/labview/dxl_x86_c.lvlib) by extensions ['cmake', 'python']
[0.376s] Level 1:colcon.colcon_core.package_identification:_identify(src/DynamixelSDK/labview/dxl_x86_c.lvlib) by extension 'cmake'
[0.376s] Level 1:colcon.colcon_core.package_identification:_identify(src/DynamixelSDK/labview/dxl_x86_c.lvlib) by extension 'python'
[0.376s] Level 1:colcon.colcon_core.package_identification:_identify(src/DynamixelSDK/labview/dxl_x86_c.lvlib) by extensions ['python_setup_py']
[0.376s] Level 1:colcon.colcon_core.package_identification:_identify(src/DynamixelSDK/labview/dxl_x86_c.lvlib) by extension 'python_setup_py'
[0.376s] Level 1:colcon.colcon_core.package_identification:_identify(src/DynamixelSDK/labview/dxl_x86_c.lvlib/VIs) by extensions ['ignore', 'ignore_ament_install']
[0.376s] Level 1:colcon.colcon_core.package_identification:_identify(src/DynamixelSDK/labview/dxl_x86_c.lvlib/VIs) by extension 'ignore'
[0.376s] Level 1:colcon.colcon_core.package_identification:_identify(src/DynamixelSDK/labview/dxl_x86_c.lvlib/VIs) by extension 'ignore_ament_install'
[0.376s] Level 1:colcon.colcon_core.package_identification:_identify(src/DynamixelSDK/labview/dxl_x86_c.lvlib/VIs) by extensions ['colcon_pkg']
[0.376s] Level 1:colcon.colcon_core.package_identification:_identify(src/DynamixelSDK/labview/dxl_x86_c.lvlib/VIs) by extension 'colcon_pkg'
[0.376s] Level 1:colcon.colcon_core.package_identification:_identify(src/DynamixelSDK/labview/dxl_x86_c.lvlib/VIs) by extensions ['colcon_meta']
[0.376s] Level 1:colcon.colcon_core.package_identification:_identify(src/DynamixelSDK/labview/dxl_x86_c.lvlib/VIs) by extension 'colcon_meta'
[0.376s] Level 1:colcon.colcon_core.package_identification:_identify(src/DynamixelSDK/labview/dxl_x86_c.lvlib/VIs) by extensions ['ros']
[0.376s] Level 1:colcon.colcon_core.package_identification:_identify(src/DynamixelSDK/labview/dxl_x86_c.lvlib/VIs) by extension 'ros'
[0.377s] Level 1:colcon.colcon_core.package_identification:_identify(src/DynamixelSDK/labview/dxl_x86_c.lvlib/VIs) by extensions ['cmake', 'python']
[0.377s] Level 1:colcon.colcon_core.package_identification:_identify(src/DynamixelSDK/labview/dxl_x86_c.lvlib/VIs) by extension 'cmake'
[0.377s] Level 1:colcon.colcon_core.package_identification:_identify(src/DynamixelSDK/labview/dxl_x86_c.lvlib/VIs) by extension 'python'
[0.377s] Level 1:colcon.colcon_core.package_identification:_identify(src/DynamixelSDK/labview/dxl_x86_c.lvlib/VIs) by extensions ['python_setup_py']
[0.377s] Level 1:colcon.colcon_core.package_identification:_identify(src/DynamixelSDK/labview/dxl_x86_c.lvlib/VIs) by extension 'python_setup_py'
[0.377s] Level 1:colcon.colcon_core.package_identification:_identify(src/DynamixelSDK/labview/protocol1.0) by extensions ['ignore', 'ignore_ament_install']
[0.377s] Level 1:colcon.colcon_core.package_identification:_identify(src/DynamixelSDK/labview/protocol1.0) by extension 'ignore'
[0.377s] Level 1:colcon.colcon_core.package_identification:_identify(src/DynamixelSDK/labview/protocol1.0) by extension 'ignore_ament_install'
[0.377s] Level 1:colcon.colcon_core.package_identification:_identify(src/DynamixelSDK/labview/protocol1.0) by extensions ['colcon_pkg']
[0.377s] Level 1:colcon.colcon_core.package_identification:_identify(src/DynamixelSDK/labview/protocol1.0) by extension 'colcon_pkg'
[0.377s] Level 1:colcon.colcon_core.package_identification:_identify(src/DynamixelSDK/labview/protocol1.0) by extensions ['colcon_meta']
[0.377s] Level 1:colcon.colcon_core.package_identification:_identify(src/DynamixelSDK/labview/protocol1.0) by extension 'colcon_meta'
[0.377s] Level 1:colcon.colcon_core.package_identification:_identify(src/DynamixelSDK/labview/protocol1.0) by extensions ['ros']
[0.377s] Level 1:colcon.colcon_core.package_identification:_identify(src/DynamixelSDK/labview/protocol1.0) by extension 'ros'
[0.377s] Level 1:colcon.colcon_core.package_identification:_identify(src/DynamixelSDK/labview/protocol1.0) by extensions ['cmake', 'python']
[0.377s] Level 1:colcon.colcon_core.package_identification:_identify(src/DynamixelSDK/labview/protocol1.0) by extension 'cmake'
[0.377s] Level 1:colcon.colcon_core.package_identification:_identify(src/DynamixelSDK/labview/protocol1.0) by extension 'python'
[0.377s] Level 1:colcon.colcon_core.package_identification:_identify(src/DynamixelSDK/labview/protocol1.0) by extensions ['python_setup_py']
[0.377s] Level 1:colcon.colcon_core.package_identification:_identify(src/DynamixelSDK/labview/protocol1.0) by extension 'python_setup_py'
[0.377s] Level 1:colcon.colcon_core.package_identification:_identify(src/DynamixelSDK/labview/protocol2.0) by extensions ['ignore', 'ignore_ament_install']
[0.377s] Level 1:colcon.colcon_core.package_identification:_identify(src/DynamixelSDK/labview/protocol2.0) by extension 'ignore'
[0.377s] Level 1:colcon.colcon_core.package_identification:_identify(src/DynamixelSDK/labview/protocol2.0) by extension 'ignore_ament_install'
[0.377s] Level 1:colcon.colcon_core.package_identification:_identify(src/DynamixelSDK/labview/protocol2.0) by extensions ['colcon_pkg']
[0.377s] Level 1:colcon.colcon_core.package_identification:_identify(src/DynamixelSDK/labview/protocol2.0) by extension 'colcon_pkg'
[0.377s] Level 1:colcon.colcon_core.package_identification:_identify(src/DynamixelSDK/labview/protocol2.0) by extensions ['colcon_meta']
[0.378s] Level 1:colcon.colcon_core.package_identification:_identify(src/DynamixelSDK/labview/protocol2.0) by extension 'colcon_meta'
[0.378s] Level 1:colcon.colcon_core.package_identification:_identify(src/DynamixelSDK/labview/protocol2.0) by extensions ['ros']
[0.378s] Level 1:colcon.colcon_core.package_identification:_identify(src/DynamixelSDK/labview/protocol2.0) by extension 'ros'
[0.378s] Level 1:colcon.colcon_core.package_identification:_identify(src/DynamixelSDK/labview/protocol2.0) by extensions ['cmake', 'python']
[0.378s] Level 1:colcon.colcon_core.package_identification:_identify(src/DynamixelSDK/labview/protocol2.0) by extension 'cmake'
[0.378s] Level 1:colcon.colcon_core.package_identification:_identify(src/DynamixelSDK/labview/protocol2.0) by extension 'python'
[0.378s] Level 1:colcon.colcon_core.package_identification:_identify(src/DynamixelSDK/labview/protocol2.0) by extensions ['python_setup_py']
[0.378s] Level 1:colcon.colcon_core.package_identification:_identify(src/DynamixelSDK/labview/protocol2.0) by extension 'python_setup_py'
[0.378s] Level 1:colcon.colcon_core.package_identification:_identify(src/DynamixelSDK/labview/protocol_combined) by extensions ['ignore', 'ignore_ament_install']
[0.378s] Level 1:colcon.colcon_core.package_identification:_identify(src/DynamixelSDK/labview/protocol_combined) by extension 'ignore'
[0.378s] Level 1:colcon.colcon_core.package_identification:_identify(src/DynamixelSDK/labview/protocol_combined) by extension 'ignore_ament_install'
[0.378s] Level 1:colcon.colcon_core.package_identification:_identify(src/DynamixelSDK/labview/protocol_combined) by extensions ['colcon_pkg']
[0.378s] Level 1:colcon.colcon_core.package_identification:_identify(src/DynamixelSDK/labview/protocol_combined) by extension 'colcon_pkg'
[0.378s] Level 1:colcon.colcon_core.package_identification:_identify(src/DynamixelSDK/labview/protocol_combined) by extensions ['colcon_meta']
[0.378s] Level 1:colcon.colcon_core.package_identification:_identify(src/DynamixelSDK/labview/protocol_combined) by extension 'colcon_meta'
[0.378s] Level 1:colcon.colcon_core.package_identification:_identify(src/DynamixelSDK/labview/protocol_combined) by extensions ['ros']
[0.378s] Level 1:colcon.colcon_core.package_identification:_identify(src/DynamixelSDK/labview/protocol_combined) by extension 'ros'
[0.378s] Level 1:colcon.colcon_core.package_identification:_identify(src/DynamixelSDK/labview/protocol_combined) by extensions ['cmake', 'python']
[0.378s] Level 1:colcon.colcon_core.package_identification:_identify(src/DynamixelSDK/labview/protocol_combined) by extension 'cmake'
[0.378s] Level 1:colcon.colcon_core.package_identification:_identify(src/DynamixelSDK/labview/protocol_combined) by extension 'python'
[0.378s] Level 1:colcon.colcon_core.package_identification:_identify(src/DynamixelSDK/labview/protocol_combined) by extensions ['python_setup_py']
[0.378s] Level 1:colcon.colcon_core.package_identification:_identify(src/DynamixelSDK/labview/protocol_combined) by extension 'python_setup_py'
[0.378s] Level 1:colcon.colcon_core.package_identification:_identify(src/DynamixelSDK/matlab) by extensions ['ignore', 'ignore_ament_install']
[0.379s] Level 1:colcon.colcon_core.package_identification:_identify(src/DynamixelSDK/matlab) by extension 'ignore'
[0.379s] Level 1:colcon.colcon_core.package_identification:_identify(src/DynamixelSDK/matlab) by extension 'ignore_ament_install'
[0.379s] Level 1:colcon.colcon_core.package_identification:_identify(src/DynamixelSDK/matlab) by extensions ['colcon_pkg']
[0.379s] Level 1:colcon.colcon_core.package_identification:_identify(src/DynamixelSDK/matlab) by extension 'colcon_pkg'
[0.379s] Level 1:colcon.colcon_core.package_identification:_identify(src/DynamixelSDK/matlab) by extensions ['colcon_meta']
[0.379s] Level 1:colcon.colcon_core.package_identification:_identify(src/DynamixelSDK/matlab) by extension 'colcon_meta'
[0.379s] Level 1:colcon.colcon_core.package_identification:_identify(src/DynamixelSDK/matlab) by extensions ['ros']
[0.379s] Level 1:colcon.colcon_core.package_identification:_identify(src/DynamixelSDK/matlab) by extension 'ros'
[0.379s] Level 1:colcon.colcon_core.package_identification:_identify(src/DynamixelSDK/matlab) by extensions ['cmake', 'python']
[0.379s] Level 1:colcon.colcon_core.package_identification:_identify(src/DynamixelSDK/matlab) by extension 'cmake'
[0.379s] Level 1:colcon.colcon_core.package_identification:_identify(src/DynamixelSDK/matlab) by extension 'python'
[0.379s] Level 1:colcon.colcon_core.package_identification:_identify(src/DynamixelSDK/matlab) by extensions ['python_setup_py']
[0.379s] Level 1:colcon.colcon_core.package_identification:_identify(src/DynamixelSDK/matlab) by extension 'python_setup_py'
[0.379s] Level 1:colcon.colcon_core.package_identification:_identify(src/DynamixelSDK/matlab/m_basic_function) by extensions ['ignore', 'ignore_ament_install']
[0.379s] Level 1:colcon.colcon_core.package_identification:_identify(src/DynamixelSDK/matlab/m_basic_function) by extension 'ignore'
[0.379s] Level 1:colcon.colcon_core.package_identification:_identify(src/DynamixelSDK/matlab/m_basic_function) by extension 'ignore_ament_install'
[0.379s] Level 1:colcon.colcon_core.package_identification:_identify(src/DynamixelSDK/matlab/m_basic_function) by extensions ['colcon_pkg']
[0.379s] Level 1:colcon.colcon_core.package_identification:_identify(src/DynamixelSDK/matlab/m_basic_function) by extension 'colcon_pkg'
[0.379s] Level 1:colcon.colcon_core.package_identification:_identify(src/DynamixelSDK/matlab/m_basic_function) by extensions ['colcon_meta']
[0.379s] Level 1:colcon.colcon_core.package_identification:_identify(src/DynamixelSDK/matlab/m_basic_function) by extension 'colcon_meta'
[0.379s] Level 1:colcon.colcon_core.package_identification:_identify(src/DynamixelSDK/matlab/m_basic_function) by extensions ['ros']
[0.379s] Level 1:colcon.colcon_core.package_identification:_identify(src/DynamixelSDK/matlab/m_basic_function) by extension 'ros'
[0.379s] Level 1:colcon.colcon_core.package_identification:_identify(src/DynamixelSDK/matlab/m_basic_function) by extensions ['cmake', 'python']
[0.379s] Level 1:colcon.colcon_core.package_identification:_identify(src/DynamixelSDK/matlab/m_basic_function) by extension 'cmake'
[0.379s] Level 1:colcon.colcon_core.package_identification:_identify(src/DynamixelSDK/matlab/m_basic_function) by extension 'python'
[0.379s] Level 1:colcon.colcon_core.package_identification:_identify(src/DynamixelSDK/matlab/m_basic_function) by extensions ['python_setup_py']
[0.380s] Level 1:colcon.colcon_core.package_identification:_identify(src/DynamixelSDK/matlab/m_basic_function) by extension 'python_setup_py'
[0.380s] Level 1:colcon.colcon_core.package_identification:_identify(src/DynamixelSDK/matlab/m_basic_function/group_bulk_read) by extensions ['ignore', 'ignore_ament_install']
[0.380s] Level 1:colcon.colcon_core.package_identification:_identify(src/DynamixelSDK/matlab/m_basic_function/group_bulk_read) by extension 'ignore'
[0.380s] Level 1:colcon.colcon_core.package_identification:_identify(src/DynamixelSDK/matlab/m_basic_function/group_bulk_read) by extension 'ignore_ament_install'
[0.380s] Level 1:colcon.colcon_core.package_identification:_identify(src/DynamixelSDK/matlab/m_basic_function/group_bulk_read) by extensions ['colcon_pkg']
[0.380s] Level 1:colcon.colcon_core.package_identification:_identify(src/DynamixelSDK/matlab/m_basic_function/group_bulk_read) by extension 'colcon_pkg'
[0.380s] Level 1:colcon.colcon_core.package_identification:_identify(src/DynamixelSDK/matlab/m_basic_function/group_bulk_read) by extensions ['colcon_meta']
[0.380s] Level 1:colcon.colcon_core.package_identification:_identify(src/DynamixelSDK/matlab/m_basic_function/group_bulk_read) by extension 'colcon_meta'
[0.380s] Level 1:colcon.colcon_core.package_identification:_identify(src/DynamixelSDK/matlab/m_basic_function/group_bulk_read) by extensions ['ros']
[0.380s] Level 1:colcon.colcon_core.package_identification:_identify(src/DynamixelSDK/matlab/m_basic_function/group_bulk_read) by extension 'ros'
[0.380s] Level 1:colcon.colcon_core.package_identification:_identify(src/DynamixelSDK/matlab/m_basic_function/group_bulk_read) by extensions ['cmake', 'python']
[0.380s] Level 1:colcon.colcon_core.package_identification:_identify(src/DynamixelSDK/matlab/m_basic_function/group_bulk_read) by extension 'cmake'
[0.380s] Level 1:colcon.colcon_core.package_identification:_identify(src/DynamixelSDK/matlab/m_basic_function/group_bulk_read) by extension 'python'
[0.380s] Level 1:colcon.colcon_core.package_identification:_identify(src/DynamixelSDK/matlab/m_basic_function/group_bulk_read) by extensions ['python_setup_py']
[0.380s] Level 1:colcon.colcon_core.package_identification:_identify(src/DynamixelSDK/matlab/m_basic_function/group_bulk_read) by extension 'python_setup_py'
[0.380s] Level 1:colcon.colcon_core.package_identification:_identify(src/DynamixelSDK/matlab/m_basic_function/group_bulk_write) by extensions ['ignore', 'ignore_ament_install']
[0.380s] Level 1:colcon.colcon_core.package_identification:_identify(src/DynamixelSDK/matlab/m_basic_function/group_bulk_write) by extension 'ignore'
[0.380s] Level 1:colcon.colcon_core.package_identification:_identify(src/DynamixelSDK/matlab/m_basic_function/group_bulk_write) by extension 'ignore_ament_install'
[0.380s] Level 1:colcon.colcon_core.package_identification:_identify(src/DynamixelSDK/matlab/m_basic_function/group_bulk_write) by extensions ['colcon_pkg']
[0.380s] Level 1:colcon.colcon_core.package_identification:_identify(src/DynamixelSDK/matlab/m_basic_function/group_bulk_write) by extension 'colcon_pkg'
[0.381s] Level 1:colcon.colcon_core.package_identification:_identify(src/DynamixelSDK/matlab/m_basic_function/group_bulk_write) by extensions ['colcon_meta']
[0.381s] Level 1:colcon.colcon_core.package_identification:_identify(src/DynamixelSDK/matlab/m_basic_function/group_bulk_write) by extension 'colcon_meta'
[0.381s] Level 1:colcon.colcon_core.package_identification:_identify(src/DynamixelSDK/matlab/m_basic_function/group_bulk_write) by extensions ['ros']
[0.381s] Level 1:colcon.colcon_core.package_identification:_identify(src/DynamixelSDK/matlab/m_basic_function/group_bulk_write) by extension 'ros'
[0.381s] Level 1:colcon.colcon_core.package_identification:_identify(src/DynamixelSDK/matlab/m_basic_function/group_bulk_write) by extensions ['cmake', 'python']
[0.381s] Level 1:colcon.colcon_core.package_identification:_identify(src/DynamixelSDK/matlab/m_basic_function/group_bulk_write) by extension 'cmake'
[0.381s] Level 1:colcon.colcon_core.package_identification:_identify(src/DynamixelSDK/matlab/m_basic_function/group_bulk_write) by extension 'python'
[0.381s] Level 1:colcon.colcon_core.package_identification:_identify(src/DynamixelSDK/matlab/m_basic_function/group_bulk_write) by extensions ['python_setup_py']
[0.381s] Level 1:colcon.colcon_core.package_identification:_identify(src/DynamixelSDK/matlab/m_basic_function/group_bulk_write) by extension 'python_setup_py'
[0.381s] Level 1:colcon.colcon_core.package_identification:_identify(src/DynamixelSDK/matlab/m_basic_function/group_sync_read) by extensions ['ignore', 'ignore_ament_install']
[0.381s] Level 1:colcon.colcon_core.package_identification:_identify(src/DynamixelSDK/matlab/m_basic_function/group_sync_read) by extension 'ignore'
[0.381s] Level 1:colcon.colcon_core.package_identification:_identify(src/DynamixelSDK/matlab/m_basic_function/group_sync_read) by extension 'ignore_ament_install'
[0.381s] Level 1:colcon.colcon_core.package_identification:_identify(src/DynamixelSDK/matlab/m_basic_function/group_sync_read) by extensions ['colcon_pkg']
[0.381s] Level 1:colcon.colcon_core.package_identification:_identify(src/DynamixelSDK/matlab/m_basic_function/group_sync_read) by extension 'colcon_pkg'
[0.381s] Level 1:colcon.colcon_core.package_identification:_identify(src/DynamixelSDK/matlab/m_basic_function/group_sync_read) by extensions ['colcon_meta']
[0.381s] Level 1:colcon.colcon_core.package_identification:_identify(src/DynamixelSDK/matlab/m_basic_function/group_sync_read) by extension 'colcon_meta'
[0.381s] Level 1:colcon.colcon_core.package_identification:_identify(src/DynamixelSDK/matlab/m_basic_function/group_sync_read) by extensions ['ros']
[0.381s] Level 1:colcon.colcon_core.package_identification:_identify(src/DynamixelSDK/matlab/m_basic_function/group_sync_read) by extension 'ros'
[0.381s] Level 1:colcon.colcon_core.package_identification:_identify(src/DynamixelSDK/matlab/m_basic_function/group_sync_read) by extensions ['cmake', 'python']
[0.381s] Level 1:colcon.colcon_core.package_identification:_identify(src/DynamixelSDK/matlab/m_basic_function/group_sync_read) by extension 'cmake'
[0.381s] Level 1:colcon.colcon_core.package_identification:_identify(src/DynamixelSDK/matlab/m_basic_function/group_sync_read) by extension 'python'
[0.381s] Level 1:colcon.colcon_core.package_identification:_identify(src/DynamixelSDK/matlab/m_basic_function/group_sync_read) by extensions ['python_setup_py']
[0.381s] Level 1:colcon.colcon_core.package_identification:_identify(src/DynamixelSDK/matlab/m_basic_function/group_sync_read) by extension 'python_setup_py'
[0.382s] Level 1:colcon.colcon_core.package_identification:_identify(src/DynamixelSDK/matlab/m_basic_function/group_sync_write) by extensions ['ignore', 'ignore_ament_install']
[0.382s] Level 1:colcon.colcon_core.package_identification:_identify(src/DynamixelSDK/matlab/m_basic_function/group_sync_write) by extension 'ignore'
[0.382s] Level 1:colcon.colcon_core.package_identification:_identify(src/DynamixelSDK/matlab/m_basic_function/group_sync_write) by extension 'ignore_ament_install'
[0.382s] Level 1:colcon.colcon_core.package_identification:_identify(src/DynamixelSDK/matlab/m_basic_function/group_sync_write) by extensions ['colcon_pkg']
[0.382s] Level 1:colcon.colcon_core.package_identification:_identify(src/DynamixelSDK/matlab/m_basic_function/group_sync_write) by extension 'colcon_pkg'
[0.382s] Level 1:colcon.colcon_core.package_identification:_identify(src/DynamixelSDK/matlab/m_basic_function/group_sync_write) by extensions ['colcon_meta']
[0.382s] Level 1:colcon.colcon_core.package_identification:_identify(src/DynamixelSDK/matlab/m_basic_function/group_sync_write) by extension 'colcon_meta'
[0.382s] Level 1:colcon.colcon_core.package_identification:_identify(src/DynamixelSDK/matlab/m_basic_function/group_sync_write) by extensions ['ros']
[0.382s] Level 1:colcon.colcon_core.package_identification:_identify(src/DynamixelSDK/matlab/m_basic_function/group_sync_write) by extension 'ros'
[0.382s] Level 1:colcon.colcon_core.package_identification:_identify(src/DynamixelSDK/matlab/m_basic_function/group_sync_write) by extensions ['cmake', 'python']
[0.382s] Level 1:colcon.colcon_core.package_identification:_identify(src/DynamixelSDK/matlab/m_basic_function/group_sync_write) by extension 'cmake'
[0.382s] Level 1:colcon.colcon_core.package_identification:_identify(src/DynamixelSDK/matlab/m_basic_function/group_sync_write) by extension 'python'
[0.382s] Level 1:colcon.colcon_core.package_identification:_identify(src/DynamixelSDK/matlab/m_basic_function/group_sync_write) by extensions ['python_setup_py']
[0.382s] Level 1:colcon.colcon_core.package_identification:_identify(src/DynamixelSDK/matlab/m_basic_function/group_sync_write) by extension 'python_setup_py'
[0.382s] Level 1:colcon.colcon_core.package_identification:_identify(src/DynamixelSDK/matlab/m_basic_function/packet_handler) by extensions ['ignore', 'ignore_ament_install']
[0.382s] Level 1:colcon.colcon_core.package_identification:_identify(src/DynamixelSDK/matlab/m_basic_function/packet_handler) by extension 'ignore'
[0.382s] Level 1:colcon.colcon_core.package_identification:_identify(src/DynamixelSDK/matlab/m_basic_function/packet_handler) by extension 'ignore_ament_install'
[0.382s] Level 1:colcon.colcon_core.package_identification:_identify(src/DynamixelSDK/matlab/m_basic_function/packet_handler) by extensions ['colcon_pkg']
[0.382s] Level 1:colcon.colcon_core.package_identification:_identify(src/DynamixelSDK/matlab/m_basic_function/packet_handler) by extension 'colcon_pkg'
[0.382s] Level 1:colcon.colcon_core.package_identification:_identify(src/DynamixelSDK/matlab/m_basic_function/packet_handler) by extensions ['colcon_meta']
[0.382s] Level 1:colcon.colcon_core.package_identification:_identify(src/DynamixelSDK/matlab/m_basic_function/packet_handler) by extension 'colcon_meta'
[0.382s] Level 1:colcon.colcon_core.package_identification:_identify(src/DynamixelSDK/matlab/m_basic_function/packet_handler) by extensions ['ros']
[0.382s] Level 1:colcon.colcon_core.package_identification:_identify(src/DynamixelSDK/matlab/m_basic_function/packet_handler) by extension 'ros'
[0.383s] Level 1:colcon.colcon_core.package_identification:_identify(src/DynamixelSDK/matlab/m_basic_function/packet_handler) by extensions ['cmake', 'python']
[0.383s] Level 1:colcon.colcon_core.package_identification:_identify(src/DynamixelSDK/matlab/m_basic_function/packet_handler) by extension 'cmake'
[0.383s] Level 1:colcon.colcon_core.package_identification:_identify(src/DynamixelSDK/matlab/m_basic_function/packet_handler) by extension 'python'
[0.383s] Level 1:colcon.colcon_core.package_identification:_identify(src/DynamixelSDK/matlab/m_basic_function/packet_handler) by extensions ['python_setup_py']
[0.383s] Level 1:colcon.colcon_core.package_identification:_identify(src/DynamixelSDK/matlab/m_basic_function/packet_handler) by extension 'python_setup_py'
[0.383s] Level 1:colcon.colcon_core.package_identification:_identify(src/DynamixelSDK/matlab/m_basic_function/port_handler) by extensions ['ignore', 'ignore_ament_install']
[0.383s] Level 1:colcon.colcon_core.package_identification:_identify(src/DynamixelSDK/matlab/m_basic_function/port_handler) by extension 'ignore'
[0.383s] Level 1:colcon.colcon_core.package_identification:_identify(src/DynamixelSDK/matlab/m_basic_function/port_handler) by extension 'ignore_ament_install'
[0.383s] Level 1:colcon.colcon_core.package_identification:_identify(src/DynamixelSDK/matlab/m_basic_function/port_handler) by extensions ['colcon_pkg']
[0.383s] Level 1:colcon.colcon_core.package_identification:_identify(src/DynamixelSDK/matlab/m_basic_function/port_handler) by extension 'colcon_pkg'
[0.383s] Level 1:colcon.colcon_core.package_identification:_identify(src/DynamixelSDK/matlab/m_basic_function/port_handler) by extensions ['colcon_meta']
[0.383s] Level 1:colcon.colcon_core.package_identification:_identify(src/DynamixelSDK/matlab/m_basic_function/port_handler) by extension 'colcon_meta'
[0.383s] Level 1:colcon.colcon_core.package_identification:_identify(src/DynamixelSDK/matlab/m_basic_function/port_handler) by extensions ['ros']
[0.383s] Level 1:colcon.colcon_core.package_identification:_identify(src/DynamixelSDK/matlab/m_basic_function/port_handler) by extension 'ros'
[0.383s] Level 1:colcon.colcon_core.package_identification:_identify(src/DynamixelSDK/matlab/m_basic_function/port_handler) by extensions ['cmake', 'python']
[0.383s] Level 1:colcon.colcon_core.package_identification:_identify(src/DynamixelSDK/matlab/m_basic_function/port_handler) by extension 'cmake'
[0.383s] Level 1:colcon.colcon_core.package_identification:_identify(src/DynamixelSDK/matlab/m_basic_function/port_handler) by extension 'python'
[0.383s] Level 1:colcon.colcon_core.package_identification:_identify(src/DynamixelSDK/matlab/m_basic_function/port_handler) by extensions ['python_setup_py']
[0.383s] Level 1:colcon.colcon_core.package_identification:_identify(src/DynamixelSDK/matlab/m_basic_function/port_handler) by extension 'python_setup_py'
[0.383s] Level 1:colcon.colcon_core.package_identification:_identify(src/DynamixelSDK/matlab/protocol1.0) by extensions ['ignore', 'ignore_ament_install']
[0.383s] Level 1:colcon.colcon_core.package_identification:_identify(src/DynamixelSDK/matlab/protocol1.0) by extension 'ignore'
[0.383s] Level 1:colcon.colcon_core.package_identification:_identify(src/DynamixelSDK/matlab/protocol1.0) by extension 'ignore_ament_install'
[0.383s] Level 1:colcon.colcon_core.package_identification:_identify(src/DynamixelSDK/matlab/protocol1.0) by extensions ['colcon_pkg']
[0.383s] Level 1:colcon.colcon_core.package_identification:_identify(src/DynamixelSDK/matlab/protocol1.0) by extension 'colcon_pkg'
[0.383s] Level 1:colcon.colcon_core.package_identification:_identify(src/DynamixelSDK/matlab/protocol1.0) by extensions ['colcon_meta']
[0.383s] Level 1:colcon.colcon_core.package_identification:_identify(src/DynamixelSDK/matlab/protocol1.0) by extension 'colcon_meta'
[0.384s] Level 1:colcon.colcon_core.package_identification:_identify(src/DynamixelSDK/matlab/protocol1.0) by extensions ['ros']
[0.384s] Level 1:colcon.colcon_core.package_identification:_identify(src/DynamixelSDK/matlab/protocol1.0) by extension 'ros'
[0.384s] Level 1:colcon.colcon_core.package_identification:_identify(src/DynamixelSDK/matlab/protocol1.0) by extensions ['cmake', 'python']
[0.384s] Level 1:colcon.colcon_core.package_identification:_identify(src/DynamixelSDK/matlab/protocol1.0) by extension 'cmake'
[0.384s] Level 1:colcon.colcon_core.package_identification:_identify(src/DynamixelSDK/matlab/protocol1.0) by extension 'python'
[0.384s] Level 1:colcon.colcon_core.package_identification:_identify(src/DynamixelSDK/matlab/protocol1.0) by extensions ['python_setup_py']
[0.384s] Level 1:colcon.colcon_core.package_identification:_identify(src/DynamixelSDK/matlab/protocol1.0) by extension 'python_setup_py'
[0.384s] Level 1:colcon.colcon_core.package_identification:_identify(src/DynamixelSDK/matlab/protocol2.0) by extensions ['ignore', 'ignore_ament_install']
[0.384s] Level 1:colcon.colcon_core.package_identification:_identify(src/DynamixelSDK/matlab/protocol2.0) by extension 'ignore'
[0.384s] Level 1:colcon.colcon_core.package_identification:_identify(src/DynamixelSDK/matlab/protocol2.0) by extension 'ignore_ament_install'
[0.384s] Level 1:colcon.colcon_core.package_identification:_identify(src/DynamixelSDK/matlab/protocol2.0) by extensions ['colcon_pkg']
[0.384s] Level 1:colcon.colcon_core.package_identification:_identify(src/DynamixelSDK/matlab/protocol2.0) by extension 'colcon_pkg'
[0.384s] Level 1:colcon.colcon_core.package_identification:_identify(src/DynamixelSDK/matlab/protocol2.0) by extensions ['colcon_meta']
[0.384s] Level 1:colcon.colcon_core.package_identification:_identify(src/DynamixelSDK/matlab/protocol2.0) by extension 'colcon_meta'
[0.384s] Level 1:colcon.colcon_core.package_identification:_identify(src/DynamixelSDK/matlab/protocol2.0) by extensions ['ros']
[0.384s] Level 1:colcon.colcon_core.package_identification:_identify(src/DynamixelSDK/matlab/protocol2.0) by extension 'ros'
[0.384s] Level 1:colcon.colcon_core.package_identification:_identify(src/DynamixelSDK/matlab/protocol2.0) by extensions ['cmake', 'python']
[0.384s] Level 1:colcon.colcon_core.package_identification:_identify(src/DynamixelSDK/matlab/protocol2.0) by extension 'cmake'
[0.384s] Level 1:colcon.colcon_core.package_identification:_identify(src/DynamixelSDK/matlab/protocol2.0) by extension 'python'
[0.384s] Level 1:colcon.colcon_core.package_identification:_identify(src/DynamixelSDK/matlab/protocol2.0) by extensions ['python_setup_py']
[0.384s] Level 1:colcon.colcon_core.package_identification:_identify(src/DynamixelSDK/matlab/protocol2.0) by extension 'python_setup_py'
[0.384s] Level 1:colcon.colcon_core.package_identification:_identify(src/DynamixelSDK/matlab/protocol_combined) by extensions ['ignore', 'ignore_ament_install']
[0.384s] Level 1:colcon.colcon_core.package_identification:_identify(src/DynamixelSDK/matlab/protocol_combined) by extension 'ignore'
[0.384s] Level 1:colcon.colcon_core.package_identification:_identify(src/DynamixelSDK/matlab/protocol_combined) by extension 'ignore_ament_install'
[0.384s] Level 1:colcon.colcon_core.package_identification:_identify(src/DynamixelSDK/matlab/protocol_combined) by extensions ['colcon_pkg']
[0.385s] Level 1:colcon.colcon_core.package_identification:_identify(src/DynamixelSDK/matlab/protocol_combined) by extension 'colcon_pkg'
[0.385s] Level 1:colcon.colcon_core.package_identification:_identify(src/DynamixelSDK/matlab/protocol_combined) by extensions ['colcon_meta']
[0.385s] Level 1:colcon.colcon_core.package_identification:_identify(src/DynamixelSDK/matlab/protocol_combined) by extension 'colcon_meta'
[0.385s] Level 1:colcon.colcon_core.package_identification:_identify(src/DynamixelSDK/matlab/protocol_combined) by extensions ['ros']
[0.385s] Level 1:colcon.colcon_core.package_identification:_identify(src/DynamixelSDK/matlab/protocol_combined) by extension 'ros'
[0.385s] Level 1:colcon.colcon_core.package_identification:_identify(src/DynamixelSDK/matlab/protocol_combined) by extensions ['cmake', 'python']
[0.385s] Level 1:colcon.colcon_core.package_identification:_identify(src/DynamixelSDK/matlab/protocol_combined) by extension 'cmake'
[0.385s] Level 1:colcon.colcon_core.package_identification:_identify(src/DynamixelSDK/matlab/protocol_combined) by extension 'python'
[0.385s] Level 1:colcon.colcon_core.package_identification:_identify(src/DynamixelSDK/matlab/protocol_combined) by extensions ['python_setup_py']
[0.385s] Level 1:colcon.colcon_core.package_identification:_identify(src/DynamixelSDK/matlab/protocol_combined) by extension 'python_setup_py'
[0.385s] Level 1:colcon.colcon_core.package_identification:_identify(src/DynamixelSDK/python) by extensions ['ignore', 'ignore_ament_install']
[0.385s] Level 1:colcon.colcon_core.package_identification:_identify(src/DynamixelSDK/python) by extension 'ignore'
[0.385s] Level 1:colcon.colcon_core.package_identification:_identify(src/DynamixelSDK/python) by extension 'ignore_ament_install'
[0.385s] Level 1:colcon.colcon_core.package_identification:_identify(src/DynamixelSDK/python) by extensions ['colcon_pkg']
[0.385s] Level 1:colcon.colcon_core.package_identification:_identify(src/DynamixelSDK/python) by extension 'colcon_pkg'
[0.385s] Level 1:colcon.colcon_core.package_identification:_identify(src/DynamixelSDK/python) by extensions ['colcon_meta']
[0.385s] Level 1:colcon.colcon_core.package_identification:_identify(src/DynamixelSDK/python) by extension 'colcon_meta'
[0.385s] Level 1:colcon.colcon_core.package_identification:_identify(src/DynamixelSDK/python) by extensions ['ros']
[0.385s] Level 1:colcon.colcon_core.package_identification:_identify(src/DynamixelSDK/python) by extension 'ros'
[0.385s] Level 1:colcon.colcon_core.package_identification:_identify(src/DynamixelSDK/python) ignored
[0.385s] Level 1:colcon.colcon_core.package_identification:_identify(src/DynamixelSDK/ros) by extensions ['ignore', 'ignore_ament_install']
[0.385s] Level 1:colcon.colcon_core.package_identification:_identify(src/DynamixelSDK/ros) by extension 'ignore'
[0.385s] Level 1:colcon.colcon_core.package_identification:_identify(src/DynamixelSDK/ros) by extension 'ignore_ament_install'
[0.385s] Level 1:colcon.colcon_core.package_identification:_identify(src/DynamixelSDK/ros) by extensions ['colcon_pkg']
[0.386s] Level 1:colcon.colcon_core.package_identification:_identify(src/DynamixelSDK/ros) by extension 'colcon_pkg'
[0.386s] Level 1:colcon.colcon_core.package_identification:_identify(src/DynamixelSDK/ros) by extensions ['colcon_meta']
[0.386s] Level 1:colcon.colcon_core.package_identification:_identify(src/DynamixelSDK/ros) by extension 'colcon_meta'
[0.386s] Level 1:colcon.colcon_core.package_identification:_identify(src/DynamixelSDK/ros) by extensions ['ros']
[0.386s] Level 1:colcon.colcon_core.package_identification:_identify(src/DynamixelSDK/ros) by extension 'ros'
[0.386s] Level 1:colcon.colcon_core.package_identification:_identify(src/DynamixelSDK/ros) by extensions ['cmake', 'python']
[0.386s] Level 1:colcon.colcon_core.package_identification:_identify(src/DynamixelSDK/ros) by extension 'cmake'
[0.386s] Level 1:colcon.colcon_core.package_identification:_identify(src/DynamixelSDK/ros) by extension 'python'
[0.386s] Level 1:colcon.colcon_core.package_identification:_identify(src/DynamixelSDK/ros) by extensions ['python_setup_py']
[0.386s] Level 1:colcon.colcon_core.package_identification:_identify(src/DynamixelSDK/ros) by extension 'python_setup_py'
[0.386s] Level 1:colcon.colcon_core.package_identification:_identify(src/DynamixelSDK/ros/dynamixel_sdk) by extensions ['ignore', 'ignore_ament_install']
[0.386s] Level 1:colcon.colcon_core.package_identification:_identify(src/DynamixelSDK/ros/dynamixel_sdk) by extension 'ignore'
[0.386s] Level 1:colcon.colcon_core.package_identification:_identify(src/DynamixelSDK/ros/dynamixel_sdk) by extension 'ignore_ament_install'
[0.386s] Level 1:colcon.colcon_core.package_identification:_identify(src/DynamixelSDK/ros/dynamixel_sdk) by extensions ['colcon_pkg']
[0.386s] Level 1:colcon.colcon_core.package_identification:_identify(src/DynamixelSDK/ros/dynamixel_sdk) by extension 'colcon_pkg'
[0.386s] Level 1:colcon.colcon_core.package_identification:_identify(src/DynamixelSDK/ros/dynamixel_sdk) by extensions ['colcon_meta']
[0.386s] Level 1:colcon.colcon_core.package_identification:_identify(src/DynamixelSDK/ros/dynamixel_sdk) by extension 'colcon_meta'
[0.386s] Level 1:colcon.colcon_core.package_identification:_identify(src/DynamixelSDK/ros/dynamixel_sdk) by extensions ['ros']
[0.386s] Level 1:colcon.colcon_core.package_identification:_identify(src/DynamixelSDK/ros/dynamixel_sdk) by extension 'ros'
[0.389s] DEBUG:colcon.colcon_core.package_identification:Package 'src/DynamixelSDK/ros/dynamixel_sdk' with type 'ros.ament_cmake' and name 'dynamixel_sdk'
[0.389s] Level 1:colcon.colcon_core.package_identification:_identify(src/DynamixelSDK/ros/dynamixel_sdk_custom_interfaces) by extensions ['ignore', 'ignore_ament_install']
[0.389s] Level 1:colcon.colcon_core.package_identification:_identify(src/DynamixelSDK/ros/dynamixel_sdk_custom_interfaces) by extension 'ignore'
[0.389s] Level 1:colcon.colcon_core.package_identification:_identify(src/DynamixelSDK/ros/dynamixel_sdk_custom_interfaces) by extension 'ignore_ament_install'
[0.389s] Level 1:colcon.colcon_core.package_identification:_identify(src/DynamixelSDK/ros/dynamixel_sdk_custom_interfaces) by extensions ['colcon_pkg']
[0.389s] Level 1:colcon.colcon_core.package_identification:_identify(src/DynamixelSDK/ros/dynamixel_sdk_custom_interfaces) by extension 'colcon_pkg'
[0.389s] Level 1:colcon.colcon_core.package_identification:_identify(src/DynamixelSDK/ros/dynamixel_sdk_custom_interfaces) by extensions ['colcon_meta']
[0.389s] Level 1:colcon.colcon_core.package_identification:_identify(src/DynamixelSDK/ros/dynamixel_sdk_custom_interfaces) by extension 'colcon_meta'
[0.389s] Level 1:colcon.colcon_core.package_identification:_identify(src/DynamixelSDK/ros/dynamixel_sdk_custom_interfaces) by extensions ['ros']
[0.389s] Level 1:colcon.colcon_core.package_identification:_identify(src/DynamixelSDK/ros/dynamixel_sdk_custom_interfaces) by extension 'ros'
[0.390s] DEBUG:colcon.colcon_core.package_identification:Package 'src/DynamixelSDK/ros/dynamixel_sdk_custom_interfaces' with type 'ros.ament_cmake' and name 'dynamixel_sdk_custom_interfaces'
[0.390s] Level 1:colcon.colcon_core.package_identification:_identify(src/DynamixelSDK/ros/dynamixel_sdk_examples) by extensions ['ignore', 'ignore_ament_install']
[0.390s] Level 1:colcon.colcon_core.package_identification:_identify(src/DynamixelSDK/ros/dynamixel_sdk_examples) by extension 'ignore'
[0.390s] Level 1:colcon.colcon_core.package_identification:_identify(src/DynamixelSDK/ros/dynamixel_sdk_examples) by extension 'ignore_ament_install'
[0.390s] Level 1:colcon.colcon_core.package_identification:_identify(src/DynamixelSDK/ros/dynamixel_sdk_examples) by extensions ['colcon_pkg']
[0.390s] Level 1:colcon.colcon_core.package_identification:_identify(src/DynamixelSDK/ros/dynamixel_sdk_examples) by extension 'colcon_pkg'
[0.390s] Level 1:colcon.colcon_core.package_identification:_identify(src/DynamixelSDK/ros/dynamixel_sdk_examples) by extensions ['colcon_meta']
[0.390s] Level 1:colcon.colcon_core.package_identification:_identify(src/DynamixelSDK/ros/dynamixel_sdk_examples) by extension 'colcon_meta'
[0.390s] Level 1:colcon.colcon_core.package_identification:_identify(src/DynamixelSDK/ros/dynamixel_sdk_examples) by extensions ['ros']
[0.390s] Level 1:colcon.colcon_core.package_identification:_identify(src/DynamixelSDK/ros/dynamixel_sdk_examples) by extension 'ros'
[0.391s] DEBUG:colcon.colcon_core.package_identification:Package 'src/DynamixelSDK/ros/dynamixel_sdk_examples' with type 'ros.ament_cmake' and name 'dynamixel_sdk_examples'
[0.391s] Level 1:colcon.colcon_core.package_discovery:discover_packages(recursive) using defaults
[0.391s] Level 1:colcon.colcon_core.package_discovery:discover_packages(ignore) discover
[0.391s] Level 1:colcon.colcon_core.package_discovery:discover_packages(ignore) using defaults
[0.391s] Level 1:colcon.colcon_core.package_discovery:discover_packages(path) discover
[0.391s] Level 1:colcon.colcon_core.package_discovery:discover_packages(path) using defaults
[0.409s] Level 1:colcon.colcon_core.package_discovery:discover_packages(prefix_path) check parameters
[0.409s] Level 1:colcon.colcon_core.package_discovery:discover_packages(prefix_path) discover
[0.410s] WARNING:colcon.colcon_ros.prefix_path.catkin:The path '/home/csilab/turtlebot3_ws/install/dynamixel_sdk_examples' in the environment variable CMAKE_PREFIX_PATH doesn't exist
[0.410s] WARNING:colcon.colcon_ros.prefix_path.catkin:The path '/home/csilab/turtlebot3_ws/install/dynamixel_sdk_custom_interfaces' in the environment variable CMAKE_PREFIX_PATH doesn't exist
[0.410s] WARNING:colcon.colcon_ros.prefix_path.catkin:The path '/home/csilab/turtlebot3_ws/install/dynamixel_sdk' in the environment variable CMAKE_PREFIX_PATH doesn't exist
[0.412s] DEBUG:colcon.colcon_installed_package_information.package_discovery:Found 0 installed packages in /home/csilab/turtlebot3_ws/install
[0.414s] DEBUG:colcon.colcon_installed_package_information.package_discovery:Found 488 installed packages in /opt/ros/jazzy
[0.415s] Level 1:colcon.colcon_core.package_discovery:discover_packages(prefix_path) using defaults
[0.468s] WARNING:colcon.colcon_core.package_selection:Some selected packages are already built in one or more underlay workspaces:
	'dynamixel_sdk' is in: /opt/ros/jazzy
If a package in a merged underlay workspace is overridden and it installs headers, then all packages in the overlay must sort their include directories by workspace order. Failure to do so may result in build failures or undefined behavior at run time.
If the overridden package is used by another package in any underlay, then the overriding package in the overlay must be API and ABI compatible or undefined behavior at run time may occur.

If you understand the risks and want to override a package anyways, add the following to the command line:
	--allow-overriding dynamixel_sdk

This may be promoted to an error in a future release of colcon-override-check.
[0.469s] Level 5:colcon.colcon_core.verb:set package 'dynamixel_sdk' build argument 'cmake_args' from command line to 'None'
[0.469s] Level 5:colcon.colcon_core.verb:set package 'dynamixel_sdk' build argument 'cmake_target' from command line to 'None'
[0.469s] Level 5:colcon.colcon_core.verb:set package 'dynamixel_sdk' build argument 'cmake_target_skip_unavailable' from command line to 'False'
[0.469s] Level 5:colcon.colcon_core.verb:set package 'dynamixel_sdk' build argument 'cmake_clean_cache' from command line to 'False'
[0.469s] Level 5:colcon.colcon_core.verb:set package 'dynamixel_sdk' build argument 'cmake_clean_first' from command line to 'False'
[0.469s] Level 5:colcon.colcon_core.verb:set package 'dynamixel_sdk' build argument 'cmake_force_configure' from command line to 'False'
[0.469s] Level 5:colcon.colcon_core.verb:set package 'dynamixel_sdk' build argument 'ament_cmake_args' from command line to 'None'
[0.469s] Level 5:colcon.colcon_core.verb:set package 'dynamixel_sdk' build argument 'catkin_cmake_args' from command line to 'None'
[0.469s] Level 5:colcon.colcon_core.verb:set package 'dynamixel_sdk' build argument 'catkin_skip_building_tests' from command line to 'False'
[0.469s] DEBUG:colcon.colcon_core.verb:Building package 'dynamixel_sdk' with the following arguments: {'ament_cmake_args': None, 'build_base': '/home/csilab/turtlebot3_ws/build/dynamixel_sdk', 'catkin_cmake_args': None, 'catkin_skip_building_tests': False, 'cmake_args': None, 'cmake_clean_cache': False, 'cmake_clean_first': False, 'cmake_force_configure': False, 'cmake_target': None, 'cmake_target_skip_unavailable': False, 'install_base': '/home/csilab/turtlebot3_ws/install/dynamixel_sdk', 'merge_install': False, 'path': '/home/csilab/turtlebot3_ws/src/DynamixelSDK/ros/dynamixel_sdk', 'symlink_install': True, 'test_result_base': None}
[0.469s] Level 5:colcon.colcon_core.verb:set package 'dynamixel_sdk_custom_interfaces' build argument 'cmake_args' from command line to 'None'
[0.469s] Level 5:colcon.colcon_core.verb:set package 'dynamixel_sdk_custom_interfaces' build argument 'cmake_target' from command line to 'None'
[0.469s] Level 5:colcon.colcon_core.verb:set package 'dynamixel_sdk_custom_interfaces' build argument 'cmake_target_skip_unavailable' from command line to 'False'
[0.469s] Level 5:colcon.colcon_core.verb:set package 'dynamixel_sdk_custom_interfaces' build argument 'cmake_clean_cache' from command line to 'False'
[0.469s] Level 5:colcon.colcon_core.verb:set package 'dynamixel_sdk_custom_interfaces' build argument 'cmake_clean_first' from command line to 'False'
[0.469s] Level 5:colcon.colcon_core.verb:set package 'dynamixel_sdk_custom_interfaces' build argument 'cmake_force_configure' from command line to 'False'
[0.469s] Level 5:colcon.colcon_core.verb:set package 'dynamixel_sdk_custom_interfaces' build argument 'ament_cmake_args' from command line to 'None'
[0.469s] Level 5:colcon.colcon_core.verb:set package 'dynamixel_sdk_custom_interfaces' build argument 'catkin_cmake_args' from command line to 'None'
[0.469s] Level 5:colcon.colcon_core.verb:set package 'dynamixel_sdk_custom_interfaces' build argument 'catkin_skip_building_tests' from command line to 'False'
[0.469s] DEBUG:colcon.colcon_core.verb:Building package 'dynamixel_sdk_custom_interfaces' with the following arguments: {'ament_cmake_args': None, 'build_base': '/home/csilab/turtlebot3_ws/build/dynamixel_sdk_custom_interfaces', 'catkin_cmake_args': None, 'catkin_skip_building_tests': False, 'cmake_args': None, 'cmake_clean_cache': False, 'cmake_clean_first': False, 'cmake_force_configure': False, 'cmake_target': None, 'cmake_target_skip_unavailable': False, 'install_base': '/home/csilab/turtlebot3_ws/install/dynamixel_sdk_custom_interfaces', 'merge_install': False, 'path': '/home/csilab/turtlebot3_ws/src/DynamixelSDK/ros/dynamixel_sdk_custom_interfaces', 'symlink_install': True, 'test_result_base': None}
[0.469s] Level 5:colcon.colcon_core.verb:set package 'dynamixel_sdk_examples' build argument 'cmake_args' from command line to 'None'
[0.469s] Level 5:colcon.colcon_core.verb:set package 'dynamixel_sdk_examples' build argument 'cmake_target' from command line to 'None'
[0.469s] Level 5:colcon.colcon_core.verb:set package 'dynamixel_sdk_examples' build argument 'cmake_target_skip_unavailable' from command line to 'False'
[0.470s] Level 5:colcon.colcon_core.verb:set package 'dynamixel_sdk_examples' build argument 'cmake_clean_cache' from command line to 'False'
[0.470s] Level 5:colcon.colcon_core.verb:set package 'dynamixel_sdk_examples' build argument 'cmake_clean_first' from command line to 'False'
[0.470s] Level 5:colcon.colcon_core.verb:set package 'dynamixel_sdk_examples' build argument 'cmake_force_configure' from command line to 'False'
[0.470s] Level 5:colcon.colcon_core.verb:set package 'dynamixel_sdk_examples' build argument 'ament_cmake_args' from command line to 'None'
[0.470s] Level 5:colcon.colcon_core.verb:set package 'dynamixel_sdk_examples' build argument 'catkin_cmake_args' from command line to 'None'
[0.470s] Level 5:colcon.colcon_core.verb:set package 'dynamixel_sdk_examples' build argument 'catkin_skip_building_tests' from command line to 'False'
[0.470s] DEBUG:colcon.colcon_core.verb:Building package 'dynamixel_sdk_examples' with the following arguments: {'ament_cmake_args': None, 'build_base': '/home/csilab/turtlebot3_ws/build/dynamixel_sdk_examples', 'catkin_cmake_args': None, 'catkin_skip_building_tests': False, 'cmake_args': None, 'cmake_clean_cache': False, 'cmake_clean_first': False, 'cmake_force_configure': False, 'cmake_target': None, 'cmake_target_skip_unavailable': False, 'install_base': '/home/csilab/turtlebot3_ws/install/dynamixel_sdk_examples', 'merge_install': False, 'path': '/home/csilab/turtlebot3_ws/src/DynamixelSDK/ros/dynamixel_sdk_examples', 'symlink_install': True, 'test_result_base': None}
[0.470s] INFO:colcon.colcon_core.executor:Executing jobs using 'parallel' executor
[0.470s] DEBUG:colcon.colcon_parallel_executor.executor.parallel:run_until_complete
[0.471s] INFO:colcon.colcon_ros.task.ament_cmake.build:Building ROS package in '/home/csilab/turtlebot3_ws/src/DynamixelSDK/ros/dynamixel_sdk' with build type 'ament_cmake'
[0.471s] INFO:colcon.colcon_cmake.task.cmake.build:Building CMake package in '/home/csilab/turtlebot3_ws/src/DynamixelSDK/ros/dynamixel_sdk'
[0.474s] INFO:colcon.colcon_core.plugin_system:Skipping extension 'colcon_core.shell.bat': Not used on non-Windows systems
[0.474s] INFO:colcon.colcon_core.shell:Skip shell extension 'powershell' for command environment: Not usable outside of PowerShell
[0.474s] DEBUG:colcon.colcon_core.shell:Skip shell extension 'dsv' for command environment
[0.482s] DEBUG:colcon.colcon_core.event_handler.log_command:Invoking command in '/home/csilab/turtlebot3_ws/build/dynamixel_sdk': CMAKE_PREFIX_PATH=${CMAKE_PREFIX_PATH}:/opt/ros/jazzy DEBUGINFOD_URLS=https://debuginfod.ubuntu.com /usr/bin/cmake /home/csilab/turtlebot3_ws/src/DynamixelSDK/ros/dynamixel_sdk -DAMENT_CMAKE_SYMLINK_INSTALL=1 -DCMAKE_INSTALL_PREFIX=/home/csilab/turtlebot3_ws/install/dynamixel_sdk
[1.497s] DEBUG:colcon.colcon_core.event_handler.log_command:Invoked command in '/home/csilab/turtlebot3_ws/build/dynamixel_sdk' returned '0': CMAKE_PREFIX_PATH=${CMAKE_PREFIX_PATH}:/opt/ros/jazzy DEBUGINFOD_URLS=https://debuginfod.ubuntu.com /usr/bin/cmake /home/csilab/turtlebot3_ws/src/DynamixelSDK/ros/dynamixel_sdk -DAMENT_CMAKE_SYMLINK_INSTALL=1 -DCMAKE_INSTALL_PREFIX=/home/csilab/turtlebot3_ws/install/dynamixel_sdk
[1.498s] DEBUG:colcon.colcon_core.event_handler.log_command:Invoking command in '/home/csilab/turtlebot3_ws/build/dynamixel_sdk': CMAKE_PREFIX_PATH=${CMAKE_PREFIX_PATH}:/opt/ros/jazzy DEBUGINFOD_URLS=https://debuginfod.ubuntu.com /usr/bin/cmake --build /home/csilab/turtlebot3_ws/build/dynamixel_sdk -- -j12 -l12
[2.883s] DEBUG:colcon.colcon_core.event_handler.log_command:Invoked command in '/home/csilab/turtlebot3_ws/build/dynamixel_sdk' returned '0': CMAKE_PREFIX_PATH=${CMAKE_PREFIX_PATH}:/opt/ros/jazzy DEBUGINFOD_URLS=https://debuginfod.ubuntu.com /usr/bin/cmake --build /home/csilab/turtlebot3_ws/build/dynamixel_sdk -- -j12 -l12
[2.894s] DEBUG:colcon.colcon_core.event_handler.log_command:Invoking command in '/home/csilab/turtlebot3_ws/build/dynamixel_sdk': CMAKE_PREFIX_PATH=${CMAKE_PREFIX_PATH}:/opt/ros/jazzy DEBUGINFOD_URLS=https://debuginfod.ubuntu.com /usr/bin/cmake --install /home/csilab/turtlebot3_ws/build/dynamixel_sdk
[4.500s] Level 1:colcon.colcon_core.environment:create_environment_scripts_only(dynamixel_sdk)
[4.501s] DEBUG:colcon.colcon_core.event_handler.log_command:Invoked command in '/home/csilab/turtlebot3_ws/build/dynamixel_sdk' returned '0': CMAKE_PREFIX_PATH=${CMAKE_PREFIX_PATH}:/opt/ros/jazzy DEBUGINFOD_URLS=https://debuginfod.ubuntu.com /usr/bin/cmake --install /home/csilab/turtlebot3_ws/build/dynamixel_sdk
[4.507s] Level 1:colcon.colcon_core.environment:checking '/home/csilab/turtlebot3_ws/install/dynamixel_sdk' for CMake module files
[4.508s] Level 1:colcon.colcon_core.environment:checking '/home/csilab/turtlebot3_ws/install/dynamixel_sdk' for CMake config files
[4.508s] Level 1:colcon.colcon_core.shell:create_environment_hook('dynamixel_sdk', 'cmake_prefix_path')
[4.508s] INFO:colcon.colcon_core.shell:Creating environment hook '/home/csilab/turtlebot3_ws/install/dynamixel_sdk/share/dynamixel_sdk/hook/cmake_prefix_path.ps1'
[4.509s] INFO:colcon.colcon_core.shell:Creating environment descriptor '/home/csilab/turtlebot3_ws/install/dynamixel_sdk/share/dynamixel_sdk/hook/cmake_prefix_path.dsv'
[4.510s] INFO:colcon.colcon_core.shell:Creating environment hook '/home/csilab/turtlebot3_ws/install/dynamixel_sdk/share/dynamixel_sdk/hook/cmake_prefix_path.sh'
[4.511s] Level 1:colcon.colcon_core.environment:checking '/home/csilab/turtlebot3_ws/install/dynamixel_sdk/lib'
[4.511s] Level 1:colcon.colcon_core.shell:create_environment_hook('dynamixel_sdk', 'ld_library_path_lib')
[4.511s] INFO:colcon.colcon_core.shell:Creating environment hook '/home/csilab/turtlebot3_ws/install/dynamixel_sdk/share/dynamixel_sdk/hook/ld_library_path_lib.ps1'
[4.511s] INFO:colcon.colcon_core.shell:Creating environment descriptor '/home/csilab/turtlebot3_ws/install/dynamixel_sdk/share/dynamixel_sdk/hook/ld_library_path_lib.dsv'
[4.511s] INFO:colcon.colcon_core.shell:Creating environment hook '/home/csilab/turtlebot3_ws/install/dynamixel_sdk/share/dynamixel_sdk/hook/ld_library_path_lib.sh'
[4.512s] Level 1:colcon.colcon_core.environment:checking '/home/csilab/turtlebot3_ws/install/dynamixel_sdk/bin'
[4.512s] Level 1:colcon.colcon_core.environment:checking '/home/csilab/turtlebot3_ws/install/dynamixel_sdk/lib/pkgconfig/dynamixel_sdk.pc'
[4.512s] Level 1:colcon.colcon_core.environment:checking '/home/csilab/turtlebot3_ws/install/dynamixel_sdk/lib/python3.12/site-packages'
[4.512s] Level 1:colcon.colcon_core.shell:create_environment_hook('dynamixel_sdk', 'pythonpath')
[4.512s] INFO:colcon.colcon_core.shell:Creating environment hook '/home/csilab/turtlebot3_ws/install/dynamixel_sdk/share/dynamixel_sdk/hook/pythonpath.ps1'
[4.512s] INFO:colcon.colcon_core.shell:Creating environment descriptor '/home/csilab/turtlebot3_ws/install/dynamixel_sdk/share/dynamixel_sdk/hook/pythonpath.dsv'
[4.513s] INFO:colcon.colcon_core.shell:Creating environment hook '/home/csilab/turtlebot3_ws/install/dynamixel_sdk/share/dynamixel_sdk/hook/pythonpath.sh'
[4.513s] Level 1:colcon.colcon_core.environment:checking '/home/csilab/turtlebot3_ws/install/dynamixel_sdk/bin'
[4.513s] INFO:colcon.colcon_core.shell:Creating package script '/home/csilab/turtlebot3_ws/install/dynamixel_sdk/share/dynamixel_sdk/package.ps1'
[4.514s] INFO:colcon.colcon_core.shell:Creating package descriptor '/home/csilab/turtlebot3_ws/install/dynamixel_sdk/share/dynamixel_sdk/package.dsv'
[4.515s] INFO:colcon.colcon_core.shell:Creating package script '/home/csilab/turtlebot3_ws/install/dynamixel_sdk/share/dynamixel_sdk/package.sh'
[4.515s] INFO:colcon.colcon_core.shell:Creating package script '/home/csilab/turtlebot3_ws/install/dynamixel_sdk/share/dynamixel_sdk/package.bash'
[4.516s] INFO:colcon.colcon_core.shell:Creating package script '/home/csilab/turtlebot3_ws/install/dynamixel_sdk/share/dynamixel_sdk/package.zsh'
[4.518s] Level 1:colcon.colcon_core.environment:create_file_with_runtime_dependencies(/home/csilab/turtlebot3_ws/install/dynamixel_sdk/share/colcon-core/packages/dynamixel_sdk)
[4.518s] Level 1:colcon.colcon_core.environment:create_environment_scripts_only(dynamixel_sdk)
[4.518s] Level 1:colcon.colcon_core.environment:checking '/home/csilab/turtlebot3_ws/install/dynamixel_sdk' for CMake module files
[4.519s] Level 1:colcon.colcon_core.environment:checking '/home/csilab/turtlebot3_ws/install/dynamixel_sdk' for CMake config files
[4.519s] Level 1:colcon.colcon_core.shell:create_environment_hook('dynamixel_sdk', 'cmake_prefix_path')
[4.519s] INFO:colcon.colcon_core.shell:Creating environment hook '/home/csilab/turtlebot3_ws/install/dynamixel_sdk/share/dynamixel_sdk/hook/cmake_prefix_path.ps1'
[4.519s] INFO:colcon.colcon_core.shell:Creating environment descriptor '/home/csilab/turtlebot3_ws/install/dynamixel_sdk/share/dynamixel_sdk/hook/cmake_prefix_path.dsv'
[4.520s] INFO:colcon.colcon_core.shell:Creating environment hook '/home/csilab/turtlebot3_ws/install/dynamixel_sdk/share/dynamixel_sdk/hook/cmake_prefix_path.sh'
[4.520s] Level 1:colcon.colcon_core.environment:checking '/home/csilab/turtlebot3_ws/install/dynamixel_sdk/lib'
[4.520s] Level 1:colcon.colcon_core.shell:create_environment_hook('dynamixel_sdk', 'ld_library_path_lib')
[4.520s] INFO:colcon.colcon_core.shell:Creating environment hook '/home/csilab/turtlebot3_ws/install/dynamixel_sdk/share/dynamixel_sdk/hook/ld_library_path_lib.ps1'
[4.520s] INFO:colcon.colcon_core.shell:Creating environment descriptor '/home/csilab/turtlebot3_ws/install/dynamixel_sdk/share/dynamixel_sdk/hook/ld_library_path_lib.dsv'
[4.521s] INFO:colcon.colcon_core.shell:Creating environment hook '/home/csilab/turtlebot3_ws/install/dynamixel_sdk/share/dynamixel_sdk/hook/ld_library_path_lib.sh'
[4.521s] Level 1:colcon.colcon_core.environment:checking '/home/csilab/turtlebot3_ws/install/dynamixel_sdk/bin'
[4.521s] Level 1:colcon.colcon_core.environment:checking '/home/csilab/turtlebot3_ws/install/dynamixel_sdk/lib/pkgconfig/dynamixel_sdk.pc'
[4.521s] Level 1:colcon.colcon_core.environment:checking '/home/csilab/turtlebot3_ws/install/dynamixel_sdk/lib/python3.12/site-packages'
[4.521s] Level 1:colcon.colcon_core.shell:create_environment_hook('dynamixel_sdk', 'pythonpath')
[4.521s] INFO:colcon.colcon_core.shell:Creating environment hook '/home/csilab/turtlebot3_ws/install/dynamixel_sdk/share/dynamixel_sdk/hook/pythonpath.ps1'
[4.521s] INFO:colcon.colcon_core.shell:Creating environment descriptor '/home/csilab/turtlebot3_ws/install/dynamixel_sdk/share/dynamixel_sdk/hook/pythonpath.dsv'
[4.522s] INFO:colcon.colcon_core.shell:Creating environment hook '/home/csilab/turtlebot3_ws/install/dynamixel_sdk/share/dynamixel_sdk/hook/pythonpath.sh'
[4.522s] Level 1:colcon.colcon_core.environment:checking '/home/csilab/turtlebot3_ws/install/dynamixel_sdk/bin'
[4.522s] INFO:colcon.colcon_core.shell:Creating package script '/home/csilab/turtlebot3_ws/install/dynamixel_sdk/share/dynamixel_sdk/package.ps1'
[4.523s] INFO:colcon.colcon_core.shell:Creating package descriptor '/home/csilab/turtlebot3_ws/install/dynamixel_sdk/share/dynamixel_sdk/package.dsv'
[4.523s] INFO:colcon.colcon_core.shell:Creating package script '/home/csilab/turtlebot3_ws/install/dynamixel_sdk/share/dynamixel_sdk/package.sh'
[4.524s] INFO:colcon.colcon_core.shell:Creating package script '/home/csilab/turtlebot3_ws/install/dynamixel_sdk/share/dynamixel_sdk/package.bash'
[4.524s] INFO:colcon.colcon_core.shell:Creating package script '/home/csilab/turtlebot3_ws/install/dynamixel_sdk/share/dynamixel_sdk/package.zsh'
[4.524s] Level 1:colcon.colcon_core.environment:create_file_with_runtime_dependencies(/home/csilab/turtlebot3_ws/install/dynamixel_sdk/share/colcon-core/packages/dynamixel_sdk)
[4.524s] INFO:colcon.colcon_ros.task.ament_cmake.build:Building ROS package in '/home/csilab/turtlebot3_ws/src/DynamixelSDK/ros/dynamixel_sdk_custom_interfaces' with build type 'ament_cmake'
[4.524s] INFO:colcon.colcon_cmake.task.cmake.build:Building CMake package in '/home/csilab/turtlebot3_ws/src/DynamixelSDK/ros/dynamixel_sdk_custom_interfaces'
[4.524s] INFO:colcon.colcon_core.shell:Skip shell extension 'powershell' for command environment: Not usable outside of PowerShell
[4.524s] DEBUG:colcon.colcon_core.shell:Skip shell extension 'dsv' for command environment
[4.534s] DEBUG:colcon.colcon_core.event_handler.log_command:Invoking command in '/home/csilab/turtlebot3_ws/build/dynamixel_sdk_custom_interfaces': CMAKE_PREFIX_PATH=${CMAKE_PREFIX_PATH}:/opt/ros/jazzy DEBUGINFOD_URLS=https://debuginfod.ubuntu.com /usr/bin/cmake /home/csilab/turtlebot3_ws/src/DynamixelSDK/ros/dynamixel_sdk_custom_interfaces -DAMENT_CMAKE_SYMLINK_INSTALL=1 -DCMAKE_INSTALL_PREFIX=/home/csilab/turtlebot3_ws/install/dynamixel_sdk_custom_interfaces
[7.376s] DEBUG:colcon.colcon_core.event_handler.log_command:Invoked command in '/home/csilab/turtlebot3_ws/build/dynamixel_sdk_custom_interfaces' returned '0': CMAKE_PREFIX_PATH=${CMAKE_PREFIX_PATH}:/opt/ros/jazzy DEBUGINFOD_URLS=https://debuginfod.ubuntu.com /usr/bin/cmake /home/csilab/turtlebot3_ws/src/DynamixelSDK/ros/dynamixel_sdk_custom_interfaces -DAMENT_CMAKE_SYMLINK_INSTALL=1 -DCMAKE_INSTALL_PREFIX=/home/csilab/turtlebot3_ws/install/dynamixel_sdk_custom_interfaces
[7.377s] DEBUG:colcon.colcon_core.event_handler.log_command:Invoking command in '/home/csilab/turtlebot3_ws/build/dynamixel_sdk_custom_interfaces': CMAKE_PREFIX_PATH=${CMAKE_PREFIX_PATH}:/opt/ros/jazzy DEBUGINFOD_URLS=https://debuginfod.ubuntu.com /usr/bin/cmake --build /home/csilab/turtlebot3_ws/build/dynamixel_sdk_custom_interfaces -- -j12 -l12
[9.968s] DEBUG:colcon.colcon_core.event_handler.log_command:Invoked command in '/home/csilab/turtlebot3_ws/build/dynamixel_sdk_custom_interfaces' returned '0': CMAKE_PREFIX_PATH=${CMAKE_PREFIX_PATH}:/opt/ros/jazzy DEBUGINFOD_URLS=https://debuginfod.ubuntu.com /usr/bin/cmake --build /home/csilab/turtlebot3_ws/build/dynamixel_sdk_custom_interfaces -- -j12 -l12
[9.969s] DEBUG:colcon.colcon_core.event_handler.log_command:Invoking command in '/home/csilab/turtlebot3_ws/build/dynamixel_sdk_custom_interfaces': CMAKE_PREFIX_PATH=${CMAKE_PREFIX_PATH}:/opt/ros/jazzy DEBUGINFOD_URLS=https://debuginfod.ubuntu.com /usr/bin/cmake --install /home/csilab/turtlebot3_ws/build/dynamixel_sdk_custom_interfaces
[10.895s] Level 1:colcon.colcon_core.environment:create_environment_scripts_only(dynamixel_sdk_custom_interfaces)
[10.896s] DEBUG:colcon.colcon_core.event_handler.log_command:Invoked command in '/home/csilab/turtlebot3_ws/build/dynamixel_sdk_custom_interfaces' returned '0': CMAKE_PREFIX_PATH=${CMAKE_PREFIX_PATH}:/opt/ros/jazzy DEBUGINFOD_URLS=https://debuginfod.ubuntu.com /usr/bin/cmake --install /home/csilab/turtlebot3_ws/build/dynamixel_sdk_custom_interfaces
[10.896s] Level 1:colcon.colcon_core.environment:checking '/home/csilab/turtlebot3_ws/install/dynamixel_sdk_custom_interfaces' for CMake module files
[10.897s] Level 1:colcon.colcon_core.environment:checking '/home/csilab/turtlebot3_ws/install/dynamixel_sdk_custom_interfaces' for CMake config files
[10.897s] Level 1:colcon.colcon_core.shell:create_environment_hook('dynamixel_sdk_custom_interfaces', 'cmake_prefix_path')
[10.897s] INFO:colcon.colcon_core.shell:Creating environment hook '/home/csilab/turtlebot3_ws/install/dynamixel_sdk_custom_interfaces/share/dynamixel_sdk_custom_interfaces/hook/cmake_prefix_path.ps1'
[10.898s] INFO:colcon.colcon_core.shell:Creating environment descriptor '/home/csilab/turtlebot3_ws/install/dynamixel_sdk_custom_interfaces/share/dynamixel_sdk_custom_interfaces/hook/cmake_prefix_path.dsv'
[10.898s] INFO:colcon.colcon_core.shell:Creating environment hook '/home/csilab/turtlebot3_ws/install/dynamixel_sdk_custom_interfaces/share/dynamixel_sdk_custom_interfaces/hook/cmake_prefix_path.sh'
[10.898s] Level 1:colcon.colcon_core.environment:checking '/home/csilab/turtlebot3_ws/install/dynamixel_sdk_custom_interfaces/lib'
[10.898s] Level 1:colcon.colcon_core.shell:create_environment_hook('dynamixel_sdk_custom_interfaces', 'ld_library_path_lib')
[10.899s] INFO:colcon.colcon_core.shell:Creating environment hook '/home/csilab/turtlebot3_ws/install/dynamixel_sdk_custom_interfaces/share/dynamixel_sdk_custom_interfaces/hook/ld_library_path_lib.ps1'
[10.899s] INFO:colcon.colcon_core.shell:Creating environment descriptor '/home/csilab/turtlebot3_ws/install/dynamixel_sdk_custom_interfaces/share/dynamixel_sdk_custom_interfaces/hook/ld_library_path_lib.dsv'
[10.899s] INFO:colcon.colcon_core.shell:Creating environment hook '/home/csilab/turtlebot3_ws/install/dynamixel_sdk_custom_interfaces/share/dynamixel_sdk_custom_interfaces/hook/ld_library_path_lib.sh'
[10.899s] Level 1:colcon.colcon_core.environment:checking '/home/csilab/turtlebot3_ws/install/dynamixel_sdk_custom_interfaces/bin'
[10.899s] Level 1:colcon.colcon_core.environment:checking '/home/csilab/turtlebot3_ws/install/dynamixel_sdk_custom_interfaces/lib/pkgconfig/dynamixel_sdk_custom_interfaces.pc'
[10.900s] Level 1:colcon.colcon_core.environment:checking '/home/csilab/turtlebot3_ws/install/dynamixel_sdk_custom_interfaces/lib/python3.12/site-packages'
[10.900s] Level 1:colcon.colcon_core.shell:create_environment_hook('dynamixel_sdk_custom_interfaces', 'pythonpath')
[10.900s] INFO:colcon.colcon_core.shell:Creating environment hook '/home/csilab/turtlebot3_ws/install/dynamixel_sdk_custom_interfaces/share/dynamixel_sdk_custom_interfaces/hook/pythonpath.ps1'
[10.900s] INFO:colcon.colcon_core.shell:Creating environment descriptor '/home/csilab/turtlebot3_ws/install/dynamixel_sdk_custom_interfaces/share/dynamixel_sdk_custom_interfaces/hook/pythonpath.dsv'
[10.901s] INFO:colcon.colcon_core.shell:Creating environment hook '/home/csilab/turtlebot3_ws/install/dynamixel_sdk_custom_interfaces/share/dynamixel_sdk_custom_interfaces/hook/pythonpath.sh'
[10.901s] Level 1:colcon.colcon_core.environment:checking '/home/csilab/turtlebot3_ws/install/dynamixel_sdk_custom_interfaces/bin'
[10.901s] INFO:colcon.colcon_core.shell:Creating package script '/home/csilab/turtlebot3_ws/install/dynamixel_sdk_custom_interfaces/share/dynamixel_sdk_custom_interfaces/package.ps1'
[10.902s] INFO:colcon.colcon_core.shell:Creating package descriptor '/home/csilab/turtlebot3_ws/install/dynamixel_sdk_custom_interfaces/share/dynamixel_sdk_custom_interfaces/package.dsv'
[10.902s] INFO:colcon.colcon_core.shell:Creating package script '/home/csilab/turtlebot3_ws/install/dynamixel_sdk_custom_interfaces/share/dynamixel_sdk_custom_interfaces/package.sh'
[10.902s] INFO:colcon.colcon_core.shell:Creating package script '/home/csilab/turtlebot3_ws/install/dynamixel_sdk_custom_interfaces/share/dynamixel_sdk_custom_interfaces/package.bash'
[10.903s] INFO:colcon.colcon_core.shell:Creating package script '/home/csilab/turtlebot3_ws/install/dynamixel_sdk_custom_interfaces/share/dynamixel_sdk_custom_interfaces/package.zsh'
[10.903s] Level 1:colcon.colcon_core.environment:create_file_with_runtime_dependencies(/home/csilab/turtlebot3_ws/install/dynamixel_sdk_custom_interfaces/share/colcon-core/packages/dynamixel_sdk_custom_interfaces)
[10.903s] Level 1:colcon.colcon_core.environment:create_environment_scripts_only(dynamixel_sdk_custom_interfaces)
[10.903s] Level 1:colcon.colcon_core.environment:checking '/home/csilab/turtlebot3_ws/install/dynamixel_sdk_custom_interfaces' for CMake module files
[10.904s] Level 1:colcon.colcon_core.environment:checking '/home/csilab/turtlebot3_ws/install/dynamixel_sdk_custom_interfaces' for CMake config files
[10.905s] Level 1:colcon.colcon_core.shell:create_environment_hook('dynamixel_sdk_custom_interfaces', 'cmake_prefix_path')
[10.905s] INFO:colcon.colcon_core.shell:Creating environment hook '/home/csilab/turtlebot3_ws/install/dynamixel_sdk_custom_interfaces/share/dynamixel_sdk_custom_interfaces/hook/cmake_prefix_path.ps1'
[10.905s] INFO:colcon.colcon_core.shell:Creating environment descriptor '/home/csilab/turtlebot3_ws/install/dynamixel_sdk_custom_interfaces/share/dynamixel_sdk_custom_interfaces/hook/cmake_prefix_path.dsv'
[10.905s] INFO:colcon.colcon_core.shell:Creating environment hook '/home/csilab/turtlebot3_ws/install/dynamixel_sdk_custom_interfaces/share/dynamixel_sdk_custom_interfaces/hook/cmake_prefix_path.sh'
[10.906s] Level 1:colcon.colcon_core.environment:checking '/home/csilab/turtlebot3_ws/install/dynamixel_sdk_custom_interfaces/lib'
[10.906s] Level 1:colcon.colcon_core.shell:create_environment_hook('dynamixel_sdk_custom_interfaces', 'ld_library_path_lib')
[10.906s] INFO:colcon.colcon_core.shell:Creating environment hook '/home/csilab/turtlebot3_ws/install/dynamixel_sdk_custom_interfaces/share/dynamixel_sdk_custom_interfaces/hook/ld_library_path_lib.ps1'
[10.906s] INFO:colcon.colcon_core.shell:Creating environment descriptor '/home/csilab/turtlebot3_ws/install/dynamixel_sdk_custom_interfaces/share/dynamixel_sdk_custom_interfaces/hook/ld_library_path_lib.dsv'
[10.906s] INFO:colcon.colcon_core.shell:Creating environment hook '/home/csilab/turtlebot3_ws/install/dynamixel_sdk_custom_interfaces/share/dynamixel_sdk_custom_interfaces/hook/ld_library_path_lib.sh'
[10.906s] Level 1:colcon.colcon_core.environment:checking '/home/csilab/turtlebot3_ws/install/dynamixel_sdk_custom_interfaces/bin'
[10.906s] Level 1:colcon.colcon_core.environment:checking '/home/csilab/turtlebot3_ws/install/dynamixel_sdk_custom_interfaces/lib/pkgconfig/dynamixel_sdk_custom_interfaces.pc'
[10.907s] Level 1:colcon.colcon_core.environment:checking '/home/csilab/turtlebot3_ws/install/dynamixel_sdk_custom_interfaces/lib/python3.12/site-packages'
[10.907s] Level 1:colcon.colcon_core.shell:create_environment_hook('dynamixel_sdk_custom_interfaces', 'pythonpath')
[10.907s] INFO:colcon.colcon_core.shell:Creating environment hook '/home/csilab/turtlebot3_ws/install/dynamixel_sdk_custom_interfaces/share/dynamixel_sdk_custom_interfaces/hook/pythonpath.ps1'
[10.907s] INFO:colcon.colcon_core.shell:Creating environment descriptor '/home/csilab/turtlebot3_ws/install/dynamixel_sdk_custom_interfaces/share/dynamixel_sdk_custom_interfaces/hook/pythonpath.dsv'
[10.907s] INFO:colcon.colcon_core.shell:Creating environment hook '/home/csilab/turtlebot3_ws/install/dynamixel_sdk_custom_interfaces/share/dynamixel_sdk_custom_interfaces/hook/pythonpath.sh'
[10.908s] Level 1:colcon.colcon_core.environment:checking '/home/csilab/turtlebot3_ws/install/dynamixel_sdk_custom_interfaces/bin'
[10.908s] INFO:colcon.colcon_core.shell:Creating package script '/home/csilab/turtlebot3_ws/install/dynamixel_sdk_custom_interfaces/share/dynamixel_sdk_custom_interfaces/package.ps1'
[10.908s] INFO:colcon.colcon_core.shell:Creating package descriptor '/home/csilab/turtlebot3_ws/install/dynamixel_sdk_custom_interfaces/share/dynamixel_sdk_custom_interfaces/package.dsv'
[10.909s] INFO:colcon.colcon_core.shell:Creating package script '/home/csilab/turtlebot3_ws/install/dynamixel_sdk_custom_interfaces/share/dynamixel_sdk_custom_interfaces/package.sh'
[10.909s] INFO:colcon.colcon_core.shell:Creating package script '/home/csilab/turtlebot3_ws/install/dynamixel_sdk_custom_interfaces/share/dynamixel_sdk_custom_interfaces/package.bash'
[10.909s] INFO:colcon.colcon_core.shell:Creating package script '/home/csilab/turtlebot3_ws/install/dynamixel_sdk_custom_interfaces/share/dynamixel_sdk_custom_interfaces/package.zsh'
[10.910s] Level 1:colcon.colcon_core.environment:create_file_with_runtime_dependencies(/home/csilab/turtlebot3_ws/install/dynamixel_sdk_custom_interfaces/share/colcon-core/packages/dynamixel_sdk_custom_interfaces)
[10.910s] INFO:colcon.colcon_ros.task.ament_cmake.build:Building ROS package in '/home/csilab/turtlebot3_ws/src/DynamixelSDK/ros/dynamixel_sdk_examples' with build type 'ament_cmake'
[10.910s] INFO:colcon.colcon_cmake.task.cmake.build:Building CMake package in '/home/csilab/turtlebot3_ws/src/DynamixelSDK/ros/dynamixel_sdk_examples'
[10.910s] INFO:colcon.colcon_core.shell:Skip shell extension 'powershell' for command environment: Not usable outside of PowerShell
[10.910s] DEBUG:colcon.colcon_core.shell:Skip shell extension 'dsv' for command environment
[10.924s] DEBUG:colcon.colcon_core.event_handler.log_command:Invoking command in '/home/csilab/turtlebot3_ws/build/dynamixel_sdk_examples': AMENT_PREFIX_PATH=/home/csilab/turtlebot3_ws/install/dynamixel_sdk_custom_interfaces:/home/csilab/turtlebot3_ws/install/dynamixel_sdk:${AMENT_PREFIX_PATH} CMAKE_PREFIX_PATH=/home/csilab/turtlebot3_ws/install/dynamixel_sdk_custom_interfaces:/home/csilab/turtlebot3_ws/install/dynamixel_sdk:/home/csilab/turtlebot3_ws/install/dynamixel_sdk_examples:/opt/ros/jazzy/opt/gz_sim_vendor:/opt/ros/jazzy/opt/gz_sensors_vendor:/opt/ros/jazzy/opt/gz_physics_vendor:/opt/ros/jazzy/opt/sdformat_vendor:/opt/ros/jazzy/opt/gz_gui_vendor:/opt/ros/jazzy/opt/gz_transport_vendor:/opt/ros/jazzy/opt/gz_rendering_vendor:/opt/ros/jazzy/opt/gz_plugin_vendor:/opt/ros/jazzy/opt/gz_fuel_tools_vendor:/opt/ros/jazzy/opt/gz_msgs_vendor:/opt/ros/jazzy/opt/gz_common_vendor:/opt/ros/jazzy/opt/gz_math_vendor:/opt/ros/jazzy/opt/gz_utils_vendor:/opt/ros/jazzy/opt/gz_tools_vendor:/opt/ros/jazzy/opt/gz_ogre_next_vendor:/opt/ros/jazzy/opt/gz_dartsim_vendor:/opt/ros/jazzy/opt/gz_cmake_vendor:/opt/ros/jazzy DEBUGINFOD_URLS=https://debuginfod.ubuntu.com /usr/bin/cmake /home/csilab/turtlebot3_ws/src/DynamixelSDK/ros/dynamixel_sdk_examples -DAMENT_CMAKE_SYMLINK_INSTALL=1 -DCMAKE_INSTALL_PREFIX=/home/csilab/turtlebot3_ws/install/dynamixel_sdk_examples
[12.249s] DEBUG:colcon.colcon_core.event_handler.log_command:Invoked command in '/home/csilab/turtlebot3_ws/build/dynamixel_sdk_examples' returned '0': AMENT_PREFIX_PATH=/home/csilab/turtlebot3_ws/install/dynamixel_sdk_custom_interfaces:/home/csilab/turtlebot3_ws/install/dynamixel_sdk:${AMENT_PREFIX_PATH} CMAKE_PREFIX_PATH=/home/csilab/turtlebot3_ws/install/dynamixel_sdk_custom_interfaces:/home/csilab/turtlebot3_ws/install/dynamixel_sdk:/home/csilab/turtlebot3_ws/install/dynamixel_sdk_examples:/opt/ros/jazzy/opt/gz_sim_vendor:/opt/ros/jazzy/opt/gz_sensors_vendor:/opt/ros/jazzy/opt/gz_physics_vendor:/opt/ros/jazzy/opt/sdformat_vendor:/opt/ros/jazzy/opt/gz_gui_vendor:/opt/ros/jazzy/opt/gz_transport_vendor:/opt/ros/jazzy/opt/gz_rendering_vendor:/opt/ros/jazzy/opt/gz_plugin_vendor:/opt/ros/jazzy/opt/gz_fuel_tools_vendor:/opt/ros/jazzy/opt/gz_msgs_vendor:/opt/ros/jazzy/opt/gz_common_vendor:/opt/ros/jazzy/opt/gz_math_vendor:/opt/ros/jazzy/opt/gz_utils_vendor:/opt/ros/jazzy/opt/gz_tools_vendor:/opt/ros/jazzy/opt/gz_ogre_next_vendor:/opt/ros/jazzy/opt/gz_dartsim_vendor:/opt/ros/jazzy/opt/gz_cmake_vendor:/opt/ros/jazzy DEBUGINFOD_URLS=https://debuginfod.ubuntu.com /usr/bin/cmake /home/csilab/turtlebot3_ws/src/DynamixelSDK/ros/dynamixel_sdk_examples -DAMENT_CMAKE_SYMLINK_INSTALL=1 -DCMAKE_INSTALL_PREFIX=/home/csilab/turtlebot3_ws/install/dynamixel_sdk_examples
[12.250s] DEBUG:colcon.colcon_core.event_handler.log_command:Invoking command in '/home/csilab/turtlebot3_ws/build/dynamixel_sdk_examples': AMENT_PREFIX_PATH=/home/csilab/turtlebot3_ws/install/dynamixel_sdk_custom_interfaces:/home/csilab/turtlebot3_ws/install/dynamixel_sdk:${AMENT_PREFIX_PATH} CMAKE_PREFIX_PATH=/home/csilab/turtlebot3_ws/install/dynamixel_sdk_custom_interfaces:/home/csilab/turtlebot3_ws/install/dynamixel_sdk:/home/csilab/turtlebot3_ws/install/dynamixel_sdk_examples:/opt/ros/jazzy/opt/gz_sim_vendor:/opt/ros/jazzy/opt/gz_sensors_vendor:/opt/ros/jazzy/opt/gz_physics_vendor:/opt/ros/jazzy/opt/sdformat_vendor:/opt/ros/jazzy/opt/gz_gui_vendor:/opt/ros/jazzy/opt/gz_transport_vendor:/opt/ros/jazzy/opt/gz_rendering_vendor:/opt/ros/jazzy/opt/gz_plugin_vendor:/opt/ros/jazzy/opt/gz_fuel_tools_vendor:/opt/ros/jazzy/opt/gz_msgs_vendor:/opt/ros/jazzy/opt/gz_common_vendor:/opt/ros/jazzy/opt/gz_math_vendor:/opt/ros/jazzy/opt/gz_utils_vendor:/opt/ros/jazzy/opt/gz_tools_vendor:/opt/ros/jazzy/opt/gz_ogre_next_vendor:/opt/ros/jazzy/opt/gz_dartsim_vendor:/opt/ros/jazzy/opt/gz_cmake_vendor:/opt/ros/jazzy DEBUGINFOD_URLS=https://debuginfod.ubuntu.com /usr/bin/cmake --build /home/csilab/turtlebot3_ws/build/dynamixel_sdk_examples -- -j12 -l12
[19.158s] DEBUG:colcon.colcon_core.event_handler.log_command:Invoked command in '/home/csilab/turtlebot3_ws/build/dynamixel_sdk_examples' returned '0': AMENT_PREFIX_PATH=/home/csilab/turtlebot3_ws/install/dynamixel_sdk_custom_interfaces:/home/csilab/turtlebot3_ws/install/dynamixel_sdk:${AMENT_PREFIX_PATH} CMAKE_PREFIX_PATH=/home/csilab/turtlebot3_ws/install/dynamixel_sdk_custom_interfaces:/home/csilab/turtlebot3_ws/install/dynamixel_sdk:/home/csilab/turtlebot3_ws/install/dynamixel_sdk_examples:/opt/ros/jazzy/opt/gz_sim_vendor:/opt/ros/jazzy/opt/gz_sensors_vendor:/opt/ros/jazzy/opt/gz_physics_vendor:/opt/ros/jazzy/opt/sdformat_vendor:/opt/ros/jazzy/opt/gz_gui_vendor:/opt/ros/jazzy/opt/gz_transport_vendor:/opt/ros/jazzy/opt/gz_rendering_vendor:/opt/ros/jazzy/opt/gz_plugin_vendor:/opt/ros/jazzy/opt/gz_fuel_tools_vendor:/opt/ros/jazzy/opt/gz_msgs_vendor:/opt/ros/jazzy/opt/gz_common_vendor:/opt/ros/jazzy/opt/gz_math_vendor:/opt/ros/jazzy/opt/gz_utils_vendor:/opt/ros/jazzy/opt/gz_tools_vendor:/opt/ros/jazzy/opt/gz_ogre_next_vendor:/opt/ros/jazzy/opt/gz_dartsim_vendor:/opt/ros/jazzy/opt/gz_cmake_vendor:/opt/ros/jazzy DEBUGINFOD_URLS=https://debuginfod.ubuntu.com /usr/bin/cmake --build /home/csilab/turtlebot3_ws/build/dynamixel_sdk_examples -- -j12 -l12
[19.159s] DEBUG:colcon.colcon_core.event_handler.log_command:Invoking command in '/home/csilab/turtlebot3_ws/build/dynamixel_sdk_examples': AMENT_PREFIX_PATH=/home/csilab/turtlebot3_ws/install/dynamixel_sdk_custom_interfaces:/home/csilab/turtlebot3_ws/install/dynamixel_sdk:${AMENT_PREFIX_PATH} CMAKE_PREFIX_PATH=/home/csilab/turtlebot3_ws/install/dynamixel_sdk_custom_interfaces:/home/csilab/turtlebot3_ws/install/dynamixel_sdk:/home/csilab/turtlebot3_ws/install/dynamixel_sdk_examples:/opt/ros/jazzy/opt/gz_sim_vendor:/opt/ros/jazzy/opt/gz_sensors_vendor:/opt/ros/jazzy/opt/gz_physics_vendor:/opt/ros/jazzy/opt/sdformat_vendor:/opt/ros/jazzy/opt/gz_gui_vendor:/opt/ros/jazzy/opt/gz_transport_vendor:/opt/ros/jazzy/opt/gz_rendering_vendor:/opt/ros/jazzy/opt/gz_plugin_vendor:/opt/ros/jazzy/opt/gz_fuel_tools_vendor:/opt/ros/jazzy/opt/gz_msgs_vendor:/opt/ros/jazzy/opt/gz_common_vendor:/opt/ros/jazzy/opt/gz_math_vendor:/opt/ros/jazzy/opt/gz_utils_vendor:/opt/ros/jazzy/opt/gz_tools_vendor:/opt/ros/jazzy/opt/gz_ogre_next_vendor:/opt/ros/jazzy/opt/gz_dartsim_vendor:/opt/ros/jazzy/opt/gz_cmake_vendor:/opt/ros/jazzy DEBUGINFOD_URLS=https://debuginfod.ubuntu.com /usr/bin/cmake --install /home/csilab/turtlebot3_ws/build/dynamixel_sdk_examples
[19.347s] Level 1:colcon.colcon_core.environment:create_environment_scripts_only(dynamixel_sdk_examples)
[19.347s] Level 1:colcon.colcon_core.environment:checking '/home/csilab/turtlebot3_ws/install/dynamixel_sdk_examples' for CMake module files
[19.348s] DEBUG:colcon.colcon_core.event_handler.log_command:Invoked command in '/home/csilab/turtlebot3_ws/build/dynamixel_sdk_examples' returned '0': AMENT_PREFIX_PATH=/home/csilab/turtlebot3_ws/install/dynamixel_sdk_custom_interfaces:/home/csilab/turtlebot3_ws/install/dynamixel_sdk:${AMENT_PREFIX_PATH} CMAKE_PREFIX_PATH=/home/csilab/turtlebot3_ws/install/dynamixel_sdk_custom_interfaces:/home/csilab/turtlebot3_ws/install/dynamixel_sdk:/home/csilab/turtlebot3_ws/install/dynamixel_sdk_examples:/opt/ros/jazzy/opt/gz_sim_vendor:/opt/ros/jazzy/opt/gz_sensors_vendor:/opt/ros/jazzy/opt/gz_physics_vendor:/opt/ros/jazzy/opt/sdformat_vendor:/opt/ros/jazzy/opt/gz_gui_vendor:/opt/ros/jazzy/opt/gz_transport_vendor:/opt/ros/jazzy/opt/gz_rendering_vendor:/opt/ros/jazzy/opt/gz_plugin_vendor:/opt/ros/jazzy/opt/gz_fuel_tools_vendor:/opt/ros/jazzy/opt/gz_msgs_vendor:/opt/ros/jazzy/opt/gz_common_vendor:/opt/ros/jazzy/opt/gz_math_vendor:/opt/ros/jazzy/opt/gz_utils_vendor:/opt/ros/jazzy/opt/gz_tools_vendor:/opt/ros/jazzy/opt/gz_ogre_next_vendor:/opt/ros/jazzy/opt/gz_dartsim_vendor:/opt/ros/jazzy/opt/gz_cmake_vendor:/opt/ros/jazzy DEBUGINFOD_URLS=https://debuginfod.ubuntu.com /usr/bin/cmake --install /home/csilab/turtlebot3_ws/build/dynamixel_sdk_examples
[19.348s] Level 1:colcon.colcon_core.environment:checking '/home/csilab/turtlebot3_ws/install/dynamixel_sdk_examples' for CMake config files
[19.348s] Level 1:colcon.colcon_core.shell:create_environment_hook('dynamixel_sdk_examples', 'cmake_prefix_path')
[19.349s] INFO:colcon.colcon_core.shell:Creating environment hook '/home/csilab/turtlebot3_ws/install/dynamixel_sdk_examples/share/dynamixel_sdk_examples/hook/cmake_prefix_path.ps1'
[19.349s] INFO:colcon.colcon_core.shell:Creating environment descriptor '/home/csilab/turtlebot3_ws/install/dynamixel_sdk_examples/share/dynamixel_sdk_examples/hook/cmake_prefix_path.dsv'
[19.349s] INFO:colcon.colcon_core.shell:Creating environment hook '/home/csilab/turtlebot3_ws/install/dynamixel_sdk_examples/share/dynamixel_sdk_examples/hook/cmake_prefix_path.sh'
[19.350s] Level 1:colcon.colcon_core.environment:checking '/home/csilab/turtlebot3_ws/install/dynamixel_sdk_examples/lib'
[19.350s] Level 1:colcon.colcon_core.environment:checking '/home/csilab/turtlebot3_ws/install/dynamixel_sdk_examples/bin'
[19.350s] Level 1:colcon.colcon_core.environment:checking '/home/csilab/turtlebot3_ws/install/dynamixel_sdk_examples/lib/pkgconfig/dynamixel_sdk_examples.pc'
[19.350s] Level 1:colcon.colcon_core.environment:checking '/home/csilab/turtlebot3_ws/install/dynamixel_sdk_examples/lib/python3.12/site-packages'
[19.350s] Level 1:colcon.colcon_core.environment:checking '/home/csilab/turtlebot3_ws/install/dynamixel_sdk_examples/bin'
[19.350s] INFO:colcon.colcon_core.shell:Creating package script '/home/csilab/turtlebot3_ws/install/dynamixel_sdk_examples/share/dynamixel_sdk_examples/package.ps1'
[19.351s] INFO:colcon.colcon_core.shell:Creating package descriptor '/home/csilab/turtlebot3_ws/install/dynamixel_sdk_examples/share/dynamixel_sdk_examples/package.dsv'
[19.351s] INFO:colcon.colcon_core.shell:Creating package script '/home/csilab/turtlebot3_ws/install/dynamixel_sdk_examples/share/dynamixel_sdk_examples/package.sh'
[19.351s] INFO:colcon.colcon_core.shell:Creating package script '/home/csilab/turtlebot3_ws/install/dynamixel_sdk_examples/share/dynamixel_sdk_examples/package.bash'
[19.351s] INFO:colcon.colcon_core.shell:Creating package script '/home/csilab/turtlebot3_ws/install/dynamixel_sdk_examples/share/dynamixel_sdk_examples/package.zsh'
[19.351s] Level 1:colcon.colcon_core.environment:create_file_with_runtime_dependencies(/home/csilab/turtlebot3_ws/install/dynamixel_sdk_examples/share/colcon-core/packages/dynamixel_sdk_examples)
[19.352s] Level 1:colcon.colcon_core.environment:create_environment_scripts_only(dynamixel_sdk_examples)
[19.352s] Level 1:colcon.colcon_core.environment:checking '/home/csilab/turtlebot3_ws/install/dynamixel_sdk_examples' for CMake module files
[19.352s] Level 1:colcon.colcon_core.environment:checking '/home/csilab/turtlebot3_ws/install/dynamixel_sdk_examples' for CMake config files
[19.352s] Level 1:colcon.colcon_core.shell:create_environment_hook('dynamixel_sdk_examples', 'cmake_prefix_path')
[19.353s] INFO:colcon.colcon_core.shell:Creating environment hook '/home/csilab/turtlebot3_ws/install/dynamixel_sdk_examples/share/dynamixel_sdk_examples/hook/cmake_prefix_path.ps1'
[19.353s] INFO:colcon.colcon_core.shell:Creating environment descriptor '/home/csilab/turtlebot3_ws/install/dynamixel_sdk_examples/share/dynamixel_sdk_examples/hook/cmake_prefix_path.dsv'
[19.353s] INFO:colcon.colcon_core.shell:Creating environment hook '/home/csilab/turtlebot3_ws/install/dynamixel_sdk_examples/share/dynamixel_sdk_examples/hook/cmake_prefix_path.sh'
[19.353s] Level 1:colcon.colcon_core.environment:checking '/home/csilab/turtlebot3_ws/install/dynamixel_sdk_examples/lib'
[19.354s] Level 1:colcon.colcon_core.environment:checking '/home/csilab/turtlebot3_ws/install/dynamixel_sdk_examples/bin'
[19.354s] Level 1:colcon.colcon_core.environment:checking '/home/csilab/turtlebot3_ws/install/dynamixel_sdk_examples/lib/pkgconfig/dynamixel_sdk_examples.pc'
[19.354s] Level 1:colcon.colcon_core.environment:checking '/home/csilab/turtlebot3_ws/install/dynamixel_sdk_examples/lib/python3.12/site-packages'
[19.354s] Level 1:colcon.colcon_core.environment:checking '/home/csilab/turtlebot3_ws/install/dynamixel_sdk_examples/bin'
[19.354s] INFO:colcon.colcon_core.shell:Creating package script '/home/csilab/turtlebot3_ws/install/dynamixel_sdk_examples/share/dynamixel_sdk_examples/package.ps1'
[19.354s] INFO:colcon.colcon_core.shell:Creating package descriptor '/home/csilab/turtlebot3_ws/install/dynamixel_sdk_examples/share/dynamixel_sdk_examples/package.dsv'
[19.355s] INFO:colcon.colcon_core.shell:Creating package script '/home/csilab/turtlebot3_ws/install/dynamixel_sdk_examples/share/dynamixel_sdk_examples/package.sh'
[19.355s] INFO:colcon.colcon_core.shell:Creating package script '/home/csilab/turtlebot3_ws/install/dynamixel_sdk_examples/share/dynamixel_sdk_examples/package.bash'
[19.355s] INFO:colcon.colcon_core.shell:Creating package script '/home/csilab/turtlebot3_ws/install/dynamixel_sdk_examples/share/dynamixel_sdk_examples/package.zsh'
[19.356s] Level 1:colcon.colcon_core.environment:create_file_with_runtime_dependencies(/home/csilab/turtlebot3_ws/install/dynamixel_sdk_examples/share/colcon-core/packages/dynamixel_sdk_examples)
[19.356s] DEBUG:colcon.colcon_parallel_executor.executor.parallel:closing loop
[19.356s] DEBUG:colcon.colcon_parallel_executor.executor.parallel:loop closed
[19.356s] DEBUG:colcon.colcon_parallel_executor.executor.parallel:run_until_complete finished with '0'
[19.356s] DEBUG:colcon.colcon_core.event_reactor:joining thread
[19.363s] INFO:colcon.colcon_core.plugin_system:Skipping extension 'colcon_notification.desktop_notification.terminal_notifier': Not used on non-Darwin systems
[19.364s] INFO:colcon.colcon_core.plugin_system:Skipping extension 'colcon_notification.desktop_notification.win32': Not used on non-Windows systems
[19.364s] INFO:colcon.colcon_notification.desktop_notification:Sending desktop notification using 'notify2'
[19.377s] DEBUG:colcon.colcon_core.event_reactor:joined thread
[19.378s] INFO:colcon.colcon_core.shell:Creating prefix script '/home/csilab/turtlebot3_ws/install/local_setup.ps1'
[19.379s] INFO:colcon.colcon_core.shell:Creating prefix util module '/home/csilab/turtlebot3_ws/install/_local_setup_util_ps1.py'
[19.380s] INFO:colcon.colcon_core.shell:Creating prefix chain script '/home/csilab/turtlebot3_ws/install/setup.ps1'
[19.382s] INFO:colcon.colcon_core.shell:Creating prefix script '/home/csilab/turtlebot3_ws/install/local_setup.sh'
[19.382s] INFO:colcon.colcon_core.shell:Creating prefix util module '/home/csilab/turtlebot3_ws/install/_local_setup_util_sh.py'
[19.383s] INFO:colcon.colcon_core.shell:Creating prefix chain script '/home/csilab/turtlebot3_ws/install/setup.sh'
[19.384s] INFO:colcon.colcon_core.shell:Creating prefix script '/home/csilab/turtlebot3_ws/install/local_setup.bash'
[19.385s] INFO:colcon.colcon_core.shell:Creating prefix chain script '/home/csilab/turtlebot3_ws/install/setup.bash'
[19.386s] INFO:colcon.colcon_core.shell:Creating prefix script '/home/csilab/turtlebot3_ws/install/local_setup.zsh'
[19.387s] INFO:colcon.colcon_core.shell:Creating prefix chain script '/home/csilab/turtlebot3_ws/install/setup.zsh'
